{"type": "FeatureCollection", "features": [{"type": "Feature", "id": 3091958569, "properties": {"leisure": "park", "name": "La Mulata"}, "geometry": {"type": "Point", "coordinates": [-75.5035407, 10.3654287]}}, {"type": "Feature", "id": 4022331518, "properties": {"leisure": "park", "name": "Mameyal"}, "geometry": {"type": "Point", "coordinates": [-75.4084686, 10.3178556]}}, {"type": "Feature", "id": 5667476800, "properties": {"leisure": "park", "name": "Parque Casa Cultural"}, "geometry": {"type": "Point", "coordinates": [-75.4575989, 10.4160282]}}, {"type": "Feature", "id": 11554303983, "properties": {"description": "Punto de descanso en ruta MTB y Senderismo turbaco", "leisure": "park", "name": "Mapache"}, "geometry": {"type": "Point", "coordinates": [-75.4439121, 10.3294418]}}, {"type": "Feature", "id": 11749190417, "properties": {"leisure": "park", "name": "Mi Casa"}, "geometry": {"type": "Point", "coordinates": [-75.4581984, 10.3809545]}}, {"type": "Feature", "id": 13285254498, "properties": {"addr:city": "Turbaco, Bolívar", "addr:postcode": "1317", "leisure": "park", "name": "Parque Urbanización Torrecilla", "operator": "Asotorrecilla", "operator:type": "pdo"}, "geometry": {"type": "Point", "coordinates": [-75.4272041, 10.3522842]}}, {"type": "Feature", "id": 13285302820, "properties": {"addr:city": "Turbaco, Bolívar", "leisure": "park", "name": "Taquilla Jardín Botánico", "opening_hours": "Tu-Fr 08:00-16:00", "operator": "Comfenalco", "operator:type": "private_non_profit"}, "geometry": {"type": "Point", "coordinates": [-75.4290262, 10.3524567]}}, {"type": "Feature", "id": 13285302821, "properties": {"addr:city": "Turbaco, Bolívar", "leisure": "park", "name": "Entrada Administrativa Jardín Botánico", "opening_hours": "Mo-Fr 08:00-17:00", "operator": "Fundación Jardín Botánico Guillermo Piñeres", "operator:type": "private_non_profit"}, "geometry": {"type": "Point", "coordinates": [-75.4289746, 10.3555142]}}, {"type": "Feature", "id": 13313569652, "properties": {"leisure": "park", "name": "Centro Recreacional Los Lagos"}, "geometry": {"type": "Point", "coordinates": [-75.4309706, 10.350548]}}, {"type": "Feature", "id": 25419975, "properties": {"barrier": "fence", "leisure": "park", "sport": "baseball"}, "geometry": {"type": "LineString", "coordinates": [[-75.5573032, 10.3960185], [-75.5570592, 10.396315], [-75.5570857, 10.3963407], [-75.5569119, 10.3965639], [-75.5564101, 10.3961345], [-75.5564148, 10.3960588], [-75.5564873, 10.3959798], [-75.5566318, 10.3958388], [-75.5568083, 10.3958001], [-75.556969, 10.3957858], [-75.5571079, 10.3958425], [-75.5572171, 10.3959307], [-75.5573032, 10.3960185]]}}, {"type": "Feature", "id": 25447599, "properties": {"leisure": "park", "name": "Parque de Bolívar", "tourism": "attraction", "wikipedia": "es:Parque de Bolívar (Cartagena de Indias)"}, "geometry": {"type": "LineString", "coordinates": [[-75.5514583, 10.4230526], [-75.5515131, 10.4231032], [-75.5514776, 10.4234498], [-75.551048, 10.4234903], [-75.5509987, 10.4229891], [-75.5514583, 10.4230526]]}}, {"type": "Feature", "id": 25447610, "properties": {"leisure": "park", "name": "Plaza del estudiante", "tourism": "attraction"}, "geometry": {"type": "LineString", "coordinates": [[-75.5495824, 10.4252525], [-75.5495764, 10.4254684], [-75.5495568, 10.4254676], [-75.5494449, 10.425463], [-75.5494445, 10.4252538], [-75.5495824, 10.4252525]]}}, {"type": "Feature", "id": 25814582, "properties": {"leisure": "park", "name": "Parque de la Marina"}, "geometry": {"type": "LineString", "coordinates": [[-75.5529315, 10.4213143], [-75.553121, 10.4217267], [-75.5533194, 10.421645], [-75.5533824, 10.4216108], [-75.5534077, 10.4215639], [-75.5534172, 10.4214925], [-75.5534139, 10.4214144], [-75.5528911, 10.4200068], [-75.5528404, 10.4199191], [-75.55278, 10.4198571], [-75.5527198, 10.4198125], [-75.5526526, 10.4197679], [-75.5525381, 10.4197175], [-75.5524894, 10.4197], [-75.5524319, 10.4196878], [-75.5523178, 10.4196825], [-75.5520461, 10.4196829], [-75.5520188, 10.4196853], [-75.551995, 10.4196911], [-75.5519739, 10.4197043], [-75.5519555, 10.4197183], [-75.5519142, 10.4197601], [-75.5515423, 10.420196], [-75.5507363, 10.4207648], [-75.5529315, 10.4213143]]}}, {"type": "Feature", "id": 25841724, "properties": {"leisure": "park", "name": "Parque Benkos Biojó"}, "geometry": {"type": "LineString", "coordinates": [[-75.545207, 10.4245014], [-75.5448438, 10.4246355], [-75.5446826, 10.4246951], [-75.5448306, 10.4250825], [-75.544849, 10.4251307], [-75.5450361, 10.4250616], [-75.5451176, 10.425275], [-75.5454548, 10.4251504], [-75.545207, 10.4245014]]}}, {"type": "Feature", "id": 25841728, "properties": {"addr:city": "Cartagena de Indias", "addr:street": "Avenida Daniel Lemaitre", "barrier": "fence", "leisure": "park", "name": "Parque Centenario"}, "geometry": {"type": "LineString", "coordinates": [[-75.5464558, 10.4222133], [-75.5464588, 10.4221783], [-75.546483, 10.4221378], [-75.5465138, 10.4221177], [-75.5469937, 10.4220657], [-75.5475119, 10.4220088], [-75.5476671, 10.4220295], [-75.54838, 10.4226732], [-75.5483986, 10.4227104], [-75.5483981, 10.4227387], [-75.5483815, 10.4227715], [-75.5483596, 10.4227887], [-75.5474977, 10.4231412], [-75.5474693, 10.423077], [-75.54746, 10.4230807], [-75.5466261, 10.4234076], [-75.5465299, 10.4234482], [-75.5464904, 10.4234819], [-75.5464417, 10.4234476], [-75.5464435, 10.4228731], [-75.5464787, 10.4228769], [-75.5464806, 10.4228241], [-75.5464821, 10.4227837], [-75.5464419, 10.4227794], [-75.5464558, 10.4222133]]}}, {"type": "Feature", "id": 27186046, "properties": {"leisure": "park", "name": "Parque Navas"}, "geometry": {"type": "LineString", "coordinates": [[-75.5527858, 10.4032221], [-75.5524486, 10.4029605], [-75.5520514, 10.4039155], [-75.5521538, 10.403994], [-75.5525033, 10.4035858], [-75.5527858, 10.4032221]]}}, {"type": "Feature", "id": 27186059, "properties": {"leisure": "park", "name": "Parque Coral Gables"}, "geometry": {"type": "LineString", "coordinates": [[-75.5537954, 10.4007524], [-75.5531492, 10.400212], [-75.553589, 10.3996918], [-75.5542178, 10.4002895], [-75.5537954, 10.4007524]]}}, {"type": "Feature", "id": 27186077, "properties": {"leisure": "park"}, "geometry": {"type": "LineString", "coordinates": [[-75.5546913, 10.3985408], [-75.5550638, 10.3982056], [-75.5547074, 10.397806], [-75.5547555, 10.3980667], [-75.5547428, 10.3982811], [-75.5546913, 10.3985408]]}}, {"type": "Feature", "id": 27186112, "properties": {"leisure": "park", "name": "Parque de Castillogrande"}, "geometry": {"type": "LineString", "coordinates": [[-75.5465665, 10.3925654], [-75.5473743, 10.3913236], [-75.5475695, 10.390999], [-75.5475809, 10.3909461], [-75.5475194, 10.3909291], [-75.5473103, 10.3909406], [-75.5472211, 10.3909825], [-75.5463262, 10.3923037], [-75.5463726, 10.3923794], [-75.5464383, 10.3924424], [-75.546512, 10.3925244], [-75.5465519, 10.3925544], [-75.5465665, 10.3925654]]}}, {"type": "Feature", "id": 27186123, "properties": {"leisure": "park"}, "geometry": {"type": "LineString", "coordinates": [[-75.5610364, 10.398893], [-75.5611033, 10.3989851], [-75.5614371, 10.3986083], [-75.5613077, 10.3987036], [-75.5611627, 10.3987842], [-75.5611007, 10.3988394], [-75.5610364, 10.398893]]}}, {"type": "Feature", "id": 27186124, "properties": {"leisure": "park"}, "geometry": {"type": "LineString", "coordinates": [[-75.5610621, 10.3990706], [-75.5610131, 10.3991266], [-75.5607118, 10.3993419], [-75.5602337, 10.3986751], [-75.5603999, 10.3985724], [-75.5604947, 10.3985696], [-75.5605839, 10.3985795], [-75.5606706, 10.3986045], [-75.5607451, 10.3986369], [-75.5610621, 10.3990706]]}}, {"type": "Feature", "id": 27186125, "properties": {"leisure": "park", "name": "Parque Flanagan"}, "geometry": {"type": "LineString", "coordinates": [[-75.5605041, 10.3982913], [-75.5601585, 10.3985421], [-75.5597175, 10.3979545], [-75.5597317, 10.3979442], [-75.5600631, 10.3977036], [-75.5605041, 10.3982913]]}}, {"type": "Feature", "id": 49600262, "properties": {"leisure": "park", "name": "Parque Chambacú"}, "geometry": {"type": "LineString", "coordinates": [[-75.5407511, 10.4276077], [-75.5406662, 10.4274629], [-75.5406721, 10.4273577], [-75.5409766, 10.427006], [-75.541066, 10.4269144], [-75.541171, 10.4268483], [-75.5413373, 10.4268382], [-75.541683, 10.427097], [-75.5418215, 10.4271904], [-75.5420911, 10.4273414], [-75.5423041, 10.427429], [-75.5425438, 10.4274961], [-75.5427459, 10.4275125], [-75.5428146, 10.4275122], [-75.5428433, 10.427513], [-75.5429671, 10.4275123], [-75.5430367, 10.4275045], [-75.5431545, 10.4274831], [-75.5434463, 10.4274377], [-75.5436697, 10.4273244], [-75.5439079, 10.4271749], [-75.5439746, 10.4272409], [-75.5440108, 10.4272883], [-75.5440808, 10.4273351], [-75.5440858, 10.4273849], [-75.5441396, 10.4274252], [-75.5442419, 10.4275815], [-75.544303, 10.4278479], [-75.5442507, 10.427967], [-75.5440067, 10.4282164], [-75.5438637, 10.428267], [-75.543568, 10.4282928], [-75.5434595, 10.4283011], [-75.5433785, 10.4283519], [-75.5432448, 10.428563], [-75.5428068, 10.428881], [-75.5424713, 10.4292768], [-75.5423352, 10.4293452], [-75.5420183, 10.4293589], [-75.5419366, 10.4294489], [-75.5418227, 10.4295514], [-75.5417923, 10.4297088], [-75.5417714, 10.4298446], [-75.5416103, 10.4299014], [-75.5414825, 10.4299821], [-75.5412868, 10.4300096], [-75.5411517, 10.4299363], [-75.5409141, 10.4299638], [-75.540751, 10.4299271], [-75.5405718, 10.4299727], [-75.5404622, 10.430005], [-75.5403005, 10.4302095], [-75.5401493, 10.4304008], [-75.5395162, 10.4307986], [-75.5393905, 10.4309673], [-75.5392042, 10.4311277], [-75.5390667, 10.4312623], [-75.5389451, 10.4311456], [-75.5393055, 10.4308129], [-75.539766, 10.4304571], [-75.5400679, 10.4302659], [-75.5401658, 10.4298354], [-75.5414722, 10.4297523], [-75.5410954, 10.4291289], [-75.5415819, 10.4287169], [-75.5407511, 10.4276077]]}}, {"type": "Feature", "id": 49619910, "properties": {"leisure": "park", "name": "Parque de Manga"}, "geometry": {"type": "LineString", "coordinates": [[-75.5424759, 10.416075], [-75.5419295, 10.4156777], [-75.5418917, 10.4157232], [-75.5418689, 10.4157843], [-75.5418925, 10.4163482], [-75.5424759, 10.416075]]}}, {"type": "Feature", "id": 54781704, "properties": {"leisure": "park", "name": "Parque de Santa Teresa"}, "geometry": {"type": "LineString", "coordinates": [[-75.5527917, 10.4220372], [-75.5527423, 10.4218451], [-75.5526727, 10.4218274], [-75.5524199, 10.4218454], [-75.5524119, 10.4219924], [-75.5527917, 10.4220372]]}}, {"type": "Feature", "id": 54976571, "properties": {"leisure": "park"}, "geometry": {"type": "LineString", "coordinates": [[-75.5433734, 10.414661], [-75.5433972, 10.4145731], [-75.5433972, 10.414501], [-75.5433825, 10.4144316], [-75.5433639, 10.4143753], [-75.5433299, 10.4143532], [-75.5432773, 10.4143806], [-75.5429932, 10.4146835], [-75.5430722, 10.4147386], [-75.5430883, 10.4150169], [-75.5431229, 10.4150481], [-75.5433734, 10.414661]]}}, {"type": "Feature", "id": 94585567, "properties": {"leisure": "park"}, "geometry": {"type": "LineString", "coordinates": [[-75.4772292, 10.3917892], [-75.4769057, 10.3921605], [-75.477184, 10.3923951], [-75.4774628, 10.3920752], [-75.4773414, 10.3919728], [-75.4773473, 10.3919661], [-75.477305, 10.3919304], [-75.4773439, 10.3918858], [-75.4772292, 10.3917892]]}}, {"type": "Feature", "id": 94585569, "properties": {"leisure": "park"}, "geometry": {"type": "LineString", "coordinates": [[-75.4778873, 10.3923272], [-75.4777474, 10.392495], [-75.4777052, 10.392461], [-75.4776502, 10.3925269], [-75.4776922, 10.3925608], [-75.4775676, 10.3927102], [-75.4773479, 10.3925328], [-75.477347, 10.3924911], [-75.4776216, 10.392162], [-75.4776707, 10.3921524], [-75.4778873, 10.3923272]]}}, {"type": "Feature", "id": 95164482, "properties": {"leisure": "park", "name": "Parque Relojo Solar"}, "geometry": {"type": "LineString", "coordinates": [[-75.5409502, 10.421583], [-75.5404799, 10.4212851], [-75.5405864, 10.4208316], [-75.5409502, 10.421583]]}}, {"type": "Feature", "id": 96093831, "properties": {"leisure": "park", "name": "Parque de La Iglesia de Los Alpes"}, "geometry": {"type": "LineString", "coordinates": [[-75.4826187, 10.3955394], [-75.482466, 10.3953929], [-75.4812828, 10.3965861], [-75.4814355, 10.3967326], [-75.4826187, 10.3955394]]}}, {"type": "Feature", "id": 99322434, "properties": {"leisure": "park", "tourism": "zoo", "zoo": "wildlife_park"}, "geometry": {"type": "LineString", "coordinates": [[-75.5279672, 10.4056059], [-75.5279755, 10.4054365], [-75.5279564, 10.4052896], [-75.5280482, 10.4047901], [-75.5281409, 10.4047947], [-75.5281486, 10.4047233], [-75.528256, 10.4047046], [-75.5282872, 10.4047111], [-75.5283569, 10.4047123], [-75.5284357, 10.4047075], [-75.5284785, 10.4046931], [-75.5285279, 10.4047035], [-75.5286486, 10.4047354], [-75.5287019, 10.4047417], [-75.5287643, 10.4047501], [-75.5288875, 10.4047914], [-75.5289171, 10.4047966], [-75.5289163, 10.4048229], [-75.528917, 10.4048432], [-75.5288509, 10.404836], [-75.5287634, 10.4056122], [-75.5286963, 10.4056992], [-75.5283773, 10.4058149], [-75.5282298, 10.4058492], [-75.5279991, 10.4057727], [-75.5279672, 10.4056059]]}}, {"type": "Feature", "id": 109816239, "properties": {"leisure": "park"}, "geometry": {"type": "LineString", "coordinates": [[-75.4890081, 10.3939564], [-75.4890815, 10.3938114], [-75.4891056, 10.3938232], [-75.48918, 10.3938597], [-75.4892498, 10.3938938], [-75.4893187, 10.3939276], [-75.4893937, 10.3939643], [-75.4893574, 10.3940362], [-75.4893204, 10.3941093], [-75.4892534, 10.3940765], [-75.4891764, 10.3940388], [-75.4890081, 10.3939564]]}}, {"type": "Feature", "id": 114506046, "properties": {"leisure": "park", "name": "El Pozo"}, "geometry": {"type": "LineString", "coordinates": [[-75.5457086, 10.4192644], [-75.5456054, 10.4191974], [-75.5457704, 10.4190502], [-75.5457086, 10.4192644]]}}, {"type": "Feature", "id": 118457159, "properties": {"leisure": "park", "source": "bing"}, "geometry": {"type": "LineString", "coordinates": [[-75.4988647, 10.3784602], [-75.4985852, 10.3783354], [-75.4985353, 10.3783482], [-75.4985016, 10.3783543], [-75.4980315, 10.3781539], [-75.4980633, 10.378092], [-75.4979401, 10.3780362], [-75.4979229, 10.3780346], [-75.4979022, 10.3780404], [-75.4978842, 10.378051], [-75.4978669, 10.3780645], [-75.4978228, 10.3781609], [-75.4978691, 10.3781822], [-75.497776, 10.3783775], [-75.4977635, 10.3783717], [-75.4977298, 10.3783562], [-75.497336, 10.3792003], [-75.4975936, 10.3793168], [-75.4972578, 10.3800233], [-75.4976676, 10.3802185], [-75.4976895, 10.3801719], [-75.4980075, 10.3803162], [-75.4981723, 10.3799478], [-75.4981242, 10.3799277], [-75.4982613, 10.3796106], [-75.49831, 10.3796293], [-75.4988647, 10.3784602]]}}, {"type": "Feature", "id": 118540925, "properties": {"addr:city": "Cartagena de indias", "addr:postcode": "130011", "addr:street": "Transversal 56", "leisure": "park"}, "geometry": {"type": "LineString", "coordinates": [[-75.4917004, 10.388101], [-75.4915871, 10.3881946], [-75.4914662, 10.3882945], [-75.4914418, 10.3881628], [-75.4914284, 10.3880899], [-75.4915303, 10.3880667], [-75.491649, 10.3880401], [-75.491673, 10.3880685], [-75.4917004, 10.388101]]}}, {"type": "Feature", "id": 119717438, "properties": {"leisure": "park", "name": "Parque Apolo"}, "geometry": {"type": "LineString", "coordinates": [[-75.5443252, 10.4307382], [-75.5446458, 10.4305478], [-75.5446585, 10.4304629], [-75.544263, 10.429896], [-75.5431929, 10.4307872], [-75.5435511, 10.4312928], [-75.5438174, 10.4311316], [-75.5438221, 10.4310894], [-75.5443297, 10.4307834], [-75.5443252, 10.4307382]]}}, {"type": "Feature", "id": 133810488, "properties": {"leisure": "park", "source": "bing"}, "geometry": {"type": "LineString", "coordinates": [[-75.4576274, 10.416112], [-75.4575648, 10.4161064], [-75.4575022, 10.4160527], [-75.4574543, 10.4160784], [-75.457558, 10.4164491], [-75.457706, 10.416317], [-75.4576274, 10.416112]]}}, {"type": "Feature", "id": 133810489, "properties": {"leisure": "park", "source": "bing"}, "geometry": {"type": "LineString", "coordinates": [[-75.4578722, 10.4161781], [-75.4577937, 10.4160695], [-75.4577584, 10.4159832], [-75.4576992, 10.4159978], [-75.4576957, 10.4160583], [-75.4576559, 10.4161098], [-75.457731, 10.4162934], [-75.4578722, 10.4161781]]}}, {"type": "Feature", "id": 133810490, "properties": {"leisure": "park", "source": "bing"}, "geometry": {"type": "LineString", "coordinates": [[-75.4575967, 10.4159104], [-75.4575728, 10.4158645], [-75.4576012, 10.4158376], [-75.4576092, 10.4157928], [-75.4576695, 10.4157749], [-75.4577413, 10.4159519], [-75.4576889, 10.4159687], [-75.4576593, 10.4159183], [-75.4575967, 10.4159104]]}}, {"type": "Feature", "id": 133810491, "properties": {"leisure": "park", "source": "bing"}, "geometry": {"type": "LineString", "coordinates": [[-75.4575557, 10.4159138], [-75.457509, 10.4159597], [-75.4574965, 10.4160258], [-75.4574475, 10.4160403], [-75.4573963, 10.4158432], [-75.4574578, 10.4158309], [-75.4574874, 10.4158623], [-75.457534, 10.4158656], [-75.4575591, 10.415888], [-75.4575557, 10.4159138]]}}, {"type": "Feature", "id": 137485910, "properties": {"leisure": "park"}, "geometry": {"type": "LineString", "coordinates": [[-75.472997, 10.3860259], [-75.4727808, 10.3859004], [-75.4729482, 10.3856213], [-75.4731644, 10.3857466], [-75.472997, 10.3860259]]}}, {"type": "Feature", "id": 168938954, "properties": {"leisure": "park", "name": "Parque"}, "geometry": {"type": "LineString", "coordinates": [[-75.491529, 10.4796183], [-75.4914045, 10.4800416], [-75.4915935, 10.4801489], [-75.4917165, 10.4799468], [-75.4916219, 10.479888], [-75.4916354, 10.4798636], [-75.4915914, 10.479831], [-75.4916738, 10.4796712], [-75.4915871, 10.4796167], [-75.491529, 10.4796183]]}}, {"type": "Feature", "id": 183795257, "properties": {"leisure": "park", "name": "Parque Museo Naval", "source": "bing"}, "geometry": {"type": "LineString", "coordinates": [[-75.5522143, 10.4215495], [-75.5522023, 10.4216236], [-75.5521663, 10.4218386], [-75.5522482, 10.421834], [-75.5525737, 10.421808], [-75.5526713, 10.4217992], [-75.5527291, 10.4218112], [-75.5527846, 10.421828], [-75.5528379, 10.4218024], [-75.5526008, 10.4217567], [-75.5526094, 10.4216701], [-75.552456, 10.4216408], [-75.5524667, 10.4215241], [-75.5523418, 10.4214988], [-75.5522283, 10.4214745], [-75.5522143, 10.4215495]]}}, {"type": "Feature", "id": 185399232, "properties": {"leisure": "park", "name": "Parque India Catalina", "source": "bing"}, "geometry": {"type": "LineString", "coordinates": [[-75.5440096, 10.4246751], [-75.5440495, 10.4247382], [-75.5445199, 10.4259912], [-75.5445262, 10.4261048], [-75.5444582, 10.4262646], [-75.5443619, 10.4264386], [-75.5442889, 10.4265705], [-75.5441388, 10.4267231], [-75.5438858, 10.4268848], [-75.5438538, 10.4268401], [-75.5438234, 10.4267677], [-75.5437894, 10.4267163], [-75.5437746, 10.4266778], [-75.543784, 10.4266592], [-75.5438086, 10.4266338], [-75.5438, 10.4266036], [-75.5437324, 10.4266181], [-75.5437139, 10.4265915], [-75.5437135, 10.4265578], [-75.5436786, 10.4265367], [-75.5436353, 10.4265251], [-75.5435858, 10.4265304], [-75.5435245, 10.4263894], [-75.5436854, 10.4262791], [-75.5437484, 10.4261755], [-75.5439049, 10.4261313], [-75.5442039, 10.4261452], [-75.5442753, 10.4260905], [-75.5443004, 10.4260594], [-75.5443129, 10.4260156], [-75.5442666, 10.4258755], [-75.5442441, 10.4258844], [-75.5442155, 10.4258698], [-75.5441676, 10.4258212], [-75.5440426, 10.4255233], [-75.5440747, 10.4254492], [-75.5440918, 10.4254427], [-75.5439217, 10.4250254], [-75.5438533, 10.4249568], [-75.5437016, 10.4248951], [-75.5436229, 10.4248802], [-75.5435993, 10.4248317], [-75.5435929, 10.4247747], [-75.5435876, 10.4247065], [-75.5436146, 10.4246799], [-75.5437146, 10.42463], [-75.5437193, 10.4246781], [-75.5437338, 10.4246887], [-75.5438044, 10.4246678], [-75.5438292, 10.4246604], [-75.5439313, 10.4246505], [-75.5439498, 10.4246787], [-75.5439602, 10.4247021], [-75.5440096, 10.4246751]]}}, {"type": "Feature", "id": 185459988, "properties": {"leisure": "park"}, "geometry": {"type": "LineString", "coordinates": [[-75.5467134, 10.4248502], [-75.546264, 10.4250325], [-75.5463167, 10.4251582], [-75.5467134, 10.4248502]]}}, {"type": "Feature", "id": 191843388, "properties": {"leisure": "park"}, "geometry": {"type": "LineString", "coordinates": [[-75.4960288, 10.3868408], [-75.495921, 10.3867054], [-75.4957878, 10.3868081], [-75.4958956, 10.3869434], [-75.4960288, 10.3868408]]}}, {"type": "Feature", "id": 191843390, "properties": {"leisure": "park"}, "geometry": {"type": "LineString", "coordinates": [[-75.4958795, 10.3856087], [-75.4959476, 10.3856552], [-75.4960475, 10.3857844], [-75.4965505, 10.3854029], [-75.4959976, 10.3853383], [-75.4958795, 10.3856087]]}}, {"type": "Feature", "id": 191843558, "properties": {"leisure": "park"}, "geometry": {"type": "LineString", "coordinates": [[-75.4952385, 10.382919], [-75.4958165, 10.3831895], [-75.4961658, 10.3824612], [-75.495857, 10.3823302], [-75.4958281, 10.3823785], [-75.4957777, 10.3824156], [-75.4957093, 10.3824609], [-75.4956558, 10.3824897], [-75.495594, 10.3825071], [-75.4955193, 10.3825049], [-75.4954637, 10.3825149], [-75.4953913, 10.3825532], [-75.4953294, 10.3825922], [-75.495285, 10.3826441], [-75.495209, 10.3827465], [-75.4951327, 10.3828695], [-75.4952385, 10.382919]]}}, {"type": "Feature", "id": 191843693, "properties": {"leisure": "park"}, "geometry": {"type": "LineString", "coordinates": [[-75.4984594, 10.379952], [-75.4983727, 10.3801358], [-75.4981767, 10.3800464], [-75.4982633, 10.3798626], [-75.4984594, 10.379952]]}}, {"type": "Feature", "id": 191843694, "properties": {"leisure": "park"}, "geometry": {"type": "LineString", "coordinates": [[-75.5005292, 10.3811477], [-75.5006242, 10.3809279], [-75.5003438, 10.3808029], [-75.5005183, 10.3804115], [-75.5002343, 10.3802906], [-75.5001692, 10.3803115], [-75.4999591, 10.3803973], [-75.5005292, 10.3819365], [-75.5008091, 10.3812818], [-75.5005292, 10.3811477]]}}, {"type": "Feature", "id": 232230206, "properties": {"leisure": "park", "name": "Parque de Bruselas", "source": "bing"}, "geometry": {"type": "LineString", "coordinates": [[-75.5188778, 10.4048934], [-75.518678, 10.404368], [-75.5181987, 10.4045004], [-75.5183546, 10.4050657], [-75.5188778, 10.4048934]]}}, {"type": "Feature", "id": 304623403, "properties": {"leisure": "park"}, "geometry": {"type": "LineString", "coordinates": [[-75.5034956, 10.365613], [-75.5036298, 10.3655049], [-75.5035707, 10.3653914], [-75.503528, 10.3653821], [-75.5034262, 10.365422], [-75.503332, 10.3654838], [-75.5034179, 10.3656421], [-75.5034956, 10.365613]]}}, {"type": "Feature", "id": 336715700, "properties": {"leisure": "park"}, "geometry": {"type": "LineString", "coordinates": [[-75.5033302, 10.3672048], [-75.503324, 10.3671795], [-75.5032632, 10.3670185], [-75.5031656, 10.3671124], [-75.5033302, 10.3672048]]}}, {"type": "Feature", "id": 356132861, "properties": {"addr:city": "Cartagena de indias", "addr:street": "Los Caracoles", "leisure": "park", "name": "Zona recreativa Los Caracoles"}, "geometry": {"type": "LineString", "coordinates": [[-75.4938697, 10.3897331], [-75.4932549, 10.3890516], [-75.4940493, 10.3882501], [-75.4944387, 10.3878762], [-75.4949037, 10.3874222], [-75.4949222, 10.3875245], [-75.4949336, 10.3875895], [-75.4949445, 10.3876506], [-75.4949559, 10.3877149], [-75.4949666, 10.3877755], [-75.4949775, 10.3878381], [-75.4949877, 10.3878963], [-75.4949978, 10.3879546], [-75.4950095, 10.3880224], [-75.4945361, 10.3881912], [-75.4945686, 10.3882759], [-75.4943741, 10.3883244], [-75.4943566, 10.3883923], [-75.4940917, 10.3886353], [-75.4941505, 10.3887168], [-75.4941891, 10.3887996], [-75.4942234, 10.3889361], [-75.4942398, 10.3890357], [-75.4942301, 10.3891099], [-75.494137, 10.3893488], [-75.493967, 10.38951], [-75.4939129, 10.3895282], [-75.4938697, 10.3897331]]}}, {"type": "Feature", "id": 356132953, "properties": {"addr:street": "Diagonal 47", "leisure": "park", "name": "Parque la troncal"}, "geometry": {"type": "LineString", "coordinates": [[-75.4930059, 10.3926439], [-75.4929495, 10.392308], [-75.4930268, 10.3922953], [-75.4930416, 10.3923828], [-75.4930564, 10.3924707], [-75.4930706, 10.3925544], [-75.4930839, 10.3926334], [-75.4930059, 10.3926439]]}}, {"type": "Feature", "id": 356133008, "properties": {"leisure": "park", "name": "Parque La Troncal"}, "geometry": {"type": "LineString", "coordinates": [[-75.4943531, 10.3933954], [-75.493615, 10.3935518], [-75.4935463, 10.3932379], [-75.4942845, 10.3930817], [-75.4943531, 10.3933954]]}}, {"type": "Feature", "id": 440873727, "properties": {"addr:city": "cartagena", "addr:street": "Diagonal 32", "leisure": "park", "name": "Parque del Recreo"}, "geometry": {"type": "LineString", "coordinates": [[-75.4699149, 10.3903686], [-75.4696964, 10.3906812], [-75.469539, 10.3905623], [-75.4693799, 10.3904108], [-75.4695891, 10.3901457], [-75.4699149, 10.3903686]]}}, {"type": "Feature", "id": 441102085, "properties": {"addr:housenumber": "carrera 80 A", "addr:street": "Diagonal 31F", "leisure": "park", "name": "Parque de Barú"}, "geometry": {"type": "LineString", "coordinates": [[-75.472399, 10.3902308], [-75.4721577, 10.3905933], [-75.4723873, 10.3907411], [-75.4726286, 10.3903787], [-75.472399, 10.3902308]]}}, {"type": "Feature", "id": 441102255, "properties": {"addr:city": "cartagena", "addr:housenumber": "carerra 72", "addr:street": "Diagonal 31C", "leisure": "park", "name": "Parque de Sevilla"}, "geometry": {"type": "LineString", "coordinates": [[-75.4744719, 10.3890496], [-75.4742694, 10.3893689], [-75.4738298, 10.3890916], [-75.4739159, 10.3889564], [-75.474039, 10.3887657], [-75.4744719, 10.3890496]]}}, {"type": "Feature", "id": 448834281, "properties": {"leisure": "park", "name": "El Guarapero"}, "geometry": {"type": "LineString", "coordinates": [[-75.4584479, 10.4065165], [-75.4583558, 10.4065946], [-75.4584601, 10.4067137], [-75.4585523, 10.4066356], [-75.4584479, 10.4065165]]}}, {"type": "Feature", "id": 498337868, "properties": {"leisure": "park"}, "geometry": {"type": "LineString", "coordinates": [[-75.4528999, 10.3927758], [-75.4531521, 10.3922257], [-75.452567, 10.3919702], [-75.452334, 10.3924843], [-75.452342, 10.3925103], [-75.4528999, 10.3927758]]}}, {"type": "Feature", "id": 506234107, "properties": {"leisure": "park"}, "geometry": {"type": "LineString", "coordinates": [[-75.4531859, 10.3818677], [-75.4530872, 10.3819881], [-75.4542343, 10.3828421], [-75.4542623, 10.3828072], [-75.4531859, 10.3818677]]}}, {"type": "Feature", "id": 506234108, "properties": {"leisure": "park"}, "geometry": {"type": "LineString", "coordinates": [[-75.4531394, 10.3818396], [-75.4529233, 10.38166], [-75.4526483, 10.3814321], [-75.4522702, 10.3811985], [-75.452178, 10.3813641], [-75.4525395, 10.3815765], [-75.4528148, 10.3817912], [-75.4530385, 10.3819612], [-75.4531394, 10.3818396]]}}, {"type": "Feature", "id": 526546378, "properties": {"leisure": "park"}, "geometry": {"type": "LineString", "coordinates": [[-75.4563527, 10.5328034], [-75.4563313, 10.5327164], [-75.4562722, 10.5327322], [-75.456291, 10.5328166], [-75.4563527, 10.5328034]]}}, {"type": "Feature", "id": 526546379, "properties": {"leisure": "park"}, "geometry": {"type": "LineString", "coordinates": [[-75.4561918, 10.532872], [-75.4559209, 10.532901], [-75.4559048, 10.5327032], [-75.4561757, 10.5326769], [-75.4561918, 10.532872]]}}, {"type": "Feature", "id": 526546380, "properties": {"leisure": "park"}, "geometry": {"type": "LineString", "coordinates": [[-75.4585816, 10.5324839], [-75.4586078, 10.5321489], [-75.4582359, 10.5321208], [-75.4582098, 10.5324558], [-75.4585816, 10.5324839]]}}, {"type": "Feature", "id": 526546381, "properties": {"leisure": "park"}, "geometry": {"type": "LineString", "coordinates": [[-75.4575262, 10.5323486], [-75.4575369, 10.532218], [-75.4572821, 10.532193], [-75.4572861, 10.5321666], [-75.4571694, 10.5321574], [-75.4571708, 10.5321877], [-75.4571024, 10.5321824], [-75.4570972, 10.5322797], [-75.4571698, 10.5322846], [-75.4571674, 10.5323736], [-75.4572727, 10.5323802], [-75.4572821, 10.5323314], [-75.4575262, 10.5323486]]}}, {"type": "Feature", "id": 550741521, "properties": {"description": "creado para pasar un tiempo libre y poder relajarse en el ", "leisure": "park"}, "geometry": {"type": "LineString", "coordinates": [[-75.485183, 10.3770469], [-75.4843428, 10.376952], [-75.4843823, 10.3767792], [-75.4852238, 10.3768847], [-75.485183, 10.3770469]]}}, {"type": "Feature", "id": 550747128, "properties": {"leisure": "park"}, "geometry": {"type": "LineString", "coordinates": [[-75.483879, 10.3778251], [-75.4838984, 10.3776442], [-75.4834411, 10.3775586], [-75.4834093, 10.377963], [-75.4836814, 10.377983], [-75.4836881, 10.377798], [-75.483879, 10.3778251]]}}, {"type": "Feature", "id": 550922707, "properties": {"leisure": "park", "name": "Parque Alcatraces"}, "geometry": {"type": "LineString", "coordinates": [[-75.5483767, 10.4296906], [-75.5485112, 10.4296347], [-75.5486069, 10.4295858], [-75.5487132, 10.4295413], [-75.5488976, 10.4294851], [-75.5490309, 10.4294217], [-75.5491114, 10.4293547], [-75.5491732, 10.4292995], [-75.5492418, 10.429233], [-75.5493094, 10.4291528], [-75.5493947, 10.4290183], [-75.5494627, 10.4288957], [-75.5495272, 10.4287808], [-75.5494656, 10.4287409], [-75.5490035, 10.4290469], [-75.5483702, 10.4295138], [-75.5483767, 10.4296906]]}}, {"type": "Feature", "id": 551128022, "properties": {"leisure": "park", "name": "Parque Maria Mulata"}, "geometry": {"type": "LineString", "coordinates": [[-75.5509309, 10.4150609], [-75.5507808, 10.4149489], [-75.5507091, 10.4148704], [-75.5506812, 10.4148526], [-75.5506587, 10.4148297], [-75.5506396, 10.4147976], [-75.5506296, 10.4147617], [-75.5506284, 10.4147346], [-75.550511, 10.4146468], [-75.5503311, 10.4143441], [-75.5503413, 10.4143243], [-75.5503501, 10.4143074], [-75.5509283, 10.4143457], [-75.5509989, 10.4144035], [-75.5510304, 10.4144816], [-75.5510145, 10.4145668], [-75.5510095, 10.4145938], [-75.5509309, 10.4150609]]}}, {"type": "Feature", "id": 558022315, "properties": {"leisure": "park", "name": "Parque Espiritu del Manglar"}, "geometry": {"type": "LineString", "coordinates": [[-75.5421394, 10.4274618], [-75.5418229, 10.427285], [-75.5417766, 10.4273338], [-75.5416674, 10.4273716], [-75.5414388, 10.4273338], [-75.5411118, 10.4270652], [-75.5409034, 10.4273055], [-75.5411945, 10.4275459], [-75.5416003, 10.4276781], [-75.5418532, 10.4275941], [-75.5421394, 10.4274618]]}}, {"type": "Feature", "id": 558062271, "properties": {"leisure": "park"}, "geometry": {"type": "LineString", "coordinates": [[-75.5175869, 10.4476728], [-75.5174736, 10.4476636], [-75.5175017, 10.4474394], [-75.5175869, 10.4474512], [-75.5175815, 10.4475541], [-75.5175869, 10.4476728]]}}, {"type": "Feature", "id": 558063478, "properties": {"alt_name": "Parque Lineal de Crespo", "leisure": "park", "name": "Parque Lineal Malecon de Crespo"}, "geometry": {"type": "LineString", "coordinates": [[-75.52767, 10.442181], [-75.5277773, 10.4419805], [-75.5276458, 10.441788], [-75.5273106, 10.4420333], [-75.5270155, 10.4423261], [-75.5268841, 10.4427323], [-75.526294, 10.4431385], [-75.5254572, 10.4436476], [-75.5246284, 10.4442332], [-75.5237298, 10.4448953], [-75.5233945, 10.4450773], [-75.523019, 10.4452777], [-75.5225389, 10.4456602], [-75.5220749, 10.4460348], [-75.5218791, 10.4462326], [-75.5217101, 10.4464885], [-75.5215948, 10.4466626], [-75.5214794, 10.4468076], [-75.5212595, 10.4469316], [-75.5206238, 10.4473194], [-75.5202537, 10.4475436], [-75.5197575, 10.447934], [-75.5192318, 10.4483797], [-75.5187785, 10.4488202], [-75.5183654, 10.4492924], [-75.5180757, 10.4496115], [-75.5176358, 10.4501549], [-75.5173462, 10.4504292], [-75.5170592, 10.4506376], [-75.5168312, 10.4508381], [-75.5168258, 10.4509489], [-75.5169626, 10.451028], [-75.5171343, 10.451028], [-75.5173247, 10.4509357], [-75.5176117, 10.450693], [-75.517829, 10.4504979], [-75.5182286, 10.4501233], [-75.5194678, 10.4489376], [-75.5196368, 10.4491103], [-75.5205031, 10.4483059], [-75.5214553, 10.4474671], [-75.5218086, 10.4472223], [-75.5219944, 10.4469923], [-75.5227482, 10.4463909], [-75.5236413, 10.4456813], [-75.5234804, 10.445494], [-75.5239927, 10.4450456], [-75.524505, 10.444679], [-75.5250334, 10.4442886], [-75.5255698, 10.4438138], [-75.5260097, 10.4434867], [-75.5266454, 10.4429908], [-75.5270531, 10.4426927], [-75.5275171, 10.4423313], [-75.52767, 10.442181]]}}, {"type": "Feature", "id": 594320726, "properties": {"leisure": "park"}, "geometry": {"type": "LineString", "coordinates": [[-75.4560945, 10.4061666], [-75.455972, 10.4059353], [-75.4558236, 10.4060128], [-75.4559462, 10.4062504], [-75.4560174, 10.4062103], [-75.4560945, 10.4061666]]}}, {"type": "Feature", "id": 594320728, "properties": {"leisure": "park", "name": "parque cultural"}, "geometry": {"type": "LineString", "coordinates": [[-75.4575293, 10.4165008], [-75.4579062, 10.4161789], [-75.4576832, 10.4157507], [-75.4573753, 10.4158134], [-75.4575293, 10.4165008]]}}, {"type": "Feature", "id": 599488254, "properties": {"leisure": "park", "name": "Vivarium del Caribe"}, "geometry": {"type": "LineString", "coordinates": [[-75.4178558, 10.5394755], [-75.4176788, 10.5407728], [-75.4176681, 10.5410893], [-75.4176037, 10.5413266], [-75.4174857, 10.54197], [-75.4174427, 10.5422917], [-75.4173569, 10.5425449], [-75.4172925, 10.5427927], [-75.4173408, 10.5429509], [-75.4175634, 10.5429167], [-75.4176573, 10.5426029], [-75.4177271, 10.5424605], [-75.4178612, 10.5423814], [-75.4179577, 10.5422759], [-75.4179899, 10.5420966], [-75.4179899, 10.5419489], [-75.4179631, 10.5416799], [-75.4179577, 10.541527], [-75.4180006, 10.5414004], [-75.4181079, 10.5411156], [-75.4181777, 10.5409047], [-75.4182152, 10.5407465], [-75.4183493, 10.5402929], [-75.4185049, 10.5400661], [-75.4185693, 10.5396178], [-75.4185585, 10.5394702], [-75.4178558, 10.5394755]]}}, {"type": "Feature", "id": 607763366, "properties": {"leisure": "park"}, "geometry": {"type": "LineString", "coordinates": [[-75.4841566, 10.39795], [-75.4841426, 10.3977906], [-75.4840024, 10.3978046], [-75.4841566, 10.39795]]}}, {"type": "Feature", "id": 610822222, "properties": {"leisure": "park", "name": "Nuevo Parque de Santa Lucía"}, "geometry": {"type": "LineString", "coordinates": [[-75.4809281, 10.3930495], [-75.4807495, 10.3929856], [-75.4805618, 10.3929186], [-75.4806941, 10.3925395], [-75.4809379, 10.3926284], [-75.4809739, 10.3930274], [-75.4809281, 10.3930495]]}}, {"type": "Feature", "id": 610822224, "properties": {"leisure": "park", "name": "Viejo Parque de Santa Lucía"}, "geometry": {"type": "LineString", "coordinates": [[-75.4783836, 10.3934087], [-75.4785185, 10.3932525], [-75.4783678, 10.3931345], [-75.4782843, 10.3932335], [-75.4782303, 10.3932975], [-75.4783836, 10.3934087]]}}, {"type": "Feature", "id": 612087497, "properties": {"addr:street": "Calle Real", "leisure": "park", "name": "Parque H L Roman", "name:es": "Parque H L Roman"}, "geometry": {"type": "LineString", "coordinates": [[-75.5420244, 10.4156258], [-75.542597, 10.415081], [-75.5429264, 10.4153463], [-75.5425005, 10.4159813], [-75.5420244, 10.4156258]]}}, {"type": "Feature", "id": 628428617, "properties": {"leisure": "park"}, "geometry": {"type": "LineString", "coordinates": [[-75.4320546, 10.3442842], [-75.4320606, 10.3443028], [-75.4320598, 10.3443224], [-75.4320523, 10.3443406], [-75.4320389, 10.3443551], [-75.4320213, 10.3443643], [-75.4320036, 10.344367], [-75.431986, 10.3443643], [-75.43197, 10.3443564], [-75.4319573, 10.3443441], [-75.431949, 10.3443285], [-75.431946, 10.3443112], [-75.4319485, 10.3442938], [-75.4319564, 10.344278], [-75.4319687, 10.3442653], [-75.4319865, 10.3442563], [-75.4320062, 10.3442538], [-75.4320256, 10.3442581], [-75.4320424, 10.3442686], [-75.4320546, 10.3442842]]}}, {"type": "Feature", "id": 640428526, "properties": {"leisure": "park"}, "geometry": {"type": "LineString", "coordinates": [[-75.5142755, 10.4505144], [-75.514314, 10.4501274], [-75.5140645, 10.4501033], [-75.514026, 10.4504904], [-75.5142755, 10.4505144]]}}, {"type": "Feature", "id": 649166992, "properties": {"leisure": "park", "name": "Jardines Universidad San Buenaventura"}, "geometry": {"type": "LineString", "coordinates": [[-75.4669882, 10.3867065], [-75.4656096, 10.3879584], [-75.4648341, 10.3875863], [-75.4648819, 10.3872829], [-75.4651037, 10.387018], [-75.4652218, 10.3871333], [-75.4663605, 10.3868724], [-75.4666717, 10.3865502], [-75.4667334, 10.3864849], [-75.4669882, 10.3867065]]}}, {"type": "Feature", "id": 660466551, "properties": {"leisure": "park", "name": "Parque de La Concepción"}, "geometry": {"type": "LineString", "coordinates": [[-75.4755177, 10.391061], [-75.4751945, 10.3915134], [-75.4755592, 10.3917838], [-75.4760152, 10.3913472], [-75.4755177, 10.391061]]}}, {"type": "Feature", "id": 667561824, "properties": {"leisure": "park", "name": "Parque Lemetre"}, "geometry": {"type": "LineString", "coordinates": [[-75.5210501, 10.437601], [-75.5210474, 10.4379255], [-75.5215677, 10.4379492], [-75.5215758, 10.4376248], [-75.5210501, 10.437601]]}}, {"type": "Feature", "id": 697243040, "properties": {"leisure": "park", "name": "Parque Las Iguanas"}, "geometry": {"type": "LineString", "coordinates": [[-75.4645752, 10.3907594], [-75.4648558, 10.3909994], [-75.4647657, 10.3911013], [-75.4635933, 10.3924278], [-75.4633124, 10.3921875], [-75.4633348, 10.3921622], [-75.4637142, 10.3917331], [-75.4641662, 10.3912219], [-75.4645752, 10.3907594]]}}, {"type": "Feature", "id": 699017788, "properties": {"leisure": "park"}, "geometry": {"type": "LineString", "coordinates": [[-75.485533, 10.4060312], [-75.485592, 10.4056394], [-75.4849067, 10.4059969], [-75.4850529, 10.4060602], [-75.485533, 10.4060312]]}}, {"type": "Feature", "id": 747076494, "properties": {"leisure": "park", "name": "Paeque Infantil"}, "geometry": {"type": "LineString", "coordinates": [[-75.4637993, 10.3913854], [-75.4637226, 10.3914627], [-75.4636384, 10.3913819], [-75.4637151, 10.3913046], [-75.4637993, 10.3913854]]}}, {"type": "Feature", "id": 747076500, "properties": {"leisure": "park", "name": "Plaza Manati"}, "geometry": {"type": "LineString", "coordinates": [[-75.4637923, 10.3915639], [-75.4636892, 10.391676], [-75.4636112, 10.3916065], [-75.4637144, 10.3914945], [-75.4637923, 10.3915639]]}}, {"type": "Feature", "id": 747087367, "properties": {"leisure": "park", "name": "Plaza Calamari"}, "geometry": {"type": "LineString", "coordinates": [[-75.463646, 10.3917125], [-75.4635602, 10.3916334], [-75.4634953, 10.3917014], [-75.4635811, 10.3917806], [-75.463646, 10.3917125]]}}, {"type": "Feature", "id": 747087370, "properties": {"leisure": "park", "name": "Parque infantil Calamari"}, "geometry": {"type": "LineString", "coordinates": [[-75.4633023, 10.3916657], [-75.4632212, 10.3916019], [-75.4631125, 10.3917357], [-75.4631935, 10.3917995], [-75.4633023, 10.3916657]]}}, {"type": "Feature", "id": 778345145, "properties": {"leisure": "park", "name": "Cancha de Nuevo Bosque"}, "geometry": {"type": "LineString", "coordinates": [[-75.5058415, 10.3918693], [-75.5056997, 10.3910265], [-75.5050008, 10.3911403], [-75.5051426, 10.391983], [-75.5058415, 10.3918693]]}}, {"type": "Feature", "id": 778345146, "properties": {"leisure": "park", "name": "Parque Virgen Campiña"}, "geometry": {"type": "LineString", "coordinates": [[-75.5041559, 10.3930948], [-75.5040698, 10.3930927], [-75.5041202, 10.3933792], [-75.5041559, 10.3930948]]}}, {"type": "Feature", "id": 778345147, "properties": {"leisure": "park"}, "geometry": {"type": "LineString", "coordinates": [[-75.5045623, 10.3927111], [-75.504309, 10.3928556], [-75.5042927, 10.3928269], [-75.5043858, 10.3924015], [-75.5045623, 10.3927111]]}}, {"type": "Feature", "id": 778345148, "properties": {"leisure": "park"}, "geometry": {"type": "LineString", "coordinates": [[-75.5047056, 10.3922632], [-75.5046358, 10.3921441], [-75.5049216, 10.3920965], [-75.5049411, 10.3921297], [-75.5047056, 10.3922632]]}}, {"type": "Feature", "id": 778345149, "properties": {"leisure": "park"}, "geometry": {"type": "LineString", "coordinates": [[-75.5053787, 10.3921389], [-75.5053059, 10.3920233], [-75.5056074, 10.3919798], [-75.5056223, 10.3920049], [-75.5053787, 10.3921389]]}}, {"type": "Feature", "id": 778345150, "properties": {"leisure": "park"}, "geometry": {"type": "LineString", "coordinates": [[-75.50504, 10.3922156], [-75.504963, 10.392088], [-75.5052572, 10.3920234], [-75.5052864, 10.3920718], [-75.50504, 10.3922156]]}}, {"type": "Feature", "id": 778345151, "properties": {"leisure": "park"}, "geometry": {"type": "LineString", "coordinates": [[-75.5063447, 10.3913176], [-75.5061454, 10.3913524], [-75.5061192, 10.3912077], [-75.5061078, 10.3911444], [-75.5060817, 10.3911489], [-75.5059933, 10.3911644], [-75.5059762, 10.3910699], [-75.5059721, 10.3910472], [-75.5059639, 10.3910019], [-75.5059611, 10.3909862], [-75.5061342, 10.3909559], [-75.5061721, 10.3910211], [-75.5063447, 10.3913176]]}}, {"type": "Feature", "id": 778345152, "properties": {"leisure": "park"}, "geometry": {"type": "LineString", "coordinates": [[-75.5062591, 10.391877], [-75.5060353, 10.3920117], [-75.5059754, 10.3919154], [-75.5062591, 10.391877]]}}, {"type": "Feature", "id": 778345153, "properties": {"leisure": "park"}, "geometry": {"type": "LineString", "coordinates": [[-75.5059665, 10.3919614], [-75.5057208, 10.3921028], [-75.5056459, 10.3919769], [-75.505938, 10.3919135], [-75.5059665, 10.3919614]]}}, {"type": "Feature", "id": 778345154, "properties": {"leisure": "park"}, "geometry": {"type": "LineString", "coordinates": [[-75.5067123, 10.3925433], [-75.5063072, 10.3918679], [-75.5066366, 10.3918202], [-75.506975, 10.392395], [-75.5067123, 10.3925433]]}}, {"type": "Feature", "id": 778345156, "properties": {"leisure": "park"}, "geometry": {"type": "LineString", "coordinates": [[-75.5073067, 10.3929744], [-75.5070691, 10.3925685], [-75.5070162, 10.3924781], [-75.5069197, 10.3925328], [-75.5067572, 10.3926249], [-75.5070477, 10.3931211], [-75.5073067, 10.3929744]]}}, {"type": "Feature", "id": 778345157, "properties": {"leisure": "park", "name": "Zona Verde"}, "geometry": {"type": "LineString", "coordinates": [[-75.5073251, 10.3930173], [-75.5073425, 10.3935664], [-75.5070794, 10.3931567], [-75.5073251, 10.3930173]]}}, {"type": "Feature", "id": 778345158, "properties": {"leisure": "park", "name": "Zona Verde Nueva Granada"}, "geometry": {"type": "LineString", "coordinates": [[-75.507333, 10.3937363], [-75.5073371, 10.3937663], [-75.5073323, 10.3938], [-75.5073185, 10.393828], [-75.5073025, 10.393851], [-75.5072835, 10.3938781], [-75.5071494, 10.3939621], [-75.5066045, 10.3943229], [-75.5063122, 10.3939142], [-75.5063596, 10.3938759], [-75.5065554, 10.3941954], [-75.507333, 10.3937363]]}}, {"type": "Feature", "id": 778345159, "properties": {"leisure": "park"}, "geometry": {"type": "LineString", "coordinates": [[-75.5069509, 10.3942405], [-75.5069177, 10.394192], [-75.5067123, 10.3943265], [-75.506791, 10.3943457], [-75.5069509, 10.3942405]]}}, {"type": "Feature", "id": 778345161, "properties": {"leisure": "park", "name": "Parque de La Amistad"}, "geometry": {"type": "LineString", "coordinates": [[-75.5058875, 10.3937435], [-75.5058255, 10.3936385], [-75.5056157, 10.3937581], [-75.5056777, 10.3938631], [-75.5057819, 10.3938037], [-75.5058875, 10.3937435]]}}, {"type": "Feature", "id": 778345165, "properties": {"leisure": "park", "name": "Parque Calamares Campiña"}, "geometry": {"type": "LineString", "coordinates": [[-75.5034138, 10.3920506], [-75.503139, 10.3923401], [-75.5031062, 10.3920896], [-75.5034138, 10.3920506]]}}, {"type": "Feature", "id": 778345168, "properties": {"leisure": "park", "name": "Parque Infantil Los Corales"}, "geometry": {"type": "LineString", "coordinates": [[-75.5021037, 10.3877111], [-75.5020611, 10.3877172], [-75.5019877, 10.3877271], [-75.5020047, 10.3878696], [-75.5019926, 10.3878724], [-75.5019199, 10.3878819], [-75.5019053, 10.3878829], [-75.5019096, 10.3879079], [-75.5018794, 10.3879121], [-75.5018863, 10.3879605], [-75.502119, 10.3878195], [-75.5021037, 10.3877111]]}}, {"type": "Feature", "id": 778345169, "properties": {"leisure": "park", "name": "Parque y Zona Verde de Los Corales"}, "geometry": {"type": "LineString", "coordinates": [[-75.5001389, 10.3859231], [-75.5000784, 10.3857756], [-75.5000176, 10.3856274], [-75.5002403, 10.3855391], [-75.5003282, 10.3854528], [-75.5003308, 10.3854415], [-75.5003348, 10.3854314], [-75.5003422, 10.3854206], [-75.5006687, 10.3851581], [-75.5005807, 10.3849552], [-75.5003017, 10.384942], [-75.5003044, 10.3851399], [-75.499654, 10.3851412], [-75.4996789, 10.38531], [-75.4996979, 10.3853064], [-75.4997386, 10.3855808], [-75.4997057, 10.3855855], [-75.499736, 10.3857755], [-75.4996119, 10.385797], [-75.4996236, 10.3858763], [-75.4995827, 10.3858833], [-75.4996014, 10.3859868], [-75.499551, 10.385996], [-75.4994577, 10.3860149], [-75.4991006, 10.3860682], [-75.4991524, 10.3864148], [-75.4991749, 10.3864332], [-75.4992107, 10.3864371], [-75.4995882, 10.3861872], [-75.4996361, 10.3861641], [-75.4998177, 10.3860765], [-75.5001389, 10.3859231]]}}, {"type": "Feature", "id": 778359491, "properties": {"leisure": "park", "name": "Parque de Santa Clara"}, "geometry": {"type": "LineString", "coordinates": [[-75.502318, 10.3835116], [-75.5021681, 10.3834945], [-75.5021688, 10.383489], [-75.5021826, 10.3833718], [-75.5021893, 10.3833146], [-75.5020428, 10.383298], [-75.5020466, 10.3832659], [-75.5021851, 10.3832817], [-75.5021878, 10.3832584], [-75.5023236, 10.3832739], [-75.5023457, 10.3832764], [-75.5023318, 10.3833945], [-75.502318, 10.3835116]]}}, {"type": "Feature", "id": 778361317, "properties": {"leisure": "park", "name": "Parque El Guajiro"}, "geometry": {"type": "LineString", "coordinates": [[-75.4829293, 10.3999846], [-75.4828677, 10.3998078], [-75.4823741, 10.3999872], [-75.4823929, 10.4000558], [-75.4826584, 10.4000505], [-75.4828176, 10.4000118], [-75.4829293, 10.3999846]]}}, {"type": "Feature", "id": 778361318, "properties": {"leisure": "park", "name": "Zona Verde 2"}, "geometry": {"type": "LineString", "coordinates": [[-75.4830205, 10.400251], [-75.4829293, 10.3999846], [-75.4828176, 10.4000118], [-75.482873, 10.4001244], [-75.4827309, 10.4001956], [-75.4827872, 10.4003407], [-75.4830205, 10.400251]]}}, {"type": "Feature", "id": 778364471, "properties": {"leisure": "park", "name": "Plaza de Ladrillo UdeC"}, "geometry": {"type": "LineString", "coordinates": [[-75.5054912, 10.402431], [-75.5053692, 10.4024275], [-75.5053721, 10.4023284], [-75.5053771, 10.4021575], [-75.5054746, 10.4021602], [-75.5056021, 10.4022209], [-75.5056, 10.4024691], [-75.5055998, 10.4024995], [-75.5055885, 10.4024994], [-75.5054912, 10.402431]]}}, {"type": "Feature", "id": 932915115, "properties": {"leisure": "park"}, "geometry": {"type": "LineString", "coordinates": [[-75.4655385, 10.3902957], [-75.4654294, 10.390201], [-75.4653912, 10.3902435], [-75.4653078, 10.3901711], [-75.4653078, 10.390062], [-75.4653976, 10.3899683], [-75.4654254, 10.3899941], [-75.46537, 10.3900518], [-75.4654761, 10.3901503], [-75.4655889, 10.3900327], [-75.4656479, 10.3901738], [-75.4655385, 10.3902957]]}}, {"type": "Feature", "id": 1113208344, "properties": {"leisure": "park", "name": "Parque El Recreo"}, "geometry": {"type": "LineString", "coordinates": [[-75.4713576, 10.3908413], [-75.4715876, 10.3909739], [-75.4715654, 10.3910465], [-75.4713099, 10.3909937], [-75.4713576, 10.3908413]]}}, {"type": "Feature", "id": 1146537057, "properties": {"description": "Parque ubicado en la avenida del barrio Chapacua.", "leisure": "park", "name": "Parque de Chapacua"}, "geometry": {"type": "LineString", "coordinates": [[-75.4807349, 10.3998351], [-75.4809653, 10.4001332], [-75.4811785, 10.4004357], [-75.4810595, 10.4005165], [-75.4805962, 10.3999493], [-75.4807349, 10.3998351]]}}, {"type": "Feature", "id": 1197835993, "properties": {"leisure": "park"}, "geometry": {"type": "LineString", "coordinates": [[-75.4950772, 10.3872881], [-75.4952291, 10.3872615], [-75.4952127, 10.387149], [-75.4950772, 10.3872881]]}}, {"type": "Feature", "id": 1197835994, "properties": {"leisure": "park"}, "geometry": {"type": "LineString", "coordinates": [[-75.4950522, 10.3874333], [-75.495033, 10.387325], [-75.4949545, 10.3873993], [-75.4949631, 10.3874485], [-75.4950522, 10.3874333]]}}, {"type": "Feature", "id": 1197835999, "properties": {"leisure": "park"}, "geometry": {"type": "LineString", "coordinates": [[-75.4955663, 10.3877941], [-75.4955512, 10.3876982], [-75.4956447, 10.387684], [-75.4956503, 10.3877195], [-75.4955663, 10.3877941]]}}, {"type": "Feature", "id": 1197836000, "properties": {"leisure": "park"}, "geometry": {"type": "LineString", "coordinates": [[-75.4955326, 10.3878132], [-75.4955247, 10.3877693], [-75.49534, 10.3877991], [-75.4953628, 10.387936], [-75.4955326, 10.3878132]]}}, {"type": "Feature", "id": 1197842991, "properties": {"leisure": "park"}, "geometry": {"type": "LineString", "coordinates": [[-75.4950642, 10.3860488], [-75.4950531, 10.3859745], [-75.4950716, 10.3859718], [-75.4951025, 10.385892], [-75.49536, 10.3859884], [-75.4952444, 10.3860052], [-75.495247, 10.3860223], [-75.4950642, 10.3860488]]}}, {"type": "Feature", "id": 1197842992, "properties": {"leisure": "park"}, "geometry": {"type": "LineString", "coordinates": [[-75.4953995, 10.3868237], [-75.4956332, 10.3866175], [-75.4956175, 10.3865219], [-75.4955665, 10.3865301], [-75.4955804, 10.3866152], [-75.4954618, 10.3866361], [-75.4953706, 10.386651], [-75.4953995, 10.3868237]]}}, {"type": "Feature", "id": 1197843000, "properties": {"access": "permissive", "leisure": "park", "parking": "surface", "surface": "sand"}, "geometry": {"type": "LineString", "coordinates": [[-75.4957939, 10.3821949], [-75.4957442, 10.3822623], [-75.4956783, 10.3823072], [-75.4955896, 10.3823456], [-75.4954713, 10.3823958], [-75.4953423, 10.3824447], [-75.4952624, 10.382493], [-75.4952055, 10.382529], [-75.4951983, 10.3825302], [-75.4951893, 10.3825262], [-75.495459, 10.3820009], [-75.49581, 10.3821631], [-75.4957939, 10.3821949]]}}, {"type": "Feature", "id": 1198164253, "properties": {"leisure": "park"}, "geometry": {"type": "LineString", "coordinates": [[-75.492608, 10.373901], [-75.4926743, 10.3736293], [-75.4927092, 10.3734804], [-75.4925277, 10.3734375], [-75.4924929, 10.3735857], [-75.4924245, 10.373857], [-75.49249, 10.3738728], [-75.492608, 10.373901]]}}, {"type": "Feature", "id": 1198535161, "properties": {"leisure": "park"}, "geometry": {"type": "LineString", "coordinates": [[-75.4727758, 10.3865574], [-75.4726908, 10.3866864], [-75.4731039, 10.3869555], [-75.473118, 10.3869325], [-75.4731943, 10.3868098], [-75.4727758, 10.3865574]]}}, {"type": "Feature", "id": 1200613857, "properties": {"leisure": "park"}, "geometry": {"type": "LineString", "coordinates": [[-75.4976792, 10.378315], [-75.4972292, 10.3781081], [-75.4974693, 10.3776029], [-75.4979192, 10.3778097], [-75.4976792, 10.378315]]}}, {"type": "Feature", "id": 1202446635, "properties": {"leisure": "park"}, "geometry": {"type": "LineString", "coordinates": [[-75.4991747, 10.3790715], [-75.499261, 10.3788959], [-75.4991423, 10.3788396], [-75.4991761, 10.3787706], [-75.4991938, 10.378779], [-75.4992077, 10.3787508], [-75.4991878, 10.3787414], [-75.499116, 10.3787078], [-75.4990066, 10.3789331], [-75.4991027, 10.3789773], [-75.4990796, 10.3790258], [-75.4991747, 10.3790715]]}}, {"type": "Feature", "id": 1202446638, "properties": {"leisure": "park"}, "geometry": {"type": "LineString", "coordinates": [[-75.4989337, 10.3787158], [-75.4989046, 10.3787767], [-75.4990026, 10.3788241], [-75.4991167, 10.3785942], [-75.4989217, 10.3785007], [-75.4988377, 10.3786703], [-75.4989337, 10.3787158]]}}, {"type": "Feature", "id": 1202571709, "properties": {"leisure": "park"}, "geometry": {"type": "LineString", "coordinates": [[-75.4991892, 10.3791966], [-75.4992704, 10.3790222], [-75.4993677, 10.3790661], [-75.4994338, 10.3790966], [-75.4993204, 10.3793352], [-75.4992566, 10.3793059], [-75.499263, 10.3792926], [-75.4992872, 10.3792402], [-75.4991892, 10.3791966]]}}, {"type": "Feature", "id": 1202652956, "properties": {"leisure": "park"}, "geometry": {"type": "LineString", "coordinates": [[-75.4997431, 10.3791494], [-75.499711, 10.3792187], [-75.4997831, 10.379251], [-75.4998634, 10.3790778], [-75.4997872, 10.3790436], [-75.499751, 10.3790274], [-75.4997827, 10.3789592], [-75.4998026, 10.3789161], [-75.4997037, 10.3788718], [-75.499634, 10.3790222], [-75.4996489, 10.3790289], [-75.4996188, 10.3790937], [-75.4997431, 10.3791494]]}}, {"type": "Feature", "id": 1202652969, "properties": {"leisure": "park"}, "geometry": {"type": "LineString", "coordinates": [[-75.4994084, 10.3795227], [-75.4993769, 10.3795035], [-75.4994529, 10.3793289], [-75.4995, 10.37935], [-75.4995133, 10.3793215], [-75.4996375, 10.3793772], [-75.4996649, 10.3793182], [-75.4996898, 10.3792643], [-75.499711, 10.3792187], [-75.4997831, 10.379251], [-75.4997996, 10.3792586], [-75.4999198, 10.3793154], [-75.4998958, 10.3793657], [-75.4999889, 10.3794086], [-75.4999779, 10.3794274], [-75.4999529, 10.3794702], [-75.4999398, 10.3795259], [-75.4999333, 10.3795533], [-75.4999394, 10.3795807], [-75.4999524, 10.3796024], [-75.500004, 10.3796334], [-75.5000882, 10.3796729], [-75.5000152, 10.3798544], [-75.5001501, 10.3799148], [-75.5001174, 10.3800044], [-75.5002767, 10.3800676], [-75.500262, 10.3800971], [-75.5002404, 10.3801375], [-75.5002261, 10.3801553], [-75.5002057, 10.3801749], [-75.5001829, 10.3801947], [-75.5001627, 10.3802053], [-75.5001279, 10.3802211], [-75.5000925, 10.3802395], [-75.5000416, 10.3802641], [-75.4999508, 10.3803095], [-75.4999146, 10.3803219], [-75.4998771, 10.3803319], [-75.4998395, 10.3803457], [-75.4997965, 10.3803555], [-75.499751, 10.3803662], [-75.4997323, 10.3803621], [-75.4997564, 10.3803086], [-75.4997828, 10.3802514], [-75.4998082, 10.3801949], [-75.4998337, 10.3801385], [-75.4997236, 10.3800892], [-75.4996826, 10.3800703], [-75.4997189, 10.3799969], [-75.499632, 10.3799525], [-75.4996661, 10.3798791], [-75.4995485, 10.3798253], [-75.4994958, 10.3797974], [-75.4995163, 10.3797528], [-75.4995411, 10.3797058], [-75.4994466, 10.3796649], [-75.4994649, 10.3796273], [-75.4994966, 10.3795629], [-75.4994084, 10.3795227]]}}, {"type": "Feature", "id": 1203007945, "properties": {"leisure": "park"}, "geometry": {"type": "LineString", "coordinates": [[-75.5004919, 10.3819388], [-75.5005048, 10.3819861], [-75.5004959, 10.3820146], [-75.5004731, 10.3820549], [-75.5004387, 10.3821051], [-75.5003896, 10.3821695], [-75.5003493, 10.382197], [-75.5003037, 10.3822192], [-75.5002396, 10.3820193], [-75.5004919, 10.3819388]]}}, {"type": "Feature", "id": 1203017763, "properties": {"leisure": "park"}, "geometry": {"type": "LineString", "coordinates": [[-75.4959478, 10.3822695], [-75.4959773, 10.3822047], [-75.4961091, 10.3819147], [-75.4961496, 10.3818258], [-75.4962968, 10.3818966], [-75.4963757, 10.3819841], [-75.4964232, 10.3820592], [-75.4964384, 10.3820934], [-75.4964549, 10.3821386], [-75.4964751, 10.382182], [-75.496495, 10.3822323], [-75.4965101, 10.382264], [-75.4965265, 10.3822953], [-75.4965445, 10.3823216], [-75.4965607, 10.3823441], [-75.4965805, 10.3823649], [-75.4965894, 10.3823792], [-75.496583, 10.3823885], [-75.4965658, 10.3823862], [-75.4965449, 10.3823819], [-75.4965004, 10.3823587], [-75.4961865, 10.3823668], [-75.4959478, 10.3822695]]}}, {"type": "Feature", "id": 1203172232, "properties": {"leisure": "park"}, "geometry": {"type": "LineString", "coordinates": [[-75.5044588, 10.3826846], [-75.5041309, 10.3826421], [-75.504579, 10.3815898], [-75.5046043, 10.3815922], [-75.5045223, 10.3821551], [-75.5044842, 10.3821529], [-75.504443, 10.3824734], [-75.504488, 10.3824742], [-75.5044588, 10.3826846]]}}, {"type": "Feature", "id": 1203310566, "properties": {"leisure": "park"}, "geometry": {"type": "LineString", "coordinates": [[-75.5040992, 10.3837697], [-75.5045577, 10.3838202], [-75.5045579, 10.3838359], [-75.5040817, 10.3839021], [-75.5040992, 10.3837697]]}}, {"type": "Feature", "id": 1203310567, "properties": {"leisure": "park"}, "geometry": {"type": "LineString", "coordinates": [[-75.5045577, 10.3838202], [-75.5050388, 10.3838734], [-75.5050247, 10.3839841], [-75.5045579, 10.3838359], [-75.5045577, 10.3838202]]}}, {"type": "Feature", "id": 1203782570, "properties": {"leisure": "park"}, "geometry": {"type": "LineString", "coordinates": [[-75.5005656, 10.3803959], [-75.5005417, 10.3803856], [-75.500634, 10.3801781], [-75.5009133, 10.3802983], [-75.500821, 10.3805058], [-75.5007881, 10.3804917], [-75.5006767, 10.3804437], [-75.5005656, 10.3803959]]}}, {"type": "Feature", "id": 1204262982, "properties": {"leisure": "park"}, "geometry": {"type": "LineString", "coordinates": [[-75.5012808, 10.3831161], [-75.5011695, 10.3830581], [-75.501132, 10.3830871], [-75.5009225, 10.3835697], [-75.5007994, 10.3839076], [-75.5007538, 10.3840501], [-75.5007162, 10.3843667], [-75.5007135, 10.3845513], [-75.500735, 10.3847782], [-75.500794, 10.3850737], [-75.5010649, 10.385013], [-75.5010032, 10.3846569], [-75.5009925, 10.3845276], [-75.5009939, 10.3843249], [-75.5010365, 10.384043], [-75.501063, 10.383897], [-75.5010975, 10.383793], [-75.5011585, 10.3835591], [-75.5012256, 10.3833612], [-75.5012866, 10.3831852], [-75.5012808, 10.3831161]]}}, {"type": "Feature", "id": 1204262986, "properties": {"leisure": "park"}, "geometry": {"type": "LineString", "coordinates": [[-75.5013387, 10.3829883], [-75.5013284, 10.383022], [-75.5012016, 10.3829641], [-75.5014089, 10.3824896], [-75.5016199, 10.3820571], [-75.5015297, 10.3823519], [-75.5013911, 10.3826792], [-75.5013572, 10.3828686], [-75.5013387, 10.3829883]]}}, {"type": "Feature", "id": 1204265058, "properties": {"leisure": "park"}, "geometry": {"type": "LineString", "coordinates": [[-75.5003195, 10.3794899], [-75.5002158, 10.3794416], [-75.5001714, 10.379535], [-75.5002237, 10.3795594], [-75.5002751, 10.3795831], [-75.5003195, 10.3794899]]}}, {"type": "Feature", "id": 1204337305, "properties": {"leisure": "park"}, "geometry": {"type": "LineString", "coordinates": [[-75.5062763, 10.3890722], [-75.5060445, 10.3892022], [-75.5060161, 10.3891732], [-75.5059998, 10.3890902], [-75.5062366, 10.3890523], [-75.5062763, 10.3890722]]}}, {"type": "Feature", "id": 1204452267, "properties": {"leisure": "park"}, "geometry": {"type": "LineString", "coordinates": [[-75.5042117, 10.3932118], [-75.5042814, 10.3928413], [-75.5044627, 10.3931654], [-75.504649, 10.3935076], [-75.5046294, 10.393519], [-75.5045882, 10.393446], [-75.5045145, 10.3933107], [-75.5044432, 10.3931832], [-75.5043442, 10.3932304], [-75.5042781, 10.3931896], [-75.5042117, 10.3932118]]}}, {"type": "Feature", "id": 1204487250, "properties": {"leisure": "park"}, "geometry": {"type": "LineString", "coordinates": [[-75.4978276, 10.3827268], [-75.4979954, 10.3823602], [-75.4977076, 10.3822345], [-75.4976156, 10.3824258], [-75.4967002, 10.3819986], [-75.496629, 10.3819538], [-75.4965899, 10.381905], [-75.4965703, 10.3818616], [-75.4964376, 10.3817264], [-75.4961969, 10.3816115], [-75.4961791, 10.3816534], [-75.4964079, 10.3817652], [-75.4965075, 10.381904], [-75.4965812, 10.3820411], [-75.4966442, 10.3821777], [-75.4967236, 10.3822742], [-75.4968135, 10.3823328], [-75.4970741, 10.3824667], [-75.4973342, 10.3825797], [-75.4978021, 10.382785], [-75.4978276, 10.3827268]]}}, {"type": "Feature", "id": 1204577036, "properties": {"leisure": "park"}, "geometry": {"type": "LineString", "coordinates": [[-75.4949116, 10.3812594], [-75.4948118, 10.3814726], [-75.4950908, 10.381599], [-75.4951906, 10.3813858], [-75.4949116, 10.3812594]]}}, {"type": "Feature", "id": 1204577074, "properties": {"leisure": "park"}, "geometry": {"type": "LineString", "coordinates": [[-75.4953806, 10.3820858], [-75.4954249, 10.3819919], [-75.4952025, 10.3818903], [-75.4951582, 10.3819842], [-75.4953806, 10.3820858]]}}, {"type": "Feature", "id": 1205006133, "properties": {"leisure": "park"}, "geometry": {"type": "LineString", "coordinates": [[-75.5026487, 10.3702988], [-75.5026631, 10.3700381], [-75.5021833, 10.3700122], [-75.5021688, 10.3702731], [-75.5026487, 10.3702988]]}}, {"type": "Feature", "id": 1205358700, "properties": {"leisure": "park"}, "geometry": {"type": "LineString", "coordinates": [[-75.4963048, 10.3737427], [-75.496504, 10.3730136], [-75.4960415, 10.3729722], [-75.4959353, 10.3730049], [-75.4959198, 10.3730571], [-75.4963048, 10.3737427]]}}, {"type": "Feature", "id": 1205711468, "properties": {"leisure": "park"}, "geometry": {"type": "LineString", "coordinates": [[-75.4907095, 10.3767777], [-75.4906725, 10.376864], [-75.4907185, 10.376887], [-75.4907482, 10.3769019], [-75.4907922, 10.3769239], [-75.4908393, 10.3768444], [-75.4907095, 10.3767777]]}}, {"type": "Feature", "id": 1205728558, "properties": {"leisure": "park"}, "geometry": {"type": "LineString", "coordinates": [[-75.4998397, 10.3825458], [-75.49984, 10.3825737], [-75.4998724, 10.382588], [-75.4998484, 10.3826481], [-75.4998636, 10.3826555], [-75.4997891, 10.3828216], [-75.4997711, 10.382898], [-75.4993238, 10.3827425], [-75.4989307, 10.382603], [-75.498586, 10.3824814], [-75.4984584, 10.3824473], [-75.4983961, 10.3824475], [-75.4983538, 10.3824515], [-75.498326, 10.3824621], [-75.4982739, 10.3825663], [-75.4981215, 10.3825033], [-75.4981022, 10.382545], [-75.4980192, 10.3825171], [-75.498142, 10.3822491], [-75.4982172, 10.3822131], [-75.4984357, 10.3822781], [-75.4986878, 10.3823681], [-75.4990303, 10.38249], [-75.4992407, 10.382545], [-75.4993413, 10.382585], [-75.4994379, 10.382609], [-75.4995019, 10.38257], [-75.4997682, 10.38249], [-75.4998397, 10.3825458]]}}, {"type": "Feature", "id": 1206315567, "properties": {"leisure": "park"}, "geometry": {"type": "LineString", "coordinates": [[-75.4961613, 10.3892854], [-75.4954611, 10.3893838], [-75.4954875, 10.389506], [-75.4961322, 10.3893956], [-75.4961625, 10.3893743], [-75.4961807, 10.3893525], [-75.4961849, 10.3893214], [-75.4961739, 10.3893023], [-75.4961613, 10.3892854]]}}, {"type": "Feature", "id": 1206315568, "properties": {"leisure": "park"}, "geometry": {"type": "LineString", "coordinates": [[-75.49734, 10.3891842], [-75.4973323, 10.3891469], [-75.4973187, 10.3891268], [-75.4972834, 10.389112], [-75.4972471, 10.389105], [-75.4971913, 10.3891172], [-75.4963062, 10.3892799], [-75.496321, 10.3893471], [-75.49734, 10.3891842]]}}, {"type": "Feature", "id": 1206710190, "properties": {"leisure": "park"}, "geometry": {"type": "LineString", "coordinates": [[-75.4920661, 10.390026], [-75.491689, 10.3896263], [-75.4917532, 10.3900237], [-75.4917637, 10.3900455], [-75.4918022, 10.3900696], [-75.4918233, 10.3900661], [-75.4920661, 10.390026]]}}, {"type": "Feature", "id": 1206729531, "properties": {"leisure": "park"}, "geometry": {"type": "LineString", "coordinates": [[-75.4881742, 10.3906962], [-75.4882375, 10.3904772], [-75.4880558, 10.3904353], [-75.4881742, 10.3906962]]}}, {"type": "Feature", "id": 1206748961, "properties": {"leisure": "park"}, "geometry": {"type": "LineString", "coordinates": [[-75.4861569, 10.383788], [-75.4861518, 10.3837535], [-75.4861699, 10.3836675], [-75.486194, 10.3835922], [-75.4862432, 10.3835197], [-75.4865187, 10.3831913], [-75.4871585, 10.3824287], [-75.4874831, 10.382686], [-75.4870675, 10.3831591], [-75.4868176, 10.3834531], [-75.4867071, 10.3835723], [-75.4864323, 10.3838688], [-75.4862432, 10.3838321], [-75.4861762, 10.3838093], [-75.4861569, 10.383788]]}}, {"type": "Feature", "id": 1207341607, "properties": {"leisure": "park"}, "geometry": {"type": "LineString", "coordinates": [[-75.4905514, 10.3931796], [-75.4905718, 10.3933097], [-75.4905829, 10.3933804], [-75.4905943, 10.393453], [-75.4906042, 10.3935162], [-75.4906055, 10.3935239], [-75.4906192, 10.3936113], [-75.4906313, 10.3936886], [-75.490643, 10.3937649], [-75.4906556, 10.3938464], [-75.4908807, 10.3938122], [-75.4908289, 10.3934823], [-75.4907759, 10.3931455], [-75.4905514, 10.3931796]]}}, {"type": "Feature", "id": 1208415085, "properties": {"leisure": "park"}, "geometry": {"type": "LineString", "coordinates": [[-75.4998966, 10.3785771], [-75.4998497, 10.378678], [-75.4997936, 10.3786527], [-75.4997322, 10.378625], [-75.4997792, 10.3785242], [-75.4998966, 10.3785771]]}}, {"type": "Feature", "id": 1210900622, "properties": {"leisure": "park"}, "geometry": {"type": "LineString", "coordinates": [[-75.4860878, 10.3834822], [-75.4859983, 10.3836015], [-75.4859716, 10.3836382], [-75.4859466, 10.3836725], [-75.4859076, 10.3837636], [-75.4855043, 10.3836547], [-75.485456, 10.3836434], [-75.4854076, 10.3836379], [-75.4853274, 10.3836306], [-75.4853213, 10.3835441], [-75.4860878, 10.3834822]]}}, {"type": "Feature", "id": 1211645192, "properties": {"leisure": "park"}, "geometry": {"type": "LineString", "coordinates": [[-75.4899314, 10.3865314], [-75.4899373, 10.3865249], [-75.489942, 10.3865156], [-75.4899847, 10.3863584], [-75.4898827, 10.3863188], [-75.4899109, 10.3864916], [-75.4899203, 10.3865299], [-75.4899314, 10.3865314]]}}, {"type": "Feature", "id": 1215423822, "properties": {"leisure": "park"}, "geometry": {"type": "LineString", "coordinates": [[-75.497183, 10.3810873], [-75.4972018, 10.381048], [-75.497291, 10.3810892], [-75.4973121, 10.381045], [-75.4971196, 10.3809561], [-75.4970798, 10.3810396], [-75.497183, 10.3810873]]}}, {"type": "Feature", "id": 1215423828, "properties": {"leisure": "park"}, "geometry": {"type": "LineString", "coordinates": [[-75.4973661, 10.3810714], [-75.4973458, 10.3811144], [-75.4975532, 10.3812092], [-75.4975735, 10.3811662], [-75.4973661, 10.3810714]]}}, {"type": "Feature", "id": 1215423834, "properties": {"leisure": "park"}, "geometry": {"type": "LineString", "coordinates": [[-75.4977784, 10.3813613], [-75.4978173, 10.3812743], [-75.4976168, 10.3811875], [-75.4975947, 10.3812369], [-75.4977035, 10.381284], [-75.4976867, 10.3813215], [-75.4977784, 10.3813613]]}}, {"type": "Feature", "id": 1215879907, "properties": {"leisure": "park"}, "geometry": {"type": "LineString", "coordinates": [[-75.494063, 10.3835835], [-75.4941532, 10.3834036], [-75.4939525, 10.3833063], [-75.4938624, 10.3834862], [-75.494063, 10.3835835]]}}, {"type": "Feature", "id": 1216029444, "properties": {"leisure": "park"}, "geometry": {"type": "LineString", "coordinates": [[-75.4934225, 10.3847052], [-75.4932415, 10.3848729], [-75.4931283, 10.3847351], [-75.4934225, 10.3847052]]}}, {"type": "Feature", "id": 1216156971, "properties": {"leisure": "park"}, "geometry": {"type": "LineString", "coordinates": [[-75.4939094, 10.3865647], [-75.4937799, 10.3866901], [-75.4936962, 10.3866095], [-75.493778, 10.3865362], [-75.4938317, 10.3864853], [-75.4939094, 10.3865647]]}}, {"type": "Feature", "id": 1221014025, "properties": {"leisure": "park"}, "geometry": {"type": "LineString", "coordinates": [[-75.4982513, 10.3886113], [-75.4981888, 10.3886427], [-75.498122, 10.3885069], [-75.4981835, 10.3884799], [-75.4982161, 10.3885437], [-75.4982513, 10.3886113]]}}, {"type": "Feature", "id": 1221014026, "properties": {"leisure": "park"}, "geometry": {"type": "LineString", "coordinates": [[-75.4982636, 10.3884411], [-75.4983565, 10.3883968], [-75.4984234, 10.3885301], [-75.4983297, 10.3885749], [-75.4982962, 10.3885062], [-75.4982636, 10.3884411]]}}, {"type": "Feature", "id": 1221014030, "properties": {"leisure": "park"}, "geometry": {"type": "LineString", "coordinates": [[-75.4986047, 10.3884434], [-75.4985373, 10.3883093], [-75.4984359, 10.3883587], [-75.4985026, 10.3884922], [-75.4986047, 10.3884434]]}}, {"type": "Feature", "id": 1221014035, "properties": {"leisure": "park"}, "geometry": {"type": "LineString", "coordinates": [[-75.4986654, 10.3884145], [-75.4985981, 10.3882799], [-75.4987839, 10.3881897], [-75.4988513, 10.3883246], [-75.4986654, 10.3884145]]}}, {"type": "Feature", "id": 1228882990, "properties": {"leisure": "park", "name": "Parque Residencial el Country", "opening_hours": "24/7"}, "geometry": {"type": "LineString", "coordinates": [[-75.4944545, 10.3934353], [-75.4944632, 10.3934337], [-75.4944728, 10.393432], [-75.4944927, 10.3934283], [-75.4945158, 10.3934241], [-75.4945726, 10.3934136], [-75.4946877, 10.3933925], [-75.4947649, 10.3933783], [-75.4948114, 10.3933698], [-75.4948528, 10.3933622], [-75.4949245, 10.3933491], [-75.4949733, 10.3933401], [-75.4950005, 10.3933351], [-75.4950192, 10.3933317], [-75.4950683, 10.3933227], [-75.4951465, 10.3933083], [-75.4951781, 10.3933025], [-75.4951482, 10.3931672], [-75.4952064, 10.3931516], [-75.4952249, 10.3931372], [-75.4952461, 10.3931129], [-75.4952685, 10.3930731], [-75.4952722, 10.3930492], [-75.4962192, 10.3928961], [-75.4956704, 10.3934156], [-75.4956071, 10.3936243], [-75.4952258, 10.3935283], [-75.4951058, 10.3938736], [-75.4950579, 10.3940114], [-75.4947022, 10.3941279], [-75.4946794, 10.3941804], [-75.4946437, 10.3942628], [-75.4945735, 10.3942935], [-75.4945332, 10.3940804], [-75.4945573, 10.3940303], [-75.4945681, 10.393959], [-75.4944545, 10.3934353]]}}, {"type": "Feature", "id": 1244598563, "properties": {"leisure": "park"}, "geometry": {"type": "LineString", "coordinates": [[-75.4767243, 10.3981461], [-75.4766259, 10.3979984], [-75.4764362, 10.3981207], [-75.4765346, 10.3982683], [-75.4767243, 10.3981461]]}}, {"type": "Feature", "id": 1244599020, "properties": {"leisure": "park"}, "geometry": {"type": "LineString", "coordinates": [[-75.4756884, 10.3984143], [-75.4755558, 10.3982339], [-75.4753624, 10.3983524], [-75.475495, 10.3985459], [-75.4756884, 10.3984143]]}}, {"type": "Feature", "id": 1245952969, "properties": {"leisure": "park"}, "geometry": {"type": "LineString", "coordinates": [[-75.4951044, 10.3820299], [-75.4951887, 10.3818525], [-75.4950723, 10.3817989], [-75.4950288, 10.3818904], [-75.4949176, 10.3818393], [-75.4948768, 10.3819252], [-75.4951044, 10.3820299]]}}, {"type": "Feature", "id": 1245952970, "properties": {"leisure": "park"}, "geometry": {"type": "LineString", "coordinates": [[-75.4948495, 10.3819152], [-75.4946157, 10.3818143], [-75.4946502, 10.3817203], [-75.4948911, 10.3818253], [-75.4948495, 10.3819152]]}}, {"type": "Feature", "id": 1247451555, "properties": {"leisure": "park", "name": "Parque de Leones"}, "geometry": {"type": "LineString", "coordinates": [[-75.5344783, 10.4211406], [-75.5344449, 10.42112], [-75.5344141, 10.4211044], [-75.5343845, 10.4210864], [-75.5341455, 10.4209443], [-75.5341306, 10.4209338], [-75.5341071, 10.4209182], [-75.5340827, 10.4209039], [-75.5340731, 10.4208993], [-75.5337328, 10.4206976], [-75.5337437, 10.4206758], [-75.5337887, 10.4206677], [-75.5338506, 10.4206547], [-75.533919, 10.4206475], [-75.5339779, 10.4206503], [-75.5340266, 10.4206531], [-75.5342779, 10.4206677], [-75.5344784, 10.4206794], [-75.5349124, 10.4207271], [-75.5349084, 10.4207867], [-75.5348351, 10.4207903], [-75.5347617, 10.420812], [-75.5346994, 10.4208324], [-75.5346452, 10.4208789], [-75.5345958, 10.420933], [-75.5345396, 10.4210056], [-75.5345094, 10.4210735], [-75.5344974, 10.4211473], [-75.5344783, 10.4211406]]}}, {"type": "Feature", "id": 1247451556, "properties": {"leisure": "park"}, "geometry": {"type": "LineString", "coordinates": [[-75.5337024, 10.4204522], [-75.5336191, 10.4204489], [-75.5336013, 10.4204357], [-75.5335911, 10.4204157], [-75.5335858, 10.420283], [-75.5335972, 10.4202623], [-75.5336107, 10.4202499], [-75.5337216, 10.4202552], [-75.5337376, 10.420269], [-75.5337456, 10.42029], [-75.5337342, 10.4204134], [-75.5337232, 10.4204393], [-75.5337024, 10.4204522]]}}, {"type": "Feature", "id": 1251923325, "properties": {"leisure": "park"}, "geometry": {"type": "LineString", "coordinates": [[-75.5342611, 10.4226597], [-75.5345767, 10.4225613], [-75.5342783, 10.4225289], [-75.5342611, 10.4226597]]}}, {"type": "Feature", "id": 1251929852, "properties": {"leisure": "park"}, "geometry": {"type": "LineString", "coordinates": [[-75.5290666, 10.417744], [-75.5288095, 10.4174331], [-75.5291774, 10.41766], [-75.5291784, 10.417675], [-75.5291713, 10.417701], [-75.5291551, 10.417721], [-75.5291235, 10.417739], [-75.5290666, 10.417744]]}}, {"type": "Feature", "id": 1252108929, "properties": {"leisure": "park"}, "geometry": {"type": "LineString", "coordinates": [[-75.5264583, 10.4151215], [-75.5264809, 10.4150334], [-75.5263389, 10.4149979], [-75.5263286, 10.415038], [-75.5264583, 10.4151215]]}}, {"type": "Feature", "id": 1252108937, "properties": {"leisure": "park"}, "geometry": {"type": "LineString", "coordinates": [[-75.5210036, 10.4131482], [-75.5209697, 10.4131115], [-75.5209563, 10.4130811], [-75.5209514, 10.4130423], [-75.5209599, 10.413001], [-75.5209842, 10.412962], [-75.5210312, 10.4129294], [-75.5210784, 10.4129199], [-75.5211237, 10.4129274], [-75.5212159, 10.4129792], [-75.5212514, 10.4130113], [-75.521318, 10.4130576], [-75.521378, 10.4130852], [-75.5214542, 10.4131065], [-75.521535, 10.4131375], [-75.5215671, 10.4131883], [-75.5215752, 10.413242], [-75.5215571, 10.4133042], [-75.5215205, 10.4133462], [-75.5214556, 10.4133742], [-75.5213789, 10.4133658], [-75.521344, 10.413346], [-75.5213066, 10.4133042], [-75.5212913, 10.4132762], [-75.5212649, 10.4132452], [-75.5212218, 10.413215], [-75.5211344, 10.4131793], [-75.5210442, 10.413168], [-75.5210036, 10.4131482]]}}, {"type": "Feature", "id": 1252118989, "properties": {"leisure": "park"}, "geometry": {"type": "LineString", "coordinates": [[-75.5155622, 10.4087433], [-75.5160035, 10.4088908], [-75.5156794, 10.4086717], [-75.5155622, 10.4087433]]}}, {"type": "Feature", "id": 1252126421, "properties": {"leisure": "park"}, "geometry": {"type": "LineString", "coordinates": [[-75.5148406, 10.4090407], [-75.5148808, 10.4088191], [-75.5149425, 10.4089035], [-75.5150002, 10.4089774], [-75.515035, 10.4090222], [-75.5148406, 10.4090407]]}}, {"type": "Feature", "id": 1252126422, "properties": {"leisure": "park"}, "geometry": {"type": "LineString", "coordinates": [[-75.5149103, 10.408761], [-75.5152966, 10.4089114], [-75.5152818, 10.4089642], [-75.5152469, 10.4089919], [-75.515192, 10.4090077], [-75.5151101, 10.4090064], [-75.5150646, 10.4089919], [-75.5150324, 10.408951], [-75.5149103, 10.408761]]}}, {"type": "Feature", "id": 1252126436, "properties": {"leisure": "park"}, "geometry": {"type": "LineString", "coordinates": [[-75.5096268, 10.4078563], [-75.5099218, 10.407764], [-75.5093089, 10.4076558], [-75.5088838, 10.407582], [-75.5085606, 10.4075556], [-75.5082146, 10.407545], [-75.5080188, 10.4075331], [-75.5077908, 10.4075068], [-75.5074073, 10.4074395], [-75.5070639, 10.4073722], [-75.5068842, 10.4073287], [-75.5066321, 10.4072456], [-75.5064269, 10.4071823], [-75.5062459, 10.4071308], [-75.5059548, 10.4070794], [-75.5045588, 10.4068393], [-75.5041899, 10.4067892], [-75.503746, 10.4067391], [-75.5034282, 10.4067008], [-75.5023687, 10.4065069], [-75.502362, 10.4065425], [-75.5036776, 10.4067813], [-75.5044649, 10.4069172], [-75.5051019, 10.407053], [-75.5057523, 10.4071691], [-75.5064604, 10.407301], [-75.5076071, 10.4075107], [-75.5081046, 10.4075806], [-75.5085499, 10.40764], [-75.5090501, 10.4077284], [-75.509372, 10.4077956], [-75.5096268, 10.4078563]]}}, {"type": "Feature", "id": 1252590514, "properties": {"leisure": "park"}, "geometry": {"type": "LineString", "coordinates": [[-75.4932457, 10.3985553], [-75.4932541, 10.3985028], [-75.4931399, 10.3982597], [-75.4930828, 10.3982732], [-75.4930679, 10.3983435], [-75.4930553, 10.3983778], [-75.4930367, 10.3984064], [-75.4930009, 10.3984299], [-75.4929888, 10.3985248], [-75.4932457, 10.3985553]]}}, {"type": "Feature", "id": 1256895625, "properties": {"leisure": "park"}, "geometry": {"type": "LineString", "coordinates": [[-75.4944805, 10.3825634], [-75.4945801, 10.3823405], [-75.4944652, 10.3822835], [-75.4944419, 10.3822815], [-75.4944226, 10.3822975], [-75.4943463, 10.3825014], [-75.4944805, 10.3825634]]}}, {"type": "Feature", "id": 1266340080, "properties": {"leisure": "park"}, "geometry": {"type": "LineString", "coordinates": [[-75.4840353, 10.3915394], [-75.4840875, 10.3914386], [-75.4838902, 10.3913398], [-75.483838, 10.3914406], [-75.4840353, 10.3915394]]}}, {"type": "Feature", "id": 1266630643, "properties": {"leisure": "park"}, "geometry": {"type": "LineString", "coordinates": [[-75.5017041, 10.3868082], [-75.5015465, 10.3868366], [-75.5015104, 10.3866431], [-75.5015446, 10.3866369], [-75.5017041, 10.3868082]]}}, {"type": "Feature", "id": 1266630645, "properties": {"leisure": "park"}, "geometry": {"type": "LineString", "coordinates": [[-75.501528, 10.3866153], [-75.5013398, 10.3864033], [-75.5013231, 10.3864043], [-75.5013639, 10.3866397], [-75.501528, 10.3866153]]}}, {"type": "Feature", "id": 1266630647, "properties": {"leisure": "park"}, "geometry": {"type": "LineString", "coordinates": [[-75.501354, 10.386348], [-75.5012999, 10.3862917], [-75.5013172, 10.3863826], [-75.501354, 10.386348]]}}, {"type": "Feature", "id": 1266780722, "properties": {"leisure": "park"}, "geometry": {"type": "LineString", "coordinates": [[-75.4831859, 10.3911067], [-75.4832409, 10.3910006], [-75.4830617, 10.3909101], [-75.4830064, 10.3910161], [-75.4831859, 10.3911067]]}}, {"type": "Feature", "id": 1266780724, "properties": {"leisure": "park"}, "geometry": {"type": "LineString", "coordinates": [[-75.4846743, 10.3916267], [-75.4845063, 10.3915418], [-75.4845585, 10.3914417], [-75.4847266, 10.3915266], [-75.4846743, 10.3916267]]}}, {"type": "Feature", "id": 1267160833, "properties": {"leisure": "park"}, "geometry": {"type": "LineString", "coordinates": [[-75.500253, 10.3843262], [-75.5001524, 10.3843058], [-75.5000759, 10.3844951], [-75.5002366, 10.3844979], [-75.500253, 10.3843262]]}}, {"type": "Feature", "id": 1272616700, "properties": {"leisure": "park", "name": "Parque de las gaviotas"}, "geometry": {"type": "LineString", "coordinates": [[-75.4892371, 10.3984042], [-75.4890988, 10.3985211], [-75.4889689, 10.3983724], [-75.4891072, 10.3982554], [-75.4892371, 10.3984042]]}}, {"type": "Feature", "id": 1298270556, "properties": {"leisure": "park"}, "geometry": {"type": "LineString", "coordinates": [[-75.4625659, 10.4039918], [-75.4625569, 10.4037447], [-75.4619734, 10.4037654], [-75.4619824, 10.4040124], [-75.4625659, 10.4039918]]}}, {"type": "Feature", "id": 1298270557, "properties": {"leisure": "park"}, "geometry": {"type": "LineString", "coordinates": [[-75.4617876, 10.4046188], [-75.4617596, 10.4038835], [-75.4615934, 10.4038896], [-75.4616216, 10.404625], [-75.4617876, 10.4046188]]}}, {"type": "Feature", "id": 1298270558, "properties": {"leisure": "park"}, "geometry": {"type": "LineString", "coordinates": [[-75.4609191, 10.4056603], [-75.4609243, 10.4051427], [-75.4605033, 10.4051599], [-75.4604647, 10.4056137], [-75.4604682, 10.4056862], [-75.4609191, 10.4056603]]}}, {"type": "Feature", "id": 1298270559, "properties": {"leisure": "park"}, "geometry": {"type": "LineString", "coordinates": [[-75.4629969, 10.4058345], [-75.4629797, 10.4056995], [-75.4633638, 10.4056678], [-75.4633295, 10.4050832], [-75.463529, 10.4057987], [-75.4629969, 10.4058345]]}}, {"type": "Feature", "id": 1299600898, "properties": {"leisure": "park"}, "geometry": {"type": "LineString", "coordinates": [[-75.4994771, 10.3922538], [-75.4994368, 10.3922439], [-75.4993745, 10.3922285], [-75.4992967, 10.3922093], [-75.4991588, 10.3921753], [-75.4991864, 10.3920952], [-75.4992001, 10.392056], [-75.499212, 10.3920217], [-75.4989924, 10.3919402], [-75.4989985, 10.3918863], [-75.4992771, 10.3918602], [-75.499446, 10.3918444], [-75.4995603, 10.3918337], [-75.4995818, 10.391838], [-75.4995947, 10.3918517], [-75.4995982, 10.391862], [-75.4996011, 10.3918707], [-75.4995023, 10.3921748], [-75.4994771, 10.3922538]]}}, {"type": "Feature", "id": 1299600909, "properties": {"leisure": "park"}, "geometry": {"type": "LineString", "coordinates": [[-75.4999326, 10.3925344], [-75.4995827, 10.3924908], [-75.4995127, 10.392479], [-75.4995306, 10.3924148], [-75.4995947, 10.3921852], [-75.4996629, 10.3919485], [-75.4996971, 10.3918713], [-75.49975, 10.3918344], [-75.4997909, 10.3918277], [-75.4998507, 10.391826], [-75.4998777, 10.3920596], [-75.4999326, 10.3925344]]}}, {"type": "Feature", "id": 1299600919, "properties": {"leisure": "park", "name": "Parque La Convivencia"}, "geometry": {"type": "LineString", "coordinates": [[-75.4981766, 10.3924222], [-75.4983055, 10.3919816], [-75.4979083, 10.3920546], [-75.4978094, 10.392309], [-75.4981766, 10.3924222]]}}, {"type": "Feature", "id": 1299609162, "properties": {"leisure": "park"}, "geometry": {"type": "LineString", "coordinates": [[-75.5010754, 10.3919624], [-75.5010383, 10.391667], [-75.5005289, 10.3917288], [-75.5005659, 10.3920241], [-75.5010754, 10.3919624]]}}, {"type": "Feature", "id": 1300241000, "properties": {"leisure": "park"}, "geometry": {"type": "LineString", "coordinates": [[-75.4803522, 10.387616], [-75.4807753, 10.3872825], [-75.4808845, 10.3877374], [-75.4808433, 10.3877753], [-75.4803522, 10.387616]]}}, {"type": "Feature", "id": 1300518422, "properties": {"leisure": "park"}, "geometry": {"type": "LineString", "coordinates": [[-75.4630327, 10.4034024], [-75.4627354, 10.4034161], [-75.4627522, 10.4026605], [-75.4629384, 10.4030593], [-75.462997, 10.4031852], [-75.4630137, 10.4032469], [-75.4630212, 10.4032947], [-75.4630309, 10.4033167], [-75.4630303, 10.4033398], [-75.4630327, 10.4034024]]}}, {"type": "Feature", "id": 1306456048, "properties": {"leisure": "park"}, "geometry": {"type": "LineString", "coordinates": [[-75.4944788, 10.3847255], [-75.4947547, 10.3848266], [-75.4945792, 10.3852954], [-75.4944788, 10.3847255]]}}, {"type": "Feature", "id": 1306476255, "properties": {"leisure": "park"}, "geometry": {"type": "LineString", "coordinates": [[-75.4955386, 10.3839278], [-75.495462, 10.3838924], [-75.4955512, 10.3837054], [-75.4956278, 10.3837408], [-75.4955386, 10.3839278]]}}, {"type": "Feature", "id": 1306476256, "properties": {"leisure": "park"}, "geometry": {"type": "LineString", "coordinates": [[-75.4956531, 10.3836808], [-75.4955765, 10.3836454], [-75.4956657, 10.3834585], [-75.4957424, 10.3834939], [-75.4956531, 10.3836808]]}}, {"type": "Feature", "id": 1306640303, "properties": {"leisure": "park"}, "geometry": {"type": "LineString", "coordinates": [[-75.4928686, 10.3897504], [-75.4926765, 10.3895573], [-75.4925525, 10.3896695], [-75.4924611, 10.3897522], [-75.4921261, 10.3900552], [-75.4921397, 10.3900655], [-75.4921678, 10.3900491], [-75.4925335, 10.3898193], [-75.4926025, 10.3897959], [-75.492652, 10.389779], [-75.4926715, 10.3897724], [-75.4927471, 10.3897528], [-75.4928686, 10.3897504]]}}, {"type": "Feature", "id": 1306648105, "properties": {"leisure": "park"}, "geometry": {"type": "LineString", "coordinates": [[-75.4958329, 10.3878105], [-75.4958218, 10.3877251], [-75.4952407, 10.388155], [-75.4952712, 10.3882395], [-75.4958329, 10.3878105]]}}, {"type": "Feature", "id": 1306648106, "properties": {"leisure": "park"}, "geometry": {"type": "LineString", "coordinates": [[-75.4958833, 10.3883648], [-75.4958421, 10.3881094], [-75.4953935, 10.3884468], [-75.4953973, 10.3884653], [-75.4958833, 10.3883648]]}}, {"type": "Feature", "id": 1306648111, "properties": {"leisure": "park"}, "geometry": {"type": "LineString", "coordinates": [[-75.4961744, 10.3890649], [-75.4962543, 10.3890074], [-75.4961138, 10.3888267], [-75.4960985, 10.3888346], [-75.4961744, 10.3890649]]}}, {"type": "Feature", "id": 1306938965, "properties": {"leisure": "park"}, "geometry": {"type": "LineString", "coordinates": [[-75.4955064, 10.3869141], [-75.4955011, 10.3868846], [-75.4956287, 10.3867774], [-75.4956328, 10.386775], [-75.495637, 10.3867747], [-75.4956428, 10.3867753], [-75.4956477, 10.3867773], [-75.4956521, 10.3867802], [-75.4956831, 10.3869637], [-75.4956446, 10.3869702], [-75.4956378, 10.3869721], [-75.4956247, 10.3868948], [-75.4955064, 10.3869141]]}}, {"type": "Feature", "id": 1306938972, "properties": {"leisure": "park"}, "geometry": {"type": "LineString", "coordinates": [[-75.4956988, 10.3865787], [-75.4957769, 10.386521], [-75.4956639, 10.386373], [-75.4956547, 10.3863786], [-75.4956988, 10.3865787]]}}, {"type": "Feature", "id": 1307629289, "properties": {"leisure": "park"}, "geometry": {"type": "LineString", "coordinates": [[-75.491656, 10.3893207], [-75.4918409, 10.3891546], [-75.4916559, 10.3889553], [-75.4916011, 10.3890045], [-75.491656, 10.3893207]]}}, {"type": "Feature", "id": 1307629290, "properties": {"leisure": "park"}, "geometry": {"type": "LineString", "coordinates": [[-75.4915958, 10.3889654], [-75.4917955, 10.3887591], [-75.4915269, 10.3885074], [-75.4915958, 10.3889654]]}}, {"type": "Feature", "id": 1307861157, "properties": {"leisure": "park"}, "geometry": {"type": "LineString", "coordinates": [[-75.446, 10.4130858], [-75.4456871, 10.4133212], [-75.4453661, 10.412925], [-75.4456906, 10.4126839], [-75.446, 10.4130858]]}}, {"type": "Feature", "id": 1315947430, "properties": {"leisure": "park"}, "geometry": {"type": "LineString", "coordinates": [[-75.4858885, 10.3832581], [-75.4856905, 10.3832766], [-75.4856793, 10.3831615], [-75.4858773, 10.3831429], [-75.4858885, 10.3832581]]}}, {"type": "Feature", "id": 1335121072, "properties": {"leisure": "park"}, "geometry": {"type": "LineString", "coordinates": [[-75.4626439, 10.4066854], [-75.4625222, 10.4065465], [-75.4624482, 10.406477], [-75.4623699, 10.4064251], [-75.4626938, 10.4064102], [-75.4631138, 10.4063908], [-75.4631325, 10.4066578], [-75.4626439, 10.4066854]]}}, {"type": "Feature", "id": 1337660679, "properties": {"leisure": "park"}, "geometry": {"type": "LineString", "coordinates": [[-75.4893846, 10.3883245], [-75.4893994, 10.3882916], [-75.4893734, 10.3882419], [-75.4892983, 10.3881643], [-75.4892699, 10.3881638], [-75.4892506, 10.3881688], [-75.4892235, 10.3882181], [-75.4891864, 10.3883082], [-75.489224, 10.3883527], [-75.48926, 10.3883564], [-75.4893846, 10.3883245]]}}, {"type": "Feature", "id": 1347904605, "properties": {"leisure": "park"}, "geometry": {"type": "LineString", "coordinates": [[-75.4982101, 10.3770232], [-75.4981672, 10.3770023], [-75.4981714, 10.3764222], [-75.4981886, 10.376343], [-75.4981955, 10.3763339], [-75.4982045, 10.3763273], [-75.4982189, 10.3763259], [-75.4984727, 10.3764426], [-75.4982101, 10.3770232]]}}, {"type": "Feature", "id": 1348318240, "properties": {"leisure": "park"}, "geometry": {"type": "LineString", "coordinates": [[-75.5062192, 10.3937622], [-75.5062883, 10.3938722], [-75.5063441, 10.3938382], [-75.5062749, 10.3937282], [-75.5062192, 10.3937622]]}}, {"type": "Feature", "id": 1348318585, "properties": {"leisure": "park"}, "geometry": {"type": "LineString", "coordinates": [[-75.5049049, 10.392871], [-75.5047358, 10.3929662], [-75.5046537, 10.3928252], [-75.5048227, 10.39273], [-75.5049049, 10.392871]]}}, {"type": "Feature", "id": 1348410009, "properties": {"leisure": "park"}, "geometry": {"type": "LineString", "coordinates": [[-75.4950579, 10.3940114], [-75.4951075, 10.3940081], [-75.4952408, 10.3940307], [-75.4954093, 10.3940774], [-75.4954721, 10.394094], [-75.4956071, 10.3936243], [-75.4952258, 10.3935283], [-75.4951058, 10.3938736], [-75.4950579, 10.3940114]]}}, {"type": "Feature", "id": 1348830675, "properties": {"leisure": "park"}, "geometry": {"type": "LineString", "coordinates": [[-75.5012678, 10.3861661], [-75.5010364, 10.3858706], [-75.5010989, 10.3861966], [-75.5012678, 10.3861661]]}}, {"type": "Feature", "id": 1350786993, "properties": {"leisure": "park"}, "geometry": {"type": "LineString", "coordinates": [[-75.4947035, 10.3874862], [-75.4947836, 10.3874118], [-75.4944271, 10.3870407], [-75.4943469, 10.3871152], [-75.4947035, 10.3874862]]}}, {"type": "Feature", "id": 1350941537, "properties": {"leisure": "park"}, "geometry": {"type": "LineString", "coordinates": [[-75.5071151, 10.3923885], [-75.5070679, 10.3924195], [-75.5070676, 10.3924369], [-75.5070713, 10.3924572], [-75.5074115, 10.393021], [-75.5074259, 10.3930417], [-75.5074423, 10.3930506], [-75.507458, 10.3930468], [-75.5074957, 10.3930245], [-75.5071151, 10.3923885]]}}, {"type": "Feature", "id": 1350941540, "properties": {"leisure": "park"}, "geometry": {"type": "LineString", "coordinates": [[-75.5074118, 10.3885364], [-75.5076619, 10.3876923], [-75.5069943, 10.387795], [-75.5065964, 10.3878519], [-75.5066047, 10.3878895], [-75.5067979, 10.3879465], [-75.5069137, 10.3879953], [-75.5069633, 10.3880288], [-75.5070625, 10.3881335], [-75.5071059, 10.3882138], [-75.5071658, 10.3883368], [-75.5071886, 10.3883886], [-75.5072563, 10.3884536], [-75.5072919, 10.3884827], [-75.5073684, 10.388523], [-75.5074118, 10.3885364]]}}, {"type": "Feature", "id": 1350941546, "properties": {"leisure": "park"}, "geometry": {"type": "LineString", "coordinates": [[-75.5069985, 10.3902489], [-75.5067368, 10.3903992], [-75.5064727, 10.3899482], [-75.5067076, 10.3897916], [-75.5067085, 10.3897365], [-75.5065164, 10.3894171], [-75.5063036, 10.3890421], [-75.5069579, 10.388937], [-75.506804, 10.3880578], [-75.50677, 10.3880403], [-75.5066971, 10.3880435], [-75.5066939, 10.3880052], [-75.5067495, 10.388016], [-75.5067862, 10.3880307], [-75.5068639, 10.3880642], [-75.5069417, 10.3881135], [-75.5070064, 10.3882043], [-75.5070453, 10.3882967], [-75.5070858, 10.3883875], [-75.5071279, 10.3884528], [-75.5071943, 10.3885133], [-75.5072331, 10.3885436], [-75.5072688, 10.3885707], [-75.5073255, 10.3885914], [-75.5073999, 10.3886105], [-75.5069911, 10.3901681], [-75.5069766, 10.3902159], [-75.5069985, 10.3902489]]}}, {"type": "Feature", "id": 1352122424, "properties": {"leisure": "park"}, "geometry": {"type": "LineString", "coordinates": [[-75.5064892, 10.3917682], [-75.5065903, 10.3917549], [-75.5063796, 10.3913993], [-75.5063155, 10.3914076], [-75.5064892, 10.3917682]]}}, {"type": "Feature", "id": 1352843930, "properties": {"leisure": "park"}, "geometry": {"type": "LineString", "coordinates": [[-75.5073862, 10.3931197], [-75.5074046, 10.3935441], [-75.507381, 10.393806], [-75.507352, 10.393868], [-75.5073281, 10.393902], [-75.5071593, 10.3940248], [-75.507236, 10.3941391], [-75.5077277, 10.3938074], [-75.507774, 10.393773], [-75.5073862, 10.3931197]]}}, {"type": "Feature", "id": 1353659720, "properties": {"leisure": "park"}, "geometry": {"type": "LineString", "coordinates": [[-75.5064352, 10.3880485], [-75.5061452, 10.3880281], [-75.5061271, 10.3880269], [-75.5060222, 10.3880202], [-75.505711, 10.3880668], [-75.5050628, 10.3881737], [-75.5050473, 10.3882247], [-75.505033, 10.3882715], [-75.5062949, 10.3880708], [-75.5064352, 10.3880485]]}}, {"type": "Feature", "id": 1354966527, "properties": {"leisure": "park"}, "geometry": {"type": "LineString", "coordinates": [[-75.5046697, 10.3922873], [-75.5045955, 10.3921497], [-75.5044448, 10.392164], [-75.504392, 10.3923776], [-75.5044257, 10.3924356], [-75.5046697, 10.3922873]]}}, {"type": "Feature", "id": 1358231400, "properties": {"leisure": "park"}, "geometry": {"type": "LineString", "coordinates": [[-75.5051228, 10.3893299], [-75.5051414, 10.3893193], [-75.5050734, 10.3892068], [-75.5050491, 10.3892083], [-75.5050076, 10.389399], [-75.5050193, 10.3894026], [-75.505023, 10.3893828], [-75.5051213, 10.3893273], [-75.5051228, 10.3893299]]}}, {"type": "Feature", "id": 1360459643, "properties": {"leisure": "park"}, "geometry": {"type": "LineString", "coordinates": [[-75.5036868, 10.3917817], [-75.5036712, 10.3916658], [-75.5034914, 10.3916894], [-75.5035086, 10.3918164], [-75.5035232, 10.3919244], [-75.5036868, 10.3917817]]}}, {"type": "Feature", "id": 1361306453, "properties": {"leisure": "park"}, "geometry": {"type": "LineString", "coordinates": [[-75.5537429, 10.4038002], [-75.5536796, 10.4037476], [-75.5537228, 10.403697], [-75.5537728, 10.4036379], [-75.5538362, 10.4036905], [-75.5537429, 10.4038002]]}}, {"type": "Feature", "id": 1362712765, "properties": {"leisure": "park"}, "geometry": {"type": "LineString", "coordinates": [[-75.5011276, 10.3912294], [-75.5011213, 10.3911812], [-75.5011148, 10.391132], [-75.50111, 10.3910953], [-75.501234, 10.3910795], [-75.5012206, 10.3909772], [-75.5011103, 10.3909913], [-75.5009948, 10.3910059], [-75.5010258, 10.3912424], [-75.5011276, 10.3912294]]}}, {"type": "Feature", "id": 1362712769, "properties": {"leisure": "park"}, "geometry": {"type": "LineString", "coordinates": [[-75.5018209, 10.3907645], [-75.5012327, 10.3908451], [-75.5012466, 10.3909436], [-75.5018348, 10.390863], [-75.5018209, 10.3907645]]}}, {"type": "Feature", "id": 1362712770, "properties": {"leisure": "park"}, "geometry": {"type": "LineString", "coordinates": [[-75.5023043, 10.3910933], [-75.50228, 10.3909045], [-75.5020798, 10.3909294], [-75.5021041, 10.3911182], [-75.5023043, 10.3910933]]}}, {"type": "Feature", "id": 1362864033, "properties": {"leisure": "park"}, "geometry": {"type": "LineString", "coordinates": [[-75.5028928, 10.3906033], [-75.5028524, 10.3906088], [-75.502853, 10.3906478], [-75.5024905, 10.3906938], [-75.5024749, 10.3906619], [-75.5024067, 10.3906737], [-75.5024132, 10.3907227], [-75.5024216, 10.3907873], [-75.5024732, 10.390782], [-75.5025187, 10.3907762], [-75.5025722, 10.3907694], [-75.5026155, 10.3907639], [-75.5026653, 10.3907576], [-75.5027117, 10.3907517], [-75.5027585, 10.3907457], [-75.5028031, 10.3907401], [-75.5029092, 10.3907249], [-75.5029001, 10.3906595], [-75.5028928, 10.3906033]]}}, {"type": "Feature", "id": 1362864042, "properties": {"leisure": "park"}, "geometry": {"type": "LineString", "coordinates": [[-75.5032306, 10.3911519], [-75.5032574, 10.3911472], [-75.5032512, 10.3911017], [-75.503246, 10.3910612], [-75.50324, 10.3910146], [-75.5031614, 10.3910253], [-75.5031794, 10.3911593], [-75.5032306, 10.3911519]]}}, {"type": "Feature", "id": 1363184165, "properties": {"leisure": "park"}, "geometry": {"type": "LineString", "coordinates": [[-75.5026251, 10.3905352], [-75.5027342, 10.3905178], [-75.5027108, 10.3903756], [-75.5026878, 10.390236], [-75.5025787, 10.3902534], [-75.502602, 10.390395], [-75.5026251, 10.3905352]]}}, {"type": "Feature", "id": 1363962848, "properties": {"leisure": "park"}, "geometry": {"type": "LineString", "coordinates": [[-75.499262, 10.3910697], [-75.499006, 10.3911004], [-75.4990098, 10.3910602], [-75.4990162, 10.3909984], [-75.4990214, 10.3909456], [-75.4990266, 10.3908937], [-75.499032, 10.3908394], [-75.4990371, 10.3907881], [-75.4990424, 10.3907355], [-75.4990487, 10.3906725], [-75.4990568, 10.3905938], [-75.4991545, 10.3905776], [-75.4991687, 10.3908067], [-75.4992164, 10.3908001], [-75.499262, 10.3910697]]}}, {"type": "Feature", "id": 1364086557, "properties": {"leisure": "park"}, "geometry": {"type": "LineString", "coordinates": [[-75.4662929, 10.3887785], [-75.4663348, 10.3887365], [-75.466151, 10.3884107], [-75.4658238, 10.388131], [-75.4651646, 10.3886844], [-75.4650495, 10.3887809], [-75.4662929, 10.3887785]]}}, {"type": "Feature", "id": 1364108405, "properties": {"leisure": "park"}, "geometry": {"type": "LineString", "coordinates": [[-75.5033275, 10.3898047], [-75.503377, 10.3897948], [-75.5033171, 10.3894539], [-75.50327, 10.389463], [-75.50329, 10.3895818], [-75.5033008, 10.3896459], [-75.5033098, 10.3896993], [-75.5033181, 10.3897489], [-75.5033275, 10.3898047]]}}, {"type": "Feature", "id": 1364471711, "properties": {"leisure": "park"}, "geometry": {"type": "LineString", "coordinates": [[-75.4960275, 10.3922494], [-75.4959278, 10.391724], [-75.4954517, 10.3918114], [-75.4955515, 10.3923368], [-75.4960275, 10.3922494]]}}, {"type": "Feature", "id": 1364556785, "properties": {"leisure": "park"}, "geometry": {"type": "LineString", "coordinates": [[-75.4988708, 10.3905904], [-75.4988937, 10.3900839], [-75.4987224, 10.3901086], [-75.4988708, 10.3905904]]}}, {"type": "Feature", "id": 1364817737, "properties": {"leisure": "park", "name": "Parque Villa Rosita"}, "geometry": {"type": "LineString", "coordinates": [[-75.4689276, 10.3975558], [-75.4688444, 10.3974846], [-75.4693809, 10.3968699], [-75.4697242, 10.3971865], [-75.4689276, 10.3975558]]}}, {"type": "Feature", "id": 1364892577, "properties": {"leisure": "park"}, "geometry": {"type": "LineString", "coordinates": [[-75.4521323, 10.3813395], [-75.4522247, 10.3811781], [-75.4515668, 10.3808604], [-75.4514342, 10.380806], [-75.4513306, 10.3807756], [-75.4512183, 10.380773], [-75.4511484, 10.3808234], [-75.4511351, 10.3808504], [-75.451205, 10.3808469], [-75.4512767, 10.380853], [-75.4515412, 10.3809862], [-75.4521323, 10.3813395]]}}, {"type": "Feature", "id": 1364892578, "properties": {"leisure": "park"}, "geometry": {"type": "LineString", "coordinates": [[-75.4544867, 10.3830091], [-75.4542998, 10.3828326], [-75.4542733, 10.3828679], [-75.4544867, 10.3830091]]}}, {"type": "Feature", "id": 1365640975, "properties": {"leisure": "park"}, "geometry": {"type": "LineString", "coordinates": [[-75.4964233, 10.3933525], [-75.4965645, 10.3928543], [-75.4964588, 10.3928253], [-75.4963922, 10.3928399], [-75.4963311, 10.3928611], [-75.4959394, 10.3932193], [-75.4964233, 10.3933525]]}}, {"type": "Feature", "id": 1365640988, "properties": {"leisure": "park"}, "geometry": {"type": "LineString", "coordinates": [[-75.496573, 10.3928234], [-75.4966381, 10.3925599], [-75.4964158, 10.3927719], [-75.496573, 10.3928234]]}}, {"type": "Feature", "id": 1366094456, "properties": {"leisure": "park"}, "geometry": {"type": "LineString", "coordinates": [[-75.481543, 10.3845333], [-75.4815288, 10.3844583], [-75.4811284, 10.3843254], [-75.4812148, 10.3847962], [-75.481543, 10.3845333]]}}, {"type": "Feature", "id": 1366094458, "properties": {"leisure": "park"}, "geometry": {"type": "LineString", "coordinates": [[-75.482189, 10.3824133], [-75.4817149, 10.3827781], [-75.4816453, 10.3827557], [-75.4815933, 10.3825005], [-75.4816269, 10.3824939], [-75.481572, 10.3822244], [-75.482189, 10.3824133]]}}, {"type": "Feature", "id": 1366660996, "properties": {"leisure": "park"}, "geometry": {"type": "LineString", "coordinates": [[-75.4906905, 10.3927239], [-75.4905764, 10.3920057], [-75.4903732, 10.3920369], [-75.4904872, 10.3927551], [-75.4906905, 10.3927239]]}}, {"type": "Feature", "id": 1366661003, "properties": {"leisure": "park"}, "geometry": {"type": "LineString", "coordinates": [[-75.4909619, 10.3938516], [-75.4908839, 10.3938645], [-75.4908934, 10.3939112], [-75.4909288, 10.3939431], [-75.4911418, 10.3939128], [-75.4911371, 10.3938863], [-75.4911539, 10.3938835], [-75.4911515, 10.3938698], [-75.4912081, 10.3938603], [-75.4912185, 10.3939199], [-75.4913161, 10.3939034], [-75.4913056, 10.3938438], [-75.4913039, 10.3938321], [-75.491261, 10.3938388], [-75.4912268, 10.3938078], [-75.4910947, 10.3938296], [-75.4909619, 10.3938516]]}}, {"type": "Feature", "id": 1366661004, "properties": {"leisure": "park"}, "geometry": {"type": "LineString", "coordinates": [[-75.4917488, 10.3945813], [-75.4917217, 10.3943993], [-75.4920275, 10.3943552], [-75.4920804, 10.3947012], [-75.4923294, 10.3946686], [-75.4923652, 10.3948865], [-75.4926554, 10.3948446], [-75.4926853, 10.3950446], [-75.4929663, 10.3950045], [-75.4930292, 10.3954082], [-75.4932402, 10.3955239], [-75.4932491, 10.3955582], [-75.4930197, 10.3954282], [-75.4917488, 10.3945813]]}}, {"type": "Feature", "id": 1368029412, "properties": {"leisure": "park"}, "geometry": {"type": "LineString", "coordinates": [[-75.4934411, 10.393455], [-75.4935155, 10.3934485], [-75.4935477, 10.3936015], [-75.4934792, 10.3936141], [-75.4934411, 10.393455]]}}, {"type": "Feature", "id": 1368198638, "properties": {"leisure": "park"}, "geometry": {"type": "LineString", "coordinates": [[-75.4927761, 10.3939041], [-75.4927584, 10.3938023], [-75.4922439, 10.3938891], [-75.4922616, 10.3939907], [-75.4927761, 10.3939041]]}}, {"type": "Feature", "id": 1368278163, "properties": {"leisure": "park"}, "geometry": {"type": "LineString", "coordinates": [[-75.4923778, 10.3934043], [-75.4925404, 10.3933793], [-75.4925533, 10.3934607], [-75.4923907, 10.3934857], [-75.4923778, 10.3934043]]}}, {"type": "Feature", "id": 1368281803, "properties": {"leisure": "park"}, "geometry": {"type": "LineString", "coordinates": [[-75.4964852, 10.3814798], [-75.4963253, 10.3814081], [-75.496241, 10.3815929], [-75.4963988, 10.3816644], [-75.4964852, 10.3814798]]}}, {"type": "Feature", "id": 1369414016, "properties": {"leisure": "park"}, "geometry": {"type": "LineString", "coordinates": [[-75.490066, 10.3933799], [-75.4901344, 10.3932644], [-75.4901234, 10.3932038], [-75.4898865, 10.3932457], [-75.4898726, 10.3932692], [-75.490066, 10.3933799]]}}, {"type": "Feature", "id": 1369830821, "properties": {"leisure": "park"}, "geometry": {"type": "LineString", "coordinates": [[-75.489946, 10.3907257], [-75.4898304, 10.3907271], [-75.489829, 10.3907712], [-75.4899389, 10.3907702], [-75.4899432, 10.3907438], [-75.489946, 10.3907257]]}}, {"type": "Feature", "id": 1369830823, "properties": {"leisure": "park"}, "geometry": {"type": "LineString", "coordinates": [[-75.4885682, 10.3937329], [-75.4886314, 10.393611], [-75.4887813, 10.3933221], [-75.4888102, 10.3932664], [-75.4886536, 10.3931878], [-75.4886247, 10.3932435], [-75.4884749, 10.3935325], [-75.4884682, 10.3935453], [-75.4884117, 10.3936544], [-75.4885682, 10.3937329]]}}, {"type": "Feature", "id": 1370437639, "properties": {"leisure": "park"}, "geometry": {"type": "LineString", "coordinates": [[-75.4960299, 10.3947401], [-75.4961407, 10.3943508], [-75.495526, 10.3941815], [-75.4954152, 10.3945709], [-75.4957062, 10.394651], [-75.4960299, 10.3947401]]}}, {"type": "Feature", "id": 1370437640, "properties": {"leisure": "park"}, "geometry": {"type": "LineString", "coordinates": [[-75.4969862, 10.3948183], [-75.4970501, 10.3946011], [-75.4962341, 10.394369], [-75.4961702, 10.3945863], [-75.4969862, 10.3948183]]}}, {"type": "Feature", "id": 1372120515, "properties": {"leisure": "park"}, "geometry": {"type": "LineString", "coordinates": [[-75.4999008, 10.3926138], [-75.4999391, 10.3927572], [-75.4999038, 10.3930221], [-75.4998839, 10.3931421], [-75.499644, 10.3931151], [-75.4997887, 10.3925791], [-75.4998474, 10.3925817], [-75.4999008, 10.3926138]]}}, {"type": "Feature", "id": 1372120519, "properties": {"leisure": "park"}, "geometry": {"type": "LineString", "coordinates": [[-75.4991218, 10.3925282], [-75.4989248, 10.3924749], [-75.4988087, 10.3928721], [-75.4990025, 10.3929286], [-75.4991218, 10.3925282]]}}, {"type": "Feature", "id": 1372500866, "properties": {"leisure": "park"}, "geometry": {"type": "LineString", "coordinates": [[-75.4974423, 10.3934115], [-75.4975147, 10.3931453], [-75.4969593, 10.3930044], [-75.496881, 10.3932601], [-75.4971601, 10.3933367], [-75.4974423, 10.3934115]]}}, {"type": "Feature", "id": 1372500867, "properties": {"leisure": "park"}, "geometry": {"type": "LineString", "coordinates": [[-75.4979032, 10.3941895], [-75.4976336, 10.3941165], [-75.4978784, 10.3932426], [-75.4981479, 10.3933156], [-75.4979032, 10.3941895]]}}, {"type": "Feature", "id": 1372500869, "properties": {"leisure": "park"}, "geometry": {"type": "LineString", "coordinates": [[-75.4995584, 10.394067], [-75.4996432, 10.3937773], [-75.499457, 10.3937245], [-75.4993722, 10.3940143], [-75.4995584, 10.394067]]}}, {"type": "Feature", "id": 1372500870, "properties": {"leisure": "park"}, "geometry": {"type": "LineString", "coordinates": [[-75.49926, 10.3961609], [-75.4991491, 10.3965466], [-75.4990027, 10.3965059], [-75.4991137, 10.3961202], [-75.49926, 10.3961609]]}}, {"type": "Feature", "id": 1372500871, "properties": {"leisure": "park"}, "geometry": {"type": "LineString", "coordinates": [[-75.4995018, 10.3953157], [-75.4995703, 10.3950737], [-75.4994136, 10.3950308], [-75.4993451, 10.3952727], [-75.4995018, 10.3953157]]}}, {"type": "Feature", "id": 1372500876, "properties": {"leisure": "park"}, "geometry": {"type": "LineString", "coordinates": [[-75.5000634, 10.3944814], [-75.5000825, 10.3938529], [-75.5000175, 10.3938451], [-75.4999496, 10.3937958], [-75.4998493, 10.3941389], [-75.4999621, 10.3941738], [-75.4998908, 10.3944343], [-75.5000634, 10.3944814]]}}, {"type": "Feature", "id": 1372581889, "properties": {"leisure": "park"}, "geometry": {"type": "LineString", "coordinates": [[-75.498891, 10.3969069], [-75.4989226, 10.3968002], [-75.499072, 10.3968409], [-75.4993233, 10.3969107], [-75.4993148, 10.3969421], [-75.4992593, 10.397148], [-75.4990085, 10.396983], [-75.498891, 10.3969069]]}}, {"type": "Feature", "id": 1372708177, "properties": {"leisure": "park"}, "geometry": {"type": "LineString", "coordinates": [[-75.5077153, 10.3900152], [-75.5077715, 10.3897972], [-75.5075389, 10.3897392], [-75.5074827, 10.3899572], [-75.5077153, 10.3900152]]}}, {"type": "Feature", "id": 1372708178, "properties": {"leisure": "park"}, "geometry": {"type": "LineString", "coordinates": [[-75.5089463, 10.3903477], [-75.5090138, 10.3900977], [-75.5084747, 10.3899567], [-75.5084071, 10.3902067], [-75.5089463, 10.3903477]]}}, {"type": "Feature", "id": 1372708184, "properties": {"leisure": "park"}, "geometry": {"type": "LineString", "coordinates": [[-75.5105301, 10.3883697], [-75.5105749, 10.3883985], [-75.5106099, 10.3885594], [-75.5104862, 10.3885234], [-75.5105301, 10.3883697]]}}, {"type": "Feature", "id": 1372708185, "properties": {"leisure": "park"}, "geometry": {"type": "LineString", "coordinates": [[-75.510394, 10.3883294], [-75.5103315, 10.3882689], [-75.5102526, 10.3882334], [-75.5101341, 10.3881818], [-75.5099308, 10.3881451], [-75.5099116, 10.3882037], [-75.510394, 10.3883294]]}}, {"type": "Feature", "id": 1373170684, "properties": {"leisure": "park"}, "geometry": {"type": "LineString", "coordinates": [[-75.4909172, 10.3880673], [-75.490818, 10.387974], [-75.4906955, 10.3880959], [-75.4907054, 10.3881056], [-75.4909172, 10.3880673]]}}, {"type": "Feature", "id": 1373170685, "properties": {"leisure": "park"}, "geometry": {"type": "LineString", "coordinates": [[-75.4910029, 10.3880645], [-75.4909888, 10.388052], [-75.4911283, 10.3879391], [-75.4911991, 10.3880213], [-75.4910029, 10.3880645]]}}, {"type": "Feature", "id": 1373259014, "properties": {"leisure": "park"}, "geometry": {"type": "LineString", "coordinates": [[-75.4830391, 10.3920221], [-75.4830887, 10.3919331], [-75.4828593, 10.3918081], [-75.4828087, 10.3918941], [-75.4817621, 10.3912826], [-75.4808767, 10.3907482], [-75.4813201, 10.3903235], [-75.4811714, 10.3900152], [-75.4809459, 10.389793], [-75.4811149, 10.3896321], [-75.4814226, 10.3904675], [-75.4816573, 10.3910858], [-75.4816704, 10.3911172], [-75.4816852, 10.3911339], [-75.4817047, 10.3911505], [-75.4817299, 10.3911688], [-75.4817701, 10.391196], [-75.4818135, 10.3912203], [-75.4844421, 10.3925804], [-75.4841631, 10.3926998], [-75.4830391, 10.3920221]]}}, {"type": "Feature", "id": 1373292348, "properties": {"leisure": "park"}, "geometry": {"type": "LineString", "coordinates": [[-75.4984027, 10.3952559], [-75.4981739, 10.3951917], [-75.4981355, 10.3953244], [-75.4983642, 10.3953886], [-75.4984027, 10.3952559]]}}, {"type": "Feature", "id": 1373601676, "properties": {"leisure": "park"}, "geometry": {"type": "LineString", "coordinates": [[-75.511543, 10.3948547], [-75.511652, 10.3946793], [-75.5114192, 10.3945364], [-75.5112898, 10.3947318], [-75.511543, 10.3948547]]}}, {"type": "Feature", "id": 1373601685, "properties": {"leisure": "park"}, "geometry": {"type": "LineString", "coordinates": [[-75.5106077, 10.3946301], [-75.51042, 10.3949006], [-75.5103283, 10.3949636], [-75.5102686, 10.3949788], [-75.5102178, 10.394981], [-75.5101527, 10.3949538], [-75.5101107, 10.3949104], [-75.5100422, 10.3948322], [-75.510315, 10.3944498], [-75.5106077, 10.3946301]]}}, {"type": "Feature", "id": 1373601695, "properties": {"leisure": "park"}, "geometry": {"type": "LineString", "coordinates": [[-75.5122949, 10.3952666], [-75.5121429, 10.3952662], [-75.5121325, 10.3952555], [-75.5123144, 10.3949619], [-75.5123393, 10.3949631], [-75.5123364, 10.395101], [-75.5122952, 10.3951527], [-75.5122948, 10.3952488], [-75.5122949, 10.3952666]]}}, {"type": "Feature", "id": 1373601704, "properties": {"leisure": "park"}, "geometry": {"type": "LineString", "coordinates": [[-75.5128988, 10.3943463], [-75.5129112, 10.3939521], [-75.5128241, 10.3941238], [-75.5127653, 10.3942364], [-75.5127003, 10.3943471], [-75.5128988, 10.3943463]]}}, {"type": "Feature", "id": 1373601713, "properties": {"leisure": "park"}, "geometry": {"type": "LineString", "coordinates": [[-75.5136204, 10.3934161], [-75.5133782, 10.3930545], [-75.5132463, 10.3932549], [-75.5133565, 10.393257], [-75.5133565, 10.3934296], [-75.5136204, 10.3934161]]}}, {"type": "Feature", "id": 1373601722, "properties": {"leisure": "park"}, "geometry": {"type": "LineString", "coordinates": [[-75.5141544, 10.3973749], [-75.5148414, 10.3973804], [-75.5148475, 10.3971236], [-75.5141554, 10.3971265], [-75.5141544, 10.3973749]]}}, {"type": "Feature", "id": 1373601730, "properties": {"leisure": "park"}, "geometry": {"type": "LineString", "coordinates": [[-75.5164038, 10.3967621], [-75.5164067, 10.3965148], [-75.5158387, 10.3965083], [-75.5158357, 10.3967554], [-75.5164038, 10.3967621]]}}, {"type": "Feature", "id": 1374540682, "properties": {"leisure": "park"}, "geometry": {"type": "LineString", "coordinates": [[-75.4944065, 10.3950846], [-75.4944085, 10.3950704], [-75.4944133, 10.3950477], [-75.4944101, 10.3950234], [-75.4944038, 10.394989], [-75.4943839, 10.3949155], [-75.4940755, 10.3949591], [-75.4941135, 10.3949677], [-75.4941255, 10.3949712], [-75.4942548, 10.3950124], [-75.4942522, 10.3950182], [-75.4943886, 10.3950769], [-75.4944065, 10.3950846]]}}, {"type": "Feature", "id": 1374540683, "properties": {"leisure": "park"}, "geometry": {"type": "LineString", "coordinates": [[-75.4940298, 10.395153], [-75.4940072, 10.39514], [-75.4940165, 10.395105], [-75.4939665, 10.3950775], [-75.4939375, 10.3951002], [-75.4939178, 10.3950889], [-75.4940755, 10.3949591], [-75.4941135, 10.3949677], [-75.4940298, 10.395153]]}}, {"type": "Feature", "id": 1374540685, "properties": {"leisure": "park"}, "geometry": {"type": "LineString", "coordinates": [[-75.4948723, 10.3955209], [-75.4949219, 10.3953658], [-75.4949379, 10.3953658], [-75.4949459, 10.3953232], [-75.494939, 10.3953159], [-75.4949402, 10.3953075], [-75.4949396, 10.3953018], [-75.4948592, 10.3952418], [-75.4948341, 10.3952233], [-75.4948176, 10.3952222], [-75.494805, 10.3952261], [-75.4947936, 10.3952368], [-75.4947925, 10.3952508], [-75.4947971, 10.3952544], [-75.4948039, 10.3952598], [-75.4948278, 10.3952699], [-75.4948427, 10.3952766], [-75.4948552, 10.3952845], [-75.4947694, 10.3954748], [-75.4948723, 10.3955209]]}}, {"type": "Feature", "id": 1374540690, "properties": {"leisure": "park"}, "geometry": {"type": "LineString", "coordinates": [[-75.4951895, 10.3953512], [-75.4950627, 10.3953165], [-75.4950209, 10.3953318], [-75.4949319, 10.3952567], [-75.4948682, 10.3952035], [-75.4948166, 10.3951699], [-75.4947989, 10.3951317], [-75.4947044, 10.395087], [-75.4946185, 10.3950502], [-75.4946264, 10.3948665], [-75.4945829, 10.3946499], [-75.4947807, 10.3947023], [-75.4947009, 10.3950102], [-75.4951759, 10.3951514], [-75.495191, 10.3950958], [-75.4952594, 10.3951209], [-75.4951895, 10.3953512]]}}, {"type": "Feature", "id": 1375488381, "properties": {"leisure": "park"}, "geometry": {"type": "LineString", "coordinates": [[-75.4536321, 10.3797431], [-75.4535816, 10.3796758], [-75.4534774, 10.3796134], [-75.4534562, 10.379623], [-75.4534358, 10.379637], [-75.4529506, 10.3805714], [-75.4529928, 10.3805996], [-75.4536321, 10.3797431]]}}, {"type": "Feature", "id": 1376176276, "properties": {"leisure": "park"}, "geometry": {"type": "LineString", "coordinates": [[-75.4934439, 10.3956681], [-75.4934219, 10.3954904], [-75.4933371, 10.3955006], [-75.4933501, 10.3956051], [-75.4934439, 10.3956681]]}}, {"type": "Feature", "id": 1376316293, "properties": {"leisure": "park"}, "geometry": {"type": "LineString", "coordinates": [[-75.4983717, 10.3966821], [-75.4982327, 10.3965902], [-75.4979987, 10.3969326], [-75.4981376, 10.3970245], [-75.4983717, 10.3966821]]}}, {"type": "Feature", "id": 1376361947, "properties": {"leisure": "park"}, "geometry": {"type": "LineString", "coordinates": [[-75.4904146, 10.388143], [-75.4904259, 10.3881548], [-75.4906229, 10.3881156], [-75.4905389, 10.3880279], [-75.4904146, 10.388143]]}}, {"type": "Feature", "id": 1376361948, "properties": {"leisure": "park"}, "geometry": {"type": "LineString", "coordinates": [[-75.4901635, 10.3881952], [-75.4901447, 10.3881759], [-75.4902624, 10.3880651], [-75.4903703, 10.3881759], [-75.4901635, 10.3881952]]}}, {"type": "Feature", "id": 1376361949, "properties": {"leisure": "park"}, "geometry": {"type": "LineString", "coordinates": [[-75.4898738, 10.388241], [-75.4898534, 10.3882196], [-75.4899847, 10.3880988], [-75.4900806, 10.3881997], [-75.4898738, 10.388241]]}}, {"type": "Feature", "id": 1376361950, "properties": {"leisure": "park"}, "geometry": {"type": "LineString", "coordinates": [[-75.4896039, 10.3882762], [-75.4895926, 10.388265], [-75.48971, 10.3881501], [-75.4898084, 10.3882473], [-75.4896039, 10.3882762]]}}, {"type": "Feature", "id": 1376930323, "properties": {"leisure": "park"}, "geometry": {"type": "LineString", "coordinates": [[-75.4945445, 10.3950496], [-75.4945268, 10.3950482], [-75.494486, 10.3950309], [-75.4944475, 10.3948929], [-75.4945278, 10.3948811], [-75.4945445, 10.3950496]]}}, {"type": "Feature", "id": 1377259958, "properties": {"leisure": "park"}, "geometry": {"type": "LineString", "coordinates": [[-75.4954878, 10.3966706], [-75.4955065, 10.3966314], [-75.4955227, 10.3965922], [-75.4955431, 10.3965381], [-75.4949568, 10.3963617], [-75.4949477, 10.3963923], [-75.4954878, 10.3966706]]}}, {"type": "Feature", "id": 1378574346, "properties": {"leisure": "park"}, "geometry": {"type": "LineString", "coordinates": [[-75.4815842, 10.3905244], [-75.4816278, 10.3906702], [-75.4818601, 10.390216], [-75.4819797, 10.3902758], [-75.4820022, 10.3902307], [-75.4820139, 10.3902073], [-75.4820223, 10.3901902], [-75.4820449, 10.3901482], [-75.4816615, 10.3899554], [-75.481797, 10.3896987], [-75.4812981, 10.3894537], [-75.4811658, 10.3895912], [-75.4815332, 10.390531], [-75.4815842, 10.3905244]]}}, {"type": "Feature", "id": 1378574352, "properties": {"leisure": "park"}, "geometry": {"type": "LineString", "coordinates": [[-75.4808102, 10.3909158], [-75.4806248, 10.3912178], [-75.4802019, 10.3909728], [-75.4806014, 10.39057], [-75.4807676, 10.3906674], [-75.4806781, 10.3907637], [-75.4805876, 10.3907043], [-75.4805144, 10.3907982], [-75.4806379, 10.3908669], [-75.4806597, 10.3908297], [-75.4808102, 10.3909158]]}}, {"type": "Feature", "id": 1378683777, "properties": {"leisure": "park"}, "geometry": {"type": "LineString", "coordinates": [[-75.4912297, 10.3995054], [-75.4912319, 10.3993212], [-75.4907773, 10.3993032], [-75.4907204, 10.3993071], [-75.4906795, 10.3993124], [-75.4906571, 10.3993241], [-75.4906314, 10.3993431], [-75.4904958, 10.399466], [-75.4912297, 10.3995054]]}}, {"type": "Feature", "id": 1378939688, "properties": {"leisure": "park"}, "geometry": {"type": "LineString", "coordinates": [[-75.4948636, 10.3943728], [-75.4949472, 10.3940954], [-75.4949124, 10.394102], [-75.4948769, 10.3941127], [-75.4948391, 10.3941279], [-75.4948049, 10.394144], [-75.4947739, 10.3941629], [-75.4947516, 10.3941858], [-75.4947353, 10.3942094], [-75.4946677, 10.3943166], [-75.4948636, 10.3943728]]}}, {"type": "Feature", "id": 1381474098, "properties": {"leisure": "park"}, "geometry": {"type": "LineString", "coordinates": [[-75.4995735, 10.3883763], [-75.4995442, 10.3882007], [-75.4993491, 10.3882322], [-75.4993784, 10.3884078], [-75.4995735, 10.3883763]]}}, {"type": "Feature", "id": 1381474099, "properties": {"leisure": "park"}, "geometry": {"type": "LineString", "coordinates": [[-75.4999082, 10.3878055], [-75.4998913, 10.3877134], [-75.4995894, 10.3877672], [-75.4996579, 10.3881392], [-75.4997914, 10.3881154], [-75.4997305, 10.3877852], [-75.4997999, 10.3877728], [-75.4998091, 10.3878232], [-75.4999082, 10.3878055]]}}, {"type": "Feature", "id": 1382197525, "properties": {"leisure": "park"}, "geometry": {"type": "LineString", "coordinates": [[-75.4822064, 10.3867668], [-75.4822205, 10.3864295], [-75.4821809, 10.3864295], [-75.4820944, 10.3867598], [-75.4822064, 10.3867668]]}}, {"type": "Feature", "id": 1385970814, "properties": {"leisure": "park"}, "geometry": {"type": "LineString", "coordinates": [[-75.4861617, 10.3833982], [-75.4861119, 10.3828244], [-75.4867014, 10.3827594], [-75.4861617, 10.3833982]]}}, {"type": "Feature", "id": 1385970815, "properties": {"leisure": "park"}, "geometry": {"type": "LineString", "coordinates": [[-75.4855573, 10.3828451], [-75.4855384, 10.3826534], [-75.4852398, 10.3826818], [-75.4852587, 10.3828736], [-75.4855573, 10.3828451]]}}, {"type": "Feature", "id": 1385970816, "properties": {"leisure": "park"}, "geometry": {"type": "LineString", "coordinates": [[-75.4847146, 10.3824851], [-75.4846989, 10.3823149], [-75.4845074, 10.382332], [-75.4845232, 10.3825022], [-75.4847146, 10.3824851]]}}, {"type": "Feature", "id": 1385970817, "properties": {"leisure": "park"}, "geometry": {"type": "LineString", "coordinates": [[-75.4835005, 10.3826157], [-75.483572, 10.3824125], [-75.483973, 10.382382], [-75.4839833, 10.3825598], [-75.4835005, 10.3826157]]}}, {"type": "Feature", "id": 1385970818, "properties": {"leisure": "park"}, "geometry": {"type": "LineString", "coordinates": [[-75.4848484, 10.3815671], [-75.4848785, 10.3819726], [-75.4846943, 10.3819878], [-75.484653, 10.3815121], [-75.4848484, 10.3815671]]}}, {"type": "Feature", "id": 1385970819, "properties": {"leisure": "park"}, "geometry": {"type": "LineString", "coordinates": [[-75.485294, 10.3836275], [-75.4852503, 10.3831756], [-75.4850582, 10.3831996], [-75.4850979, 10.3836115], [-75.485294, 10.3836275]]}}, {"type": "Feature", "id": 1385970820, "properties": {"leisure": "park"}, "geometry": {"type": "LineString", "coordinates": [[-75.4844209, 10.3835561], [-75.4844252, 10.3835882], [-75.4845715, 10.3836213], [-75.4846377, 10.3836297], [-75.4846283, 10.3835451], [-75.4844209, 10.3835561]]}}, {"type": "Feature", "id": 1385970821, "properties": {"leisure": "park"}, "geometry": {"type": "LineString", "coordinates": [[-75.4850577, 10.3836162], [-75.4850517, 10.3835611], [-75.4846601, 10.3835857], [-75.4846653, 10.3836263], [-75.4847935, 10.3836289], [-75.484889, 10.3836289], [-75.4850577, 10.3836162]]}}, {"type": "Feature", "id": 1385970822, "properties": {"leisure": "park"}, "geometry": {"type": "LineString", "coordinates": [[-75.4839055, 10.3834211], [-75.4838902, 10.3832652], [-75.4835132, 10.3832942], [-75.4839055, 10.3834211]]}}, {"type": "Feature", "id": 1385970823, "properties": {"leisure": "park"}, "geometry": {"type": "LineString", "coordinates": [[-75.4834186, 10.3832592], [-75.4833958, 10.3830381], [-75.4833861, 10.3829442], [-75.4832886, 10.3832222], [-75.4834186, 10.3832592]]}}, {"type": "Feature", "id": 1385970824, "properties": {"leisure": "park"}, "geometry": {"type": "LineString", "coordinates": [[-75.4839466, 10.381864], [-75.4839171, 10.3815461], [-75.483789, 10.381879], [-75.4839466, 10.381864]]}}, {"type": "Feature", "id": 1385970825, "properties": {"leisure": "park"}, "geometry": {"type": "LineString", "coordinates": [[-75.4869298, 10.382468], [-75.4871254, 10.3822321], [-75.4871307, 10.3822233], [-75.4871355, 10.3822137], [-75.4871365, 10.3822041], [-75.4871328, 10.3821951], [-75.4871279, 10.3821875], [-75.4871193, 10.382183], [-75.4869205, 10.3821296], [-75.4869298, 10.382468]]}}, {"type": "Feature", "id": 1385970826, "properties": {"leisure": "park"}, "geometry": {"type": "LineString", "coordinates": [[-75.4868847, 10.3825245], [-75.4867621, 10.3825377], [-75.4867692, 10.3826785], [-75.4868847, 10.3825245]]}}, {"type": "Feature", "id": 1385970827, "properties": {"leisure": "park"}, "geometry": {"type": "LineString", "coordinates": [[-75.4852706, 10.382439], [-75.4852528, 10.3822432], [-75.4853451, 10.3822352], [-75.4853629, 10.3824309], [-75.4852706, 10.382439]]}}, {"type": "Feature", "id": 1385977942, "properties": {"leisure": "park"}, "geometry": {"type": "LineString", "coordinates": [[-75.4901038, 10.3975371], [-75.4901698, 10.3976091], [-75.4906183, 10.3976614], [-75.4906533, 10.3976304], [-75.4903599, 10.3973102], [-75.4901038, 10.3975371]]}}, {"type": "Feature", "id": 1385977957, "properties": {"leisure": "park"}, "geometry": {"type": "LineString", "coordinates": [[-75.4914019, 10.4064579], [-75.4913567, 10.4066336], [-75.4898182, 10.4063447], [-75.4898532, 10.4061993], [-75.4899261, 10.4060336], [-75.4900288, 10.4059073], [-75.4901058, 10.4058306], [-75.4902013, 10.4058649], [-75.4901366, 10.4061669], [-75.4914019, 10.4064579]]}}, {"type": "Feature", "id": 1386034332, "properties": {"leisure": "park"}, "geometry": {"type": "LineString", "coordinates": [[-75.493074, 10.3995758], [-75.4927355, 10.3994981], [-75.4927816, 10.3993788], [-75.4930966, 10.3994528], [-75.493074, 10.3995758]]}}, {"type": "Feature", "id": 1386034343, "properties": {"leisure": "park"}, "geometry": {"type": "LineString", "coordinates": [[-75.4918928, 10.4005766], [-75.492036, 10.4005794], [-75.4921194, 10.4004274], [-75.4921863, 10.4004338], [-75.4919162, 10.400758], [-75.4918853, 10.400758], [-75.4918928, 10.4005766]]}}, {"type": "Feature", "id": 1386034345, "properties": {"leisure": "park"}, "geometry": {"type": "LineString", "coordinates": [[-75.4924466, 10.4030576], [-75.4926834, 10.4020813], [-75.4925357, 10.4020467], [-75.4922987, 10.4030229], [-75.4924466, 10.4030576]]}}, {"type": "Feature", "id": 1386289855, "properties": {"leisure": "park"}, "geometry": {"type": "LineString", "coordinates": [[-75.492057, 10.4046165], [-75.4920957, 10.4044626], [-75.4919588, 10.4044294], [-75.4919563, 10.4044396], [-75.4919921, 10.4044793], [-75.4919748, 10.4045432], [-75.4919238, 10.4045688], [-75.4919202, 10.4045833], [-75.492057, 10.4046165]]}}, {"type": "Feature", "id": 1386289857, "properties": {"leisure": "park"}, "geometry": {"type": "LineString", "coordinates": [[-75.4919258, 10.404863], [-75.4919859, 10.4046204], [-75.4919162, 10.4046037], [-75.4918562, 10.4048463], [-75.4919258, 10.404863]]}}, {"type": "Feature", "id": 1386315948, "properties": {"leisure": "park"}, "geometry": {"type": "LineString", "coordinates": [[-75.4917635, 10.4014698], [-75.4917957, 10.4009079], [-75.4917826, 10.4008861], [-75.4917717, 10.4008694], [-75.4917522, 10.4008568], [-75.4916106, 10.4008498], [-75.4915691, 10.401454], [-75.4917635, 10.4014698]]}}, {"type": "Feature", "id": 1387014121, "properties": {"leisure": "park"}, "geometry": {"type": "LineString", "coordinates": [[-75.5194043, 10.4221716], [-75.5193904, 10.4219566], [-75.5198853, 10.4219258], [-75.5198991, 10.4221409], [-75.5194043, 10.4221716]]}}, {"type": "Feature", "id": 1388396968, "properties": {"leisure": "park"}, "geometry": {"type": "LineString", "coordinates": [[-75.5050371, 10.372994], [-75.5050345, 10.3729708], [-75.5050477, 10.3728951], [-75.5051018, 10.3728372], [-75.5047436, 10.372726], [-75.5042557, 10.3726244], [-75.5039552, 10.3725913], [-75.5037581, 10.3725558], [-75.5036162, 10.3725168], [-75.5033182, 10.3724222], [-75.5032819, 10.3725656], [-75.5035987, 10.3726683], [-75.5037543, 10.3727164], [-75.5042995, 10.3727851], [-75.5044588, 10.3728153], [-75.5047189, 10.3728864], [-75.5050371, 10.372994]]}}, {"type": "Feature", "id": 1388396972, "properties": {"leisure": "park"}, "geometry": {"type": "LineString", "coordinates": [[-75.503736, 10.3688276], [-75.5036274, 10.3688149], [-75.5035736, 10.3692519], [-75.5036962, 10.3692551], [-75.503736, 10.3688276]]}}, {"type": "Feature", "id": 1388403749, "properties": {"leisure": "park"}, "geometry": {"type": "LineString", "coordinates": [[-75.4717406, 10.3708312], [-75.4714907, 10.3707389], [-75.4718962, 10.3704508], [-75.4717406, 10.3708312]]}}, {"type": "Feature", "id": 1388403750, "properties": {"leisure": "park"}, "geometry": {"type": "LineString", "coordinates": [[-75.4709255, 10.37214], [-75.4709798, 10.3720248], [-75.4705033, 10.3718239], [-75.4704981, 10.3718603], [-75.4709255, 10.37214]]}}, {"type": "Feature", "id": 1408663637, "properties": {"leisure": "park"}, "geometry": {"type": "LineString", "coordinates": [[-75.4997699, 10.3960203], [-75.4998284, 10.3956977], [-75.4997264, 10.3956681], [-75.4996452, 10.3959825], [-75.4997699, 10.3960203]]}}, {"type": "Feature", "id": 1412529444, "properties": {"leisure": "park"}, "geometry": {"type": "LineString", "coordinates": [[-75.5051472, 10.3937744], [-75.5050622, 10.3935839], [-75.5053321, 10.3934352], [-75.5054675, 10.3936549], [-75.5051472, 10.3937744]]}}, {"type": "Feature", "id": 1414727399, "properties": {"leisure": "park"}, "geometry": {"type": "LineString", "coordinates": [[-75.5059206, 10.3944915], [-75.5059019, 10.3944985], [-75.5058794, 10.394507], [-75.505869, 10.394467], [-75.5058228, 10.3942892], [-75.50582, 10.3942787], [-75.5058458, 10.3942674], [-75.5059206, 10.3944915]]}}, {"type": "Feature", "id": 1455208518, "properties": {"leisure": "park", "name": "Parque de Casa Roman"}, "geometry": {"type": "LineString", "coordinates": [[-75.5403488, 10.415906], [-75.5404165, 10.4158256], [-75.5402321, 10.4156866], [-75.5401667, 10.4156637], [-75.5400978, 10.4157854], [-75.540148, 10.4158038], [-75.5401865, 10.4158256], [-75.5402846, 10.4158681], [-75.5403488, 10.415906]]}}, {"type": "Feature", "id": 1455319544, "properties": {"leisure": "park", "name": "Plaza de Manga"}, "geometry": {"type": "LineString", "coordinates": [[-75.5399631, 10.4159381], [-75.5399656, 10.4159457], [-75.540017, 10.4158032], [-75.5399569, 10.4157449], [-75.5399061, 10.4159085], [-75.5399522, 10.4159418], [-75.5399631, 10.4159381]]}}, {"type": "Feature", "id": 1459369997, "properties": {"leisure": "park"}, "geometry": {"type": "LineString", "coordinates": [[-75.5031785, 10.3725291], [-75.5032291, 10.3723972], [-75.5026065, 10.3722381], [-75.5023849, 10.3722054], [-75.5022456, 10.3721953], [-75.5018844, 10.3721893], [-75.5015949, 10.3722747], [-75.5013455, 10.3723533], [-75.5012144, 10.3723916], [-75.5011259, 10.3724124], [-75.5009381, 10.3724432], [-75.500768, 10.3724604], [-75.5004611, 10.3724749], [-75.5004618, 10.3725023], [-75.5006916, 10.3724968], [-75.5009401, 10.3724754], [-75.5011334, 10.372445], [-75.5013823, 10.3723753], [-75.5017769, 10.3722622], [-75.5018886, 10.3722436], [-75.5022401, 10.3722482], [-75.502595, 10.3723039], [-75.5031785, 10.3725291]]}}, {"type": "Feature", "id": 1459370002, "properties": {"leisure": "park"}, "geometry": {"type": "LineString", "coordinates": [[-75.500103, 10.3723775], [-75.5003632, 10.3724293], [-75.5003302, 10.3726802], [-75.5002973, 10.3726779], [-75.5003, 10.3726374], [-75.5003155, 10.3726384], [-75.5003192, 10.3725802], [-75.5002264, 10.3725765], [-75.5002362, 10.3724284], [-75.5000988, 10.3724219], [-75.500103, 10.3723775]]}}, {"type": "Feature", "id": 1474895593, "properties": {"leisure": "park"}, "geometry": {"type": "LineString", "coordinates": [[-75.4809189, 10.3925558], [-75.4807819, 10.3921734], [-75.4807224, 10.3923255], [-75.4807745, 10.3923452], [-75.4807213, 10.392481], [-75.4809189, 10.3925558]]}}, {"type": "Feature", "id": 1476334317, "properties": {"leisure": "park"}, "geometry": {"type": "LineString", "coordinates": [[-75.4788666, 10.3945137], [-75.4789204, 10.3944948], [-75.4789722, 10.3944898], [-75.4791762, 10.3945457], [-75.4792297, 10.3945663], [-75.4792539, 10.394586], [-75.4792606, 10.3946115], [-75.4792489, 10.3946395], [-75.4792289, 10.3946485], [-75.4789555, 10.3947192], [-75.4789412, 10.3946845], [-75.4788666, 10.3945137]]}}, {"type": "Feature", "id": 1476663070, "properties": {"leisure": "park"}, "geometry": {"type": "LineString", "coordinates": [[-75.4768536, 10.3954939], [-75.4768986, 10.3955876], [-75.477395, 10.3953639], [-75.4773984, 10.3953427], [-75.4773941, 10.3953169], [-75.4773849, 10.3952828], [-75.4772405, 10.3953501], [-75.4772181, 10.3953613], [-75.4768536, 10.3954939]]}}, {"type": "Feature", "id": 1476734908, "properties": {"leisure": "park"}, "geometry": {"type": "LineString", "coordinates": [[-75.4778008, 10.3945321], [-75.4782671, 10.3946919], [-75.4779444, 10.3948311], [-75.4779141, 10.3947679], [-75.4778158, 10.3945635], [-75.4778008, 10.3945321]]}}, {"type": "Feature", "id": 1479964449, "properties": {"leisure": "park"}, "geometry": {"type": "LineString", "coordinates": [[-75.478011, 10.3903582], [-75.4779544, 10.3904624], [-75.4778521, 10.3906508], [-75.4777598, 10.3908208], [-75.4777405, 10.3908563], [-75.4775204, 10.3907396], [-75.4778878, 10.3902893], [-75.478011, 10.3903582]]}}, {"type": "Feature", "id": 1493280038, "properties": {"leisure": "park"}, "geometry": {"type": "LineString", "coordinates": [[-75.4814169, 10.3915238], [-75.4813371, 10.3916552], [-75.4814936, 10.3917472], [-75.4815735, 10.3916159], [-75.4814169, 10.3915238]]}}, {"type": "Feature", "id": 1494497137, "properties": {"leisure": "park"}, "geometry": {"type": "LineString", "coordinates": [[-75.4821122, 10.3921225], [-75.4821991, 10.3919815], [-75.482491, 10.3921556], [-75.482404, 10.3922966], [-75.4821122, 10.3921225]]}}, {"type": "Feature", "id": 1495751855, "properties": {"leisure": "park"}, "geometry": {"type": "LineString", "coordinates": [[-75.4836301, 10.3928599], [-75.483815, 10.3925779], [-75.4840818, 10.3927349], [-75.4836943, 10.3928977], [-75.4836301, 10.3928599]]}}, {"type": "Feature", "id": 1495751856, "properties": {"leisure": "park"}, "geometry": {"type": "LineString", "coordinates": [[-75.4831815, 10.3926759], [-75.4836244, 10.3929242], [-75.4836002, 10.3929361], [-75.4835687, 10.3929425], [-75.4834572, 10.3929431], [-75.4832701, 10.3929248], [-75.4831932, 10.3929124], [-75.4831153, 10.3928954], [-75.4830526, 10.392878], [-75.4831815, 10.3926759]]}}, {"type": "Feature", "id": 1499660613, "properties": {"leisure": "park"}, "geometry": {"type": "LineString", "coordinates": [[-75.4823311, 10.3906784], [-75.4823868, 10.3905708], [-75.4821883, 10.3904714], [-75.4821326, 10.390579], [-75.4823311, 10.3906784]]}}, {"type": "Feature", "id": 1499660635, "properties": {"leisure": "park"}, "geometry": {"type": "LineString", "coordinates": [[-75.4837554, 10.3911629], [-75.4835752, 10.391072], [-75.4836275, 10.3909716], [-75.4838077, 10.3910626], [-75.4837738, 10.3911277], [-75.4837554, 10.3911629]]}}, {"type": "Feature", "id": 1499660637, "properties": {"leisure": "park"}, "geometry": {"type": "LineString", "coordinates": [[-75.482931, 10.3907457], [-75.4827292, 10.3906447], [-75.482784, 10.3905388], [-75.4829858, 10.3906398], [-75.482931, 10.3907457]]}}, {"type": "Feature", "id": 1499660655, "properties": {"leisure": "park"}, "geometry": {"type": "LineString", "coordinates": [[-75.4818839, 10.3909739], [-75.4818521, 10.3909576], [-75.4817985, 10.3910604], [-75.4818238, 10.3910911], [-75.481899, 10.3911276], [-75.4819379, 10.3910531], [-75.4819595, 10.3910118], [-75.4818839, 10.3909739]]}}, {"type": "Feature", "id": 1499660668, "properties": {"leisure": "park"}, "geometry": {"type": "LineString", "coordinates": [[-75.4827225, 10.3914116], [-75.482826, 10.3914638], [-75.4828073, 10.3914996], [-75.4827716, 10.3915681], [-75.4826681, 10.3915159], [-75.4827225, 10.3914116]]}}, {"type": "Feature", "id": 1499660671, "properties": {"leisure": "park"}, "geometry": {"type": "LineString", "coordinates": [[-75.4835775, 10.3918156], [-75.4836773, 10.3918659], [-75.4836532, 10.3919122], [-75.4836154, 10.3919847], [-75.4836125, 10.3919903], [-75.4835127, 10.3919399], [-75.4835775, 10.3918156]]}}, {"type": "Feature", "id": 1510404849, "properties": {"leisure": "park"}, "geometry": {"type": "LineString", "coordinates": [[-75.4850916, 10.3922601], [-75.4850947, 10.3922658], [-75.4847921, 10.3924028], [-75.484771, 10.3924123], [-75.4847639, 10.3924156], [-75.4847792, 10.3920803], [-75.4845146, 10.3920719], [-75.4845522, 10.3920053], [-75.4846098, 10.3919021], [-75.4847555, 10.3919716], [-75.4847469, 10.391989], [-75.4850335, 10.3921271], [-75.485045, 10.3921233], [-75.4850916, 10.3922601]]}}, {"type": "Feature", "id": 1513254263, "properties": {"leisure": "park"}, "geometry": {"type": "LineString", "coordinates": [[-75.4853274, 10.3920723], [-75.4853403, 10.3920787], [-75.4855735, 10.3919592], [-75.4854248, 10.3918831], [-75.4854209, 10.3918906], [-75.4853633, 10.3920025], [-75.4853274, 10.3920723]]}}, {"type": "Feature", "id": 1521116473, "properties": {"leisure": "park"}, "geometry": {"type": "LineString", "coordinates": [[-75.4895235, 10.3944193], [-75.4894742, 10.3945218], [-75.489814, 10.3946233], [-75.4898399, 10.3945743], [-75.4898201, 10.3945645], [-75.4897425, 10.3945266], [-75.4896817, 10.3944968], [-75.4895235, 10.3944193]]}}, {"type": "Feature", "id": 1523633494, "properties": {"leisure": "park"}, "geometry": {"type": "LineString", "coordinates": [[-75.4906213, 10.39442], [-75.4907257, 10.3942433], [-75.4907532, 10.3941969], [-75.4904122, 10.3940518], [-75.4903948, 10.394084], [-75.4903244, 10.3942146], [-75.4903076, 10.3942458], [-75.4906213, 10.39442]]}}]}