{"type": "FeatureCollection", "features": [{"type": "Feature", "id": 838199136, "properties": {"amenity": "school", "name": "Centro Colombo Americano"}, "geometry": {"type": "Point", "coordinates": [-75.5521956, 10.4253988]}}, {"type": "Feature", "id": 2390923432, "properties": {"amenity": "school", "name": "Escuela La Milagrosa", "note": "Única escuela en el barrio de Getsemaní. 800 estudiantes, 70% niños getsemaní.", "operator": "Distrito de Cartagena"}, "geometry": {"type": "Point", "coordinates": [-75.544467, 10.4209756]}}, {"type": "Feature", "id": 4022324029, "properties": {"amenity": "school", "name": "Institución Educativa Felipe Santiago Escobar."}, "geometry": {"type": "Point", "coordinates": [-75.4101262, 10.3209958]}}, {"type": "Feature", "id": 4022387007, "properties": {"amenity": "school", "name": "Escuela Maria Auxiliadora"}, "geometry": {"type": "Point", "coordinates": [-75.4061481, 10.3224106]}}, {"type": "Feature", "id": 4146629189, "properties": {"amenity": "school", "name": "CDA"}, "geometry": {"type": "Point", "coordinates": [-75.4649816, 10.4085555]}}, {"type": "Feature", "id": 4348138698, "properties": {"amenity": "school", "name": "gimnasio Luján"}, "geometry": {"type": "Point", "coordinates": [-75.5308256, 10.4102713]}}, {"type": "Feature", "id": 5015659021, "properties": {"amenity": "school", "name:en": "Crazy salsa"}, "geometry": {"type": "Point", "coordinates": [-75.5494541, 10.4235658]}}, {"type": "Feature", "id": 5180660921, "properties": {"amenity": "school", "name": "Fundación Amigos del Mar", "name:en": "Foundation Amigos del Mar"}, "geometry": {"type": "Point", "coordinates": [-75.5752831, 10.3777784]}}, {"type": "Feature", "id": 5408968036, "properties": {"addr:street": "Carrera 14", "amenity": "school", "name": "Escuela de Inglés", "source": "Kaart Ground Survey 2018"}, "geometry": {"type": "Point", "coordinates": [-75.5341212, 10.4330296]}}, {"type": "Feature", "id": 5413456104, "properties": {"addr:street": "Calle 31D", "amenity": "school", "name": "Institución Educativa - Cuidad de Tunja", "source": "Kaart Ground Survey 2018"}, "geometry": {"type": "Point", "coordinates": [-75.5128768, 10.4098432]}}, {"type": "Feature", "id": 5640796972, "properties": {"amenity": "school", "name": "Gimnasio Cartagena de Indias"}, "geometry": {"type": "Point", "coordinates": [-75.4555655, 10.5367723]}}, {"type": "Feature", "id": 11073939806, "properties": {"amenity": "school", "name": "Nueva Lengua Spanish School"}, "geometry": {"type": "Point", "coordinates": [-75.5449385, 10.4198321]}}, {"type": "Feature", "id": 12485797079, "properties": {"addr:city": "Cartagena de Indias", "addr:state": "Bolívar", "amenity": "school", "name": "Institución La Giralda", "operator:type": "private", "phone": "3178197510", "source": "DANE"}, "geometry": {"type": "Point", "coordinates": [-75.5184481, 10.3903193]}}, {"type": "Feature", "id": 12485797080, "properties": {"addr:city": "Cartagena de Indias", "addr:state": "Bolívar", "amenity": "school", "name": "Centro Educativo Pescador de Letras", "operator:type": "private", "phone": "3176579913", "source": "DANE"}, "geometry": {"type": "Point", "coordinates": [-75.4910107, 10.4868018]}}, {"type": "Feature", "id": 12485797081, "properties": {"addr:city": "Cartagena de Indias", "addr:state": "Bolívar", "amenity": "school", "name": "Gimnasio Cristiano de Bocachica", "operator:type": "private", "phone": "3114339405", "source": "DANE"}, "geometry": {"type": "Point", "coordinates": [-75.5819832, 10.3239323]}}, {"type": "Feature", "id": 12485797082, "properties": {"addr:city": "Cartagena de Indias", "addr:state": "Bolívar", "amenity": "school", "name": "Institución Una Nueva Luz de Esperanza", "operator:type": "private", "phone": "6601301", "source": "DANE"}, "geometry": {"type": "Point", "coordinates": [-75.4916475, 10.4859696]}}, {"type": "Feature", "id": 12485797083, "properties": {"addr:city": "Cartagena de Indias", "addr:state": "Bolívar", "amenity": "school", "name": "Institución Educ El Paraiso", "operator:type": "private", "phone": "6619013", "source": "DANE"}, "geometry": {"type": "Point", "coordinates": [-75.4738537, 10.3821324]}}, {"type": "Feature", "id": 12485797084, "properties": {"addr:city": "CARTAGENA DE INDIAS", "addr:state": "BOLÍVAR", "amenity": "school", "name": "Colegio Camino del Coral de Cartagena", "operator:type": "private", "phone": "6618487", "source": "DANE"}, "geometry": {"type": "Point", "coordinates": [-75.487778, 10.381389]}}, {"type": "Feature", "id": 12485797085, "properties": {"addr:city": "Cartagena de Indias", "addr:state": "Bolívar", "amenity": "school", "name": "Escuela Madre Bernarda", "operator:type": "private", "phone": "6567138", "source": "DANE"}, "geometry": {"type": "Point", "coordinates": [-75.4908419, 10.4782579]}}, {"type": "Feature", "id": 12485797086, "properties": {"addr:city": "Cartagena de Indias", "addr:state": "Bolívar", "amenity": "school", "name": "Institución Educativa Tec de la Boquilla", "operator:type": "private", "phone": "6567514", "source": "DANE"}, "geometry": {"type": "Point", "coordinates": [-75.4932975, 10.4941337]}}, {"type": "Feature", "id": 12485837234, "properties": {"addr:city": "Cartagena de Indias", "addr:state": "Bolívar", "amenity": "school", "name": "Institución Educativa Nueva Luz", "operator:type": "private", "phone": "6718821", "source": "DANE"}, "geometry": {"type": "Point", "coordinates": [-75.4633268, 10.3824322]}}, {"type": "Feature", "id": 12485837235, "properties": {"addr:city": "Cartagena de Indias", "addr:state": "Bolívar", "amenity": "school", "name": "Centro Educativo Amor A Colombia", "operator:type": "private", "phone": "6620230", "source": "DANE"}, "geometry": {"type": "Point", "coordinates": [-75.5151462, 10.4080074]}}, {"type": "Feature", "id": 12485837236, "properties": {"addr:city": "CARTAGENA DE INDIAS", "addr:state": "BOLÍVAR", "amenity": "school", "name": "Centro de Aprendizaje Despertando Talentos", "operator:type": "private", "phone": "6812682", "source": "DANE"}, "geometry": {"type": "Point", "coordinates": [-75.4814282, 10.3723798]}}, {"type": "Feature", "id": 12485837237, "properties": {"addr:city": "Cartagena de Indias", "addr:state": "Bolívar", "amenity": "school", "name": "Institución Educativa Nissi", "operator:type": "private", "phone": "3207877816", "source": "DANE"}, "geometry": {"type": "Point", "coordinates": [-75.5105607, 10.3894796]}}, {"type": "Feature", "id": 12485837238, "properties": {"addr:city": "Cartagena de Indias", "addr:state": "Bolívar", "amenity": "school", "name": "Jardín Infantil La Divina Sabiduria", "operator:type": "private", "phone": "6456461", "source": "DANE"}, "geometry": {"type": "Point", "coordinates": [-75.4782497, 10.3822194]}}, {"type": "Feature", "id": 12485837239, "properties": {"amenity": "school", "name": "Gimnasio Los Ángeles", "operator:type": "private", "phone": "6581486", "source": "DANE"}, "geometry": {"type": "Point", "coordinates": [-75.5203966, 10.4415842]}}, {"type": "Feature", "id": 12485837240, "properties": {"addr:city": "Cartagena de Indias", "addr:state": "Bolívar", "amenity": "school", "name": "Gimnasio Americano Summerhill", "operator:type": "private", "phone": "3163688451", "source": "DANE"}, "geometry": {"type": "Point", "coordinates": [-75.4791661, 10.3993521]}}, {"type": "Feature", "id": 12485837241, "properties": {"addr:city": "Cartagena de Indias", "addr:state": "Bolívar", "amenity": "school", "name": "Institución Educativa David Sanchez Juliao", "operator:type": "private", "phone": "6633195", "source": "DANE"}, "geometry": {"type": "Point", "coordinates": [-75.4619384, 10.4044331]}}, {"type": "Feature", "id": 12485837242, "properties": {"addr:city": "Cartagena de Indias", "addr:state": "Bolívar", "amenity": "school", "name": "Institución Educativa Huellitas International School", "operator:type": "private", "phone": "3012311156", "source": "DANE"}, "geometry": {"type": "Point", "coordinates": [-75.4935825, 10.3885255]}}, {"type": "Feature", "id": 12485837243, "properties": {"amenity": "school", "name": "Colegio Terra Nova", "operator:type": "private", "phone": "6414006", "source": "DANE"}, "geometry": {"type": "Point", "coordinates": [-75.561089, 10.3986943]}}, {"type": "Feature", "id": 12485837244, "properties": {"addr:city": "Cartagena de Indias", "addr:state": "Bolívar", "amenity": "school", "name": "Institución Educativa Hermanos En Cristo", "operator:type": "private", "phone": "6692726", "source": "DANE"}, "geometry": {"type": "Point", "coordinates": [-75.5290193, 10.4161307]}}, {"type": "Feature", "id": 12485837245, "properties": {"addr:city": "Cartagena de Indias", "addr:state": "Bolívar", "amenity": "school", "name": "Corporación Divertiarte Folckore", "operator:type": "private", "phone": "6453626", "source": "DANE"}, "geometry": {"type": "Point", "coordinates": [-75.5146776, 10.4518507]}}, {"type": "Feature", "id": 12485837246, "properties": {"addr:city": "CARTAGENA DE INDIAS", "addr:state": "BOLÍVAR", "amenity": "school", "name": "Gimnasio Francesco Tonucci", "operator:type": "private", "phone": "66714687", "source": "DANE"}, "geometry": {"type": "Point", "coordinates": [-75.4919772, 10.3976321]}}, {"type": "Feature", "id": 12485837247, "properties": {"addr:city": "Cartagena de Indias", "addr:state": "Bolívar", "amenity": "school", "name": "Jardín Infantil y Centro de Estimulación Mis Primeros Pasos", "operator:type": "private", "phone": "6719867", "source": "DANE"}, "geometry": {"type": "Point", "coordinates": [-75.4787697, 10.3822716]}}, {"type": "Feature", "id": 12485837248, "properties": {"addr:city": "Cartagena de Indias", "addr:state": "Bolívar", "amenity": "school", "name": "Centro Educativo Andalucia", "operator:type": "private", "phone": "6629094", "source": "DANE"}, "geometry": {"type": "Point", "coordinates": [-75.5101218, 10.4043831]}}, {"type": "Feature", "id": 12485837249, "properties": {"addr:city": "Cartagena de Indias", "addr:state": "Bolívar", "amenity": "school", "name": "Institución Carl Ros", "operator:type": "private", "phone": "6629471", "source": "DANE"}, "geometry": {"type": "Point", "coordinates": [-75.5100253, 10.4072352]}}, {"type": "Feature", "id": 12485837251, "properties": {"addr:city": "Cartagena de Indias", "addr:state": "Bolívar", "amenity": "school", "name": "Centro Educativo Inteligencia Gardner", "operator:type": "private", "phone": "3013511637", "source": "DANE"}, "geometry": {"type": "Point", "coordinates": [-75.4815337, 10.3968306]}}, {"type": "Feature", "id": 12485837253, "properties": {"addr:city": "Cartagena de Indias", "addr:state": "Bolívar", "amenity": "school", "name": "Gimnasio Real de la Sabiduria", "operator:type": "private", "phone": "3186570929", "source": "DANE"}, "geometry": {"type": "Point", "coordinates": [-75.5320922, 10.4338354]}}, {"type": "Feature", "id": 12485837254, "properties": {"addr:city": "Cartagena de Indias", "addr:state": "Bolívar", "amenity": "school", "name": "Institución Pedagogico Emprendedores del Saber", "operator:type": "private", "phone": "3005257812", "source": "DANE"}, "geometry": {"type": "Point", "coordinates": [-75.4625, 10.40237]}}, {"type": "Feature", "id": 12485837255, "properties": {"addr:city": "Cartagena de Indias", "addr:state": "Bolívar", "amenity": "school", "name": "Colegio Ben Avid", "operator:type": "private", "phone": "3195334140", "source": "DANE"}, "geometry": {"type": "Point", "coordinates": [-75.5099666, 10.4074241]}}, {"type": "Feature", "id": 12485837256, "properties": {"addr:city": "CARTAGENA DE INDIAS", "addr:state": "BOLÍVAR", "amenity": "school", "name": "Centro Educativo Interactivo", "operator:type": "private", "phone": "3135842848", "source": "DANE"}, "geometry": {"type": "Point", "coordinates": [-75.4727488, 10.3911747]}}, {"type": "Feature", "id": 12485837257, "properties": {"addr:city": "Cartagena de Indias", "addr:state": "Bolívar", "amenity": "school", "name": "Colegio Gimnasio Mundo de Colores", "operator:type": "private", "phone": "3148668568", "source": "DANE"}, "geometry": {"type": "Point", "coordinates": [-75.4906973, 10.3859972]}}, {"type": "Feature", "id": 12485837258, "properties": {"addr:city": "Cartagena de Indias", "addr:state": "Bolívar", "amenity": "school", "name": "Colegio Elyon Yireh", "operator:type": "private", "phone": "3006733306", "source": "DANE"}, "geometry": {"type": "Point", "coordinates": [-75.50862, 10.40802]}}, {"type": "Feature", "id": 12485837259, "properties": {"addr:city": "Cartagena de Indias", "addr:state": "Bolívar", "amenity": "school", "name": "Colegio Pablo Hoff", "operator:type": "private", "phone": "3046067390", "source": "DANE"}, "geometry": {"type": "Point", "coordinates": [-75.5417985, 10.4141148]}}, {"type": "Feature", "id": 12485837260, "properties": {"addr:city": "Cartagena de Indias", "addr:state": "Bolívar", "amenity": "school", "name": "Colegio Nueva Generación", "operator:type": "private", "phone": "3014109632", "source": "DANE"}, "geometry": {"type": "Point", "coordinates": [-75.5048128, 10.386121]}}, {"type": "Feature", "id": 12485837261, "properties": {"addr:city": "Cartagena de Indias", "addr:state": "Bolívar", "amenity": "school", "name": "Institución Educativa Colegio Cristiano Berakah", "operator:type": "private", "phone": "3006742698", "source": "DANE"}, "geometry": {"type": "Point", "coordinates": [-75.4653126, 10.3779717]}}, {"type": "Feature", "id": 12485837262, "properties": {"addr:city": "CARTAGENA DE INDIAS", "addr:state": "BOLÍVAR", "amenity": "school", "name": "CORPORACION LABORAL ¿CORPOINSTEL¿", "operator:type": "private", "phone": "3012781960", "source": "DANE"}, "geometry": {"type": "Point", "coordinates": [-75.5008942, 10.4075158]}}, {"type": "Feature", "id": 12485837263, "properties": {"addr:city": "Cartagena de Indias", "addr:state": "Bolívar", "amenity": "school", "name": "Escuela La Alegria de Aprender Jugando", "operator:type": "private", "phone": "3008145262", "source": "DANE"}, "geometry": {"type": "Point", "coordinates": [-75.4968929, 10.3827049]}}, {"type": "Feature", "id": 12485837264, "properties": {"addr:city": "Cartagena de Indias", "addr:state": "Bolívar", "amenity": "school", "name": "Corporación Educativa Primavera", "operator:type": "private", "phone": "3226751627", "source": "DANE"}, "geometry": {"type": "Point", "coordinates": [-75.4642386, 10.3958234]}}, {"type": "Feature", "id": 12485837266, "properties": {"addr:city": "Cartagena de Indias", "addr:state": "Bolívar", "amenity": "school", "education": "school", "name": "Colegio Almirante Jhon Carlos Flórez Beltrán", "operator": "Ministerio de Educación Nacional", "operator:type": "government", "operator:wikidata": "Q3062480", "phone": "3005022264", "source": "DANE"}, "geometry": {"type": "Point", "coordinates": [-75.4606487, 10.4218845]}}, {"type": "Feature", "id": 12485837267, "properties": {"addr:city": "Cartagena de Indias", "addr:state": "Bolívar", "amenity": "school", "name": "Centro Educativo Descubriendo Talento", "operator:type": "private", "phone": "3152092263", "source": "DANE"}, "geometry": {"type": "Point", "coordinates": [-75.4587787, 10.4077149]}}, {"type": "Feature", "id": 12485837268, "properties": {"addr:city": "Cartagena de Indias", "addr:state": "Bolívar", "amenity": "school", "name": "Fundación Educativa Renacer", "operator:type": "private", "phone": "3176789514", "source": "DANE"}, "geometry": {"type": "Point", "coordinates": [-75.4627969, 10.3850133]}}, {"type": "Feature", "id": 12485837271, "properties": {"addr:city": "Cartagena de Indias", "addr:state": "Bolívar", "amenity": "school", "name": "Corporación Wilson Swan", "operator:type": "private", "phone": "6470454", "source": "DANE"}, "geometry": {"type": "Point", "coordinates": [-75.4703635, 10.3853769]}}, {"type": "Feature", "id": 12485837272, "properties": {"addr:city": "CARTAGENA DE INDIAS", "addr:state": "BOLÍVAR", "amenity": "school", "name": "Corporación Juan Eudes", "operator:type": "private", "phone": "3006341655", "source": "DANE"}, "geometry": {"type": "Point", "coordinates": [-75.4693815, 10.3978854]}}, {"type": "Feature", "id": 12485837273, "properties": {"amenity": "school", "name": "Corporación Educativa Parque de los Niños", "operator:type": "private", "phone": "6436466", "source": "DANE"}, "geometry": {"type": "Point", "coordinates": [-75.4930788, 10.4010571]}}, {"type": "Feature", "id": 12485837274, "properties": {"addr:city": "Cartagena de Indias", "addr:state": "Bolívar", "amenity": "school", "name": "Institución Educativa Tecnocienicias Region Caribe", "operator:type": "private", "phone": "6817223", "source": "DANE"}, "geometry": {"type": "Point", "coordinates": [-75.476182, 10.3898749]}}, {"type": "Feature", "id": 12485837276, "properties": {"addr:city": "Cartagena de Indias", "addr:state": "Bolívar", "amenity": "school", "name": "Colegio de Bachillerato del Litoral Codebol Ltda", "operator:type": "private", "phone": "6566888", "source": "DANE"}, "geometry": {"type": "Point", "coordinates": [-75.5225, 10.431389]}}, {"type": "Feature", "id": 12485837277, "properties": {"addr:city": "Cartagena de Indias", "addr:state": "Bolívar", "amenity": "school", "name": "Colegio Dios Es Amor", "operator:type": "private", "phone": "6525033", "source": "DANE"}, "geometry": {"type": "Point", "coordinates": [-75.4667517, 10.407787]}}, {"type": "Feature", "id": 12485837278, "properties": {"addr:city": "Cartagena de Indias", "addr:state": "Bolívar", "amenity": "school", "name": "Fundación Cent Educ Mi Abuelo y Yo", "operator:type": "private", "phone": "6527692", "source": "DANE"}, "geometry": {"type": "Point", "coordinates": [-75.4818204, 10.4065002]}}, {"type": "Feature", "id": 12485837279, "properties": {"addr:city": "Cartagena de Indias", "addr:state": "Bolívar", "amenity": "school", "name": "Corporación Mente Activa", "operator:type": "private", "phone": "6534542", "source": "DANE"}, "geometry": {"type": "Point", "coordinates": [-75.4837878, 10.3977043]}}, {"type": "Feature", "id": 12485837280, "properties": {"addr:city": "CARTAGENA DE INDIAS", "addr:state": "BOLÍVAR", "amenity": "school", "name": "Institución Real del Caribe", "operator:type": "private", "phone": "6527305", "source": "DANE"}, "geometry": {"type": "Point", "coordinates": [-75.480278, 10.361667]}}, {"type": "Feature", "id": 12485837281, "properties": {"addr:city": "Cartagena de Indias", "addr:state": "Bolívar", "amenity": "school", "name": "Centro Educativo Moral y Luces", "operator:type": "private", "phone": "6630699", "source": "DANE"}, "geometry": {"type": "Point", "coordinates": [-75.457778, 10.406389]}}, {"type": "Feature", "id": 12485837283, "properties": {"amenity": "school", "name": "Centro Educativo INTEG Aprender con Alegría", "operator:type": "private", "phone": "6617184", "source": "DANE"}, "geometry": {"type": "Point", "coordinates": [-75.491389, 10.346389]}}, {"type": "Feature", "id": 12485837284, "properties": {"addr:city": "Cartagena de Indias", "addr:state": "Bolívar", "amenity": "school", "name": "Corporación Cent Comunit Amor A Mi Patria", "operator:type": "private", "phone": "3103660519", "source": "DANE"}, "geometry": {"type": "Point", "coordinates": [-75.453889, 10.389722]}}, {"type": "Feature", "id": 12485837285, "properties": {"addr:city": "Cartagena de Indias", "addr:state": "Bolívar", "amenity": "school", "name": "Institución Educ Mi Nuevo Hogar", "operator:type": "private", "phone": "6633011", "source": "DANE"}, "geometry": {"type": "Point", "coordinates": [-75.455833, 10.409722]}}, {"type": "Feature", "id": 12485837286, "properties": {"addr:city": "Cartagena de Indias", "addr:state": "Bolívar", "amenity": "school", "name": "Colegio Bautista Dios Es Amor", "operator:type": "private", "phone": "6744039", "source": "DANE"}, "geometry": {"type": "Point", "coordinates": [-75.5200043, 10.40765]}}, {"type": "Feature", "id": 12485837287, "properties": {"addr:city": "CARTAGENA DE INDIAS", "addr:state": "BOLÍVAR", "amenity": "school", "name": "CORPORACION EDUC LOS PEQUEÑOS SABIOS", "operator:type": "private", "phone": "6555668", "source": "DANE"}, "geometry": {"type": "Point", "coordinates": [-75.452778, 10.389722]}}, {"type": "Feature", "id": 12485837288, "properties": {"addr:city": "Cartagena de Indias", "addr:state": "Bolívar", "amenity": "school", "name": "Institución John Dewey", "operator:type": "private", "phone": "6534524", "source": "DANE"}, "geometry": {"type": "Point", "coordinates": [-75.4843537, 10.3965941]}}, {"type": "Feature", "id": 12485837289, "properties": {"addr:city": "Cartagena de Indias", "addr:state": "Bolívar", "amenity": "school", "name": "Corporación Cent Educ Raby", "operator:type": "private", "phone": "6813146", "source": "DANE"}, "geometry": {"type": "Point", "coordinates": [-75.478333, 10.362222]}}, {"type": "Feature", "id": 12485837291, "properties": {"addr:city": "Cartagena de Indias", "addr:state": "Bolívar", "amenity": "school", "name": "Centro Educativo Cent Integ Colombia Ceicol", "operator:type": "private", "phone": "6671799", "source": "DANE"}, "geometry": {"type": "Point", "coordinates": [-75.508889, 10.389722]}}, {"type": "Feature", "id": 12485837292, "properties": {"addr:city": "Cartagena de Indias", "addr:state": "Bolívar", "amenity": "school", "name": "Corporación Col de Las Americas", "operator:type": "private", "phone": "6661715", "source": "DANE"}, "geometry": {"type": "Point", "coordinates": [-75.5227942, 10.4372207]}}, {"type": "Feature", "id": 12485837293, "properties": {"addr:city": "Cartagena de Indias", "addr:state": "Bolívar", "amenity": "school", "name": "Institución Sonrisitas Alegres", "operator:type": "private", "phone": "6673194", "source": "DANE"}, "geometry": {"type": "Point", "coordinates": [-75.521667, 10.438333]}}, {"type": "Feature", "id": 12485837294, "properties": {"addr:city": "Cartagena de Indias", "addr:state": "Bolívar", "amenity": "school", "name": "Centro Educativo Estrella del Porvenir Cedespo", "operator:type": "private", "phone": "6612483", "source": "DANE"}, "geometry": {"type": "Point", "coordinates": [-75.455556, 10.388611]}}, {"type": "Feature", "id": 12485837295, "properties": {"addr:city": "Cartagena de Indias", "addr:state": "Bolívar", "amenity": "school", "name": "Corporación Inst Progreso Social", "operator:type": "private", "phone": "6617147", "source": "DANE"}, "geometry": {"type": "Point", "coordinates": [-75.478056, 10.362222]}}, {"type": "Feature", "id": 12485837296, "properties": {"addr:city": "CARTAGENA DE INDIAS", "addr:state": "BOLÍVAR", "amenity": "school", "name": "Corporación Intituto Los Angelitos", "operator:type": "private", "phone": "6504481", "source": "DANE"}, "geometry": {"type": "Point", "coordinates": [-75.4805272, 10.4057971]}}, {"type": "Feature", "id": 12485837297, "properties": {"addr:city": "CARTAGENA DE INDIAS", "addr:state": "BOLÍVAR", "amenity": "school", "name": "Gimnasio Futuro de Colombia", "operator:type": "private", "phone": "6626009", "source": "DANE"}, "geometry": {"type": "Point", "coordinates": [-75.506111, 10.404444]}}, {"type": "Feature", "id": 12485837298, "properties": {"addr:city": "Cartagena de Indias", "addr:state": "Bolívar", "amenity": "school", "name": "Jardín Infantil Mis Primeros Garabatos", "operator:type": "private", "phone": "6697757", "source": "DANE"}, "geometry": {"type": "Point", "coordinates": [-75.481111, 10.385833]}}, {"type": "Feature", "id": 12485837299, "properties": {"addr:city": "Cartagena de Indias", "addr:state": "Bolívar", "amenity": "school", "name": "Colegio Jard Inf Los Pequenos Sabios", "operator:type": "private", "phone": "6610201", "source": "DANE"}, "geometry": {"type": "Point", "coordinates": [-75.444444, 10.414722]}}, {"type": "Feature", "id": 12485837300, "properties": {"addr:city": "Cartagena de Indias", "addr:state": "Bolívar", "amenity": "school", "name": "Colegio Alborada Inf de Chile", "operator:type": "private", "phone": "6623194", "source": "DANE"}, "geometry": {"type": "Point", "coordinates": [-75.5225, 10.433889]}}, {"type": "Feature", "id": 12485837301, "properties": {"addr:city": "Cartagena de Indias", "addr:state": "Bolívar", "amenity": "school", "name": "Institución Skinner Ii", "operator:type": "private", "phone": "6675005", "source": "DANE"}, "geometry": {"type": "Point", "coordinates": [-75.4925378, 10.4820318]}}, {"type": "Feature", "id": 12485837303, "properties": {"addr:city": "Cartagena de Indias", "addr:state": "Bolívar", "amenity": "school", "name": "Colegio Gimn Mompiano", "operator:type": "private", "phone": "6567340", "source": "DANE"}, "geometry": {"type": "Point", "coordinates": [-75.507449, 10.457264]}}, {"type": "Feature", "id": 12485837304, "properties": {"addr:city": "Cartagena de Indias", "addr:state": "Bolívar", "amenity": "school", "name": "Institución Educ Jaivel", "operator:type": "private", "phone": "6566321", "source": "DANE"}, "geometry": {"type": "Point", "coordinates": [-75.494444, 10.4075]}}, {"type": "Feature", "id": 12485837305, "properties": {"addr:city": "Cartagena de Indias", "addr:state": "Bolívar", "amenity": "school", "name": "Escuela El Educador", "operator:type": "private", "phone": "6520887", "source": "DANE"}, "geometry": {"type": "Point", "coordinates": [-75.491389, 10.401667]}}, {"type": "Feature", "id": 12485837306, "properties": {"addr:city": "Cartagena de Indias", "addr:state": "Bolívar", "amenity": "school", "name": "Institución Jorge Luis Borges", "operator:type": "private", "phone": "6616480", "source": "DANE"}, "geometry": {"type": "Point", "coordinates": [-75.510278, 10.390833]}}, {"type": "Feature", "id": 12485837307, "properties": {"addr:city": "CARTAGENA DE INDIAS", "addr:state": "BOLÍVAR", "amenity": "school", "name": "INSTITUCION DE ENSEÑANZA MADDOX", "operator:type": "private", "phone": "6533866", "source": "DANE"}, "geometry": {"type": "Point", "coordinates": [-75.472222, 10.4]}}, {"type": "Feature", "id": 12485837308, "properties": {"addr:city": "Cartagena de Indias", "addr:state": "Bolívar", "amenity": "school", "name": "Institución Educativa Fe y Alegria El Progreso", "operator:type": "private", "phone": "6718085", "source": "DANE"}, "geometry": {"type": "Point", "coordinates": [-75.487778, 10.375556]}}, {"type": "Feature", "id": 12485837309, "properties": {"addr:city": "Cartagena de Indias", "addr:state": "Bolívar", "amenity": "school", "name": "Centro Educativo Cent de Ensen Hijos de Bolívar", "operator:type": "private", "phone": "3114244823", "source": "DANE"}, "geometry": {"type": "Point", "coordinates": [-75.481667, 10.400833]}}, {"type": "Feature", "id": 12485837310, "properties": {"addr:city": "CARTAGENA DE INDIAS", "addr:state": "BOLÍVAR", "amenity": "school", "name": "Centro Educativo María de Nazareth", "operator:type": "private", "phone": "6522557", "source": "DANE"}, "geometry": {"type": "Point", "coordinates": [-75.516667, 10.407778]}}, {"type": "Feature", "id": 12485837311, "properties": {"addr:city": "Cartagena de Indias", "addr:state": "Bolívar", "amenity": "school", "name": "Institución Anglo Americano de Cartagena", "operator:type": "private", "phone": "6647137", "source": "DANE"}, "geometry": {"type": "Point", "coordinates": [-75.504444, 10.406944]}}, {"type": "Feature", "id": 12485837313, "properties": {"addr:city": "Cartagena de Indias", "addr:state": "Bolívar", "amenity": "school", "name": "Institución Inf Pablo Montesinos", "operator:type": "private", "phone": "6679561", "source": "DANE"}, "geometry": {"type": "Point", "coordinates": [-75.470278, 10.385278]}}, {"type": "Feature", "id": 12485837314, "properties": {"addr:city": "Cartagena de Indias", "addr:state": "Bolívar", "amenity": "school", "name": "Corporación Inst Educ del Socorro", "operator:type": "private", "phone": "6617429", "source": "DANE"}, "geometry": {"type": "Point", "coordinates": [-75.491389, 10.381389]}}, {"type": "Feature", "id": 12485837315, "properties": {"addr:city": "CARTAGENA DE INDIAS", "addr:state": "BOLÍVAR", "amenity": "school", "name": "Fundación Educativa Cristo Rey de Reyes", "operator:type": "private", "phone": "6619155", "source": "DANE"}, "geometry": {"type": "Point", "coordinates": [-75.483579, 10.406274]}}, {"type": "Feature", "id": 12485837316, "properties": {"addr:city": "Cartagena de Indias", "addr:state": "Bolívar", "amenity": "school", "name": "Colegio María Montessori", "operator:type": "private", "phone": "6812301", "source": "DANE"}, "geometry": {"type": "Point", "coordinates": [-75.478333, 10.377778]}}, {"type": "Feature", "id": 12485837317, "properties": {"addr:city": "Cartagena de Indias", "addr:state": "Bolívar", "amenity": "school", "name": "Colegio del Caribe", "operator:type": "private", "phone": "6635130", "source": "DANE"}, "geometry": {"type": "Point", "coordinates": [-75.459167, 10.411389]}}, {"type": "Feature", "id": 12485837318, "properties": {"addr:city": "Cartagena de Indias", "addr:state": "Bolívar", "amenity": "school", "name": "Institución El Eden", "operator:type": "private", "phone": "6670848", "source": "DANE"}, "geometry": {"type": "Point", "coordinates": [-75.483611, 10.405]}}, {"type": "Feature", "id": 12485837320, "properties": {"addr:city": "CARTAGENA DE INDIAS", "addr:state": "BOLÍVAR", "amenity": "school", "name": "Colegio Santa Lucía", "operator:type": "private", "phone": "6620248", "source": "DANE"}, "geometry": {"type": "Point", "coordinates": [-75.501944, 10.408889]}}, {"type": "Feature", "id": 12485837321, "properties": {"addr:city": "Cartagena de Indias", "addr:state": "Bolívar", "amenity": "school", "name": "Colegio Comfamiliar Cartagena", "operator:type": "private", "phone": "6539213", "source": "DANE"}, "geometry": {"type": "Point", "coordinates": [-75.461667, 10.384167]}}, {"type": "Feature", "id": 12485837323, "properties": {"addr:city": "Cartagena de Indias", "addr:state": "Bolívar", "amenity": "school", "name": "Colegio Antares de Cartagena", "operator:type": "private", "phone": "6604868", "source": "DANE"}, "geometry": {"type": "Point", "coordinates": [-75.523333, 10.437222]}}, {"type": "Feature", "id": 12485837325, "properties": {"addr:city": "Cartagena de Indias", "addr:state": "Bolívar", "amenity": "school", "name": "Colegio Madre Gabriela de San Martín", "operator:type": "private", "phone": "6613147", "source": "DANE"}, "geometry": {"type": "Point", "coordinates": [-75.491667, 10.480833]}}, {"type": "Feature", "id": 12485837326, "properties": {"amenity": "school", "name": "Colegio Gonzalo Jiménez de Quesada", "operator:type": "private", "phone": "6661918", "source": "DANE"}, "geometry": {"type": "Point", "coordinates": [-75.5238821, 10.4370149]}}, {"type": "Feature", "id": 12485837327, "properties": {"addr:city": "CARTAGENA DE INDIAS", "addr:state": "BOLÍVAR", "amenity": "school", "name": "OTRA-SIGLA CIUDAD ESC DE COMFENALCO", "operator:type": "private", "phone": "6697010", "source": "DANE"}, "geometry": {"type": "Point", "coordinates": [-75.519167, 10.423056]}}, {"type": "Feature", "id": 12485837335, "properties": {"addr:city": "Turbaco", "addr:state": "Bolívar", "amenity": "school", "name": "Centro Educativo Mentes Brillantes", "operator:type": "private", "phone": "3024112165", "source": "DANE"}, "geometry": {"type": "Point", "coordinates": [-75.455123, 10.38109]}}, {"type": "Feature", "id": 12485837336, "properties": {"addr:city": "Turbaco", "addr:state": "Bolívar", "amenity": "school", "name": "Gimnasio Pedagogi Coismars de Sanes", "operator:type": "private", "phone": "3104091944", "source": "DANE"}, "geometry": {"type": "Point", "coordinates": [-75.419638, 10.3297383]}}, {"type": "Feature", "id": 12485837337, "properties": {"addr:city": "Cartagena de Indias", "addr:state": "Bolívar", "amenity": "school", "name": "Colegio Naval de Crespo", "operator:type": "private", "phone": "6663972", "source": "DANE"}, "geometry": {"type": "Point", "coordinates": [-75.513889, 10.450278]}}, {"type": "Feature", "id": 12485837338, "properties": {"addr:city": "CARTAGENA DE INDIAS", "addr:state": "BOLÍVAR", "amenity": "school", "name": "Colegio wAdventistas de Cartagena", "operator:type": "private", "phone": "6693785", "source": "DANE"}, "geometry": {"type": "Point", "coordinates": [-75.474444, 10.3704379]}}, {"type": "Feature", "id": 12485837339, "properties": {"amenity": "school", "name": "Colegio El Carmelo", "operator:type": "private", "phone": "6666393", "source": "DANE"}, "geometry": {"type": "Point", "coordinates": [-75.558817, 10.3969847]}}, {"type": "Feature", "id": 12485837340, "properties": {"addr:city": "Cartagena de Indias", "addr:state": "Bolívar", "amenity": "school", "name": "Colegio Eucaristico de Santa Teresa", "operator:type": "private", "phone": "6604299", "source": "DANE"}, "geometry": {"type": "Point", "coordinates": [-75.5362577, 10.4121385]}}, {"type": "Feature", "id": 12485837342, "properties": {"addr:city": "Cartagena de Indias", "addr:state": "Bolívar", "amenity": "school", "name": "Gimnasio Latinoamericano", "operator:type": "private", "phone": "6625502", "source": "DANE"}, "geometry": {"type": "Point", "coordinates": [-75.5094524, 10.4054003]}}, {"type": "Feature", "id": 12485837343, "properties": {"addr:city": "Cartagena de Indias", "addr:state": "Bolívar", "amenity": "school", "name": "Institución Educativa Nuestra Señora de la Victoria", "operator:type": "private", "phone": "6740881", "source": "DANE"}, "geometry": {"type": "Point", "coordinates": [-75.508889, 10.405833]}}, {"type": "Feature", "id": 12485837344, "properties": {"addr:city": "Turbaco", "addr:state": "Bolívar", "amenity": "school", "name": "Fundación Educativa Cristiana Beraca Nocedaresh Funebec", "operator:type": "private", "phone": "3046823239", "source": "DANE"}, "geometry": {"type": "Point", "coordinates": [-75.4113351, 10.3308466]}}, {"type": "Feature", "id": 12485837345, "properties": {"addr:city": "Turbaco", "addr:state": "Bolívar", "amenity": "school", "name": "Institución Educativa Asturias", "operator:type": "private", "phone": "3004927997", "source": "DANE"}, "geometry": {"type": "Point", "coordinates": [-75.4465187, 10.3781844]}}, {"type": "Feature", "id": 12485837347, "properties": {"addr:city": "Turbaco", "addr:state": "Bolívar", "amenity": "school", "name": "Gimnasio Friedrich Froebel", "operator:type": "private", "phone": "3022855056", "source": "DANE"}, "geometry": {"type": "Point", "coordinates": [-75.4152139, 10.3417306]}}, {"type": "Feature", "id": 12485837348, "properties": {"addr:city": "Turbaco", "addr:state": "Bolívar", "amenity": "school", "name": "Centro Educativo Los Formadores Sede Principal", "operator:type": "private", "phone": "3156666569", "source": "DANE"}, "geometry": {"type": "Point", "coordinates": [-75.451068, 10.387393]}}, {"type": "Feature", "id": 12485837349, "properties": {"addr:city": "Turbaco", "addr:state": "Bolívar", "amenity": "school", "name": "Gimnasio y Centro de Estimulación Camino Al Saber", "operator:type": "private", "phone": "3223842768", "source": "DANE"}, "geometry": {"type": "Point", "coordinates": [-75.4135258, 10.3248795]}}, {"type": "Feature", "id": 12485837350, "properties": {"addr:city": "Turbaco", "addr:state": "Bolívar", "amenity": "school", "name": "Gimnasio Educativo Montpellier", "operator:type": "private", "phone": "6852725", "source": "DANE"}, "geometry": {"type": "Point", "coordinates": [-75.4210692, 10.3382092]}}, {"type": "Feature", "id": 12485837351, "properties": {"addr:city": "Turbaco", "addr:state": "Bolívar", "amenity": "school", "name": "Colegio Jesus Mi Buen Pastor", "operator:type": "private", "phone": "3135091245", "source": "DANE"}, "geometry": {"type": "Point", "coordinates": [-75.4052063, 10.3100121]}}, {"type": "Feature", "id": 12485837353, "properties": {"addr:city": "Turbaco", "addr:state": "Bolívar", "amenity": "school", "name": "Centro Educativo Cacique Yurbaco", "operator:type": "private", "phone": "3113066848", "source": "DANE"}, "geometry": {"type": "Point", "coordinates": [-75.411859, 10.337235]}}, {"type": "Feature", "id": 12485837354, "properties": {"addr:city": "Turbaco", "addr:state": "Bolívar", "amenity": "school", "name": "Institución Educativa Educamos Con Valores", "operator:type": "private", "phone": "3023315972", "source": "DANE"}, "geometry": {"type": "Point", "coordinates": [-75.4239101, 10.3398253]}}, {"type": "Feature", "id": 12485837355, "properties": {"addr:city": "TURBACO", "addr:state": "BOLÍVAR", "amenity": "school", "name": "OTRA-SIGLA COORPORACION EDUCATIVA COLEGIO SANTA MARIA DEL VALLE", "operator:type": "private", "phone": "6436841", "source": "DANE"}, "geometry": {"type": "Point", "coordinates": [-75.4150367, 10.3347864]}}, {"type": "Feature", "id": 12485837356, "properties": {"addr:city": "Turbaco", "addr:state": "Bolívar", "amenity": "school", "name": "Institución Iberoamaericano Turbaco", "operator:type": "private", "phone": "3174492220", "source": "DANE"}, "geometry": {"type": "Point", "coordinates": [-75.4099055, 10.3212904]}}, {"type": "Feature", "id": 12485837357, "properties": {"addr:city": "Turbaco", "addr:state": "Bolívar", "amenity": "school", "name": "Institución Educativa El Rodeo", "operator:type": "private", "phone": "3100602770", "source": "DANE"}, "geometry": {"type": "Point", "coordinates": [-75.4619802, 10.3709825]}}, {"type": "Feature", "id": 12485837358, "properties": {"addr:city": "Turbaco", "addr:state": "Bolívar", "amenity": "school", "name": "Corporación Amos Comenio", "operator:type": "private", "phone": "3165206822", "source": "DANE"}, "geometry": {"type": "Point", "coordinates": [-75.450878, 10.3896253]}}, {"type": "Feature", "id": 12485837359, "properties": {"addr:city": "Turbaco", "addr:state": "Bolívar", "amenity": "school", "name": "Centro Educativo Gimnasio María Montessori", "operator:type": "private", "phone": "3157863825", "source": "DANE"}, "geometry": {"type": "Point", "coordinates": [-75.4076278, 10.3370766]}}, {"type": "Feature", "id": 12485837361, "properties": {"addr:city": "TURBACO", "addr:state": "BOLÍVAR", "amenity": "school", "name": "CENTRO EDUCATIVO BALCÓN TURÍSTICO", "operator:type": "private", "phone": "3017098012", "source": "DANE"}, "geometry": {"type": "Point", "coordinates": [-75.4106296, 10.3344216]}}, {"type": "Feature", "id": 12485837362, "properties": {"addr:city": "Turbaco", "addr:state": "Bolívar", "amenity": "school", "name": "Colegio Dones de Misericordia", "operator:type": "private", "phone": "3004302700", "source": "DANE"}, "geometry": {"type": "Point", "coordinates": [-75.4136667, 10.3307436]}}, {"type": "Feature", "id": 12485837363, "properties": {"addr:city": "Turbaco", "addr:state": "Bolívar", "amenity": "school", "name": "Centro Educativo Liceo María Montessori", "operator:type": "private", "phone": "3007927156", "source": "DANE"}, "geometry": {"type": "Point", "coordinates": [-75.4113904, 10.3380511]}}, {"type": "Feature", "id": 12485837364, "properties": {"addr:city": "Turbaco", "addr:state": "Bolívar", "amenity": "school", "name": "Colegio Herbert Spencer", "operator:type": "private", "phone": "3145219194", "source": "DANE"}, "geometry": {"type": "Point", "coordinates": [-75.4159363, 10.3302777]}}, {"type": "Feature", "id": 12485837365, "properties": {"addr:city": "Turbaco", "addr:state": "Bolívar", "amenity": "school", "name": "Gimnasio Campestre", "operator:type": "private", "phone": "3003312230", "source": "DANE"}, "geometry": {"type": "Point", "coordinates": [-75.4057551, 10.3422379]}}, {"type": "Feature", "id": 12485837366, "properties": {"addr:city": "Turbaco", "addr:state": "Bolívar", "amenity": "school", "name": "Colegio Cristiano Kerigma", "operator:type": "private", "phone": "3145589147", "source": "DANE"}, "geometry": {"type": "Point", "coordinates": [-75.4208148, 10.3297103]}}, {"type": "Feature", "id": 12485837367, "properties": {"addr:city": "Turbaco", "addr:state": "Bolívar", "amenity": "school", "name": "Centro Educativo Integral Caminando Hacia El Futuro", "operator:type": "private", "phone": "6523453", "source": "DANE"}, "geometry": {"type": "Point", "coordinates": [-75.4610697, 10.370493]}}, {"type": "Feature", "id": 12485837368, "properties": {"addr:city": "Turbaco", "addr:state": "Bolívar", "amenity": "school", "name": "Gimnasio Campestre Altamira", "operator:type": "private", "phone": "3147962477", "source": "DANE"}, "geometry": {"type": "Point", "coordinates": [-75.4257611, 10.3412804]}}, {"type": "Feature", "id": 12485837369, "properties": {"addr:city": "Turbaco", "addr:state": "Bolívar", "amenity": "school", "name": "Centro Educativo Liceo Ariza", "operator:type": "private", "phone": "6849095", "source": "DANE"}, "geometry": {"type": "Point", "coordinates": [-75.4149756, 10.3400508]}}, {"type": "Feature", "id": 12485837370, "properties": {"addr:city": "CARTAGENA DE INDIAS", "addr:state": "BOLÍVAR", "amenity": "school", "name": "OTRA-SIGLA ASPAEN GIM CARTAGENA DE INDIAS", "operator:type": "private", "phone": "6735999", "source": "DANE"}, "geometry": {"type": "Point", "coordinates": [-75.455278, 10.389167]}}, {"type": "Feature", "id": 12485837371, "properties": {"addr:city": "Turbaco", "addr:state": "Bolívar", "amenity": "school", "name": "Guarderia y Jard Inf Chispitas Alegre", "operator:type": "private", "phone": "6638266", "source": "DANE"}, "geometry": {"type": "Point", "coordinates": [-75.4094212, 10.3261943]}}, {"type": "Feature", "id": 12485837460, "properties": {"addr:city": "Cartagena de Indias", "addr:state": "Bolívar", "amenity": "school", "name": "Institución Educativa Anna Freud", "operator:type": "private", "phone": "3243877516", "source": "DANE"}, "geometry": {"type": "Point", "coordinates": [-75.46307, 10.40373]}}, {"type": "Feature", "id": 12485837461, "properties": {"addr:city": "Cartagena de Indias", "addr:state": "Bolívar", "amenity": "school", "name": "Institución Educativa Nubes de Colores", "operator:type": "private", "phone": "3145265606", "source": "DANE"}, "geometry": {"type": "Point", "coordinates": [-75.5134391, 10.4062033]}}, {"type": "Feature", "id": 12485837462, "properties": {"addr:city": "Cartagena de Indias", "addr:state": "Bolívar", "amenity": "school", "name": "Centro Educativo Philadelphia Internacional School", "operator:type": "private", "phone": "3015447391", "source": "DANE"}, "geometry": {"type": "Point", "coordinates": [-75.4739548, 10.3846029]}}, {"type": "Feature", "id": 12485837464, "properties": {"addr:city": "Cartagena de Indias", "addr:state": "Bolívar", "amenity": "school", "name": "Colegio El Saber de Cartagena", "operator:type": "private", "phone": "3173158577", "source": "DANE"}, "geometry": {"type": "Point", "coordinates": [-75.5363167, 10.4127861]}}, {"type": "Feature", "id": 12485837465, "properties": {"addr:city": "Cartagena de Indias", "addr:state": "Bolívar", "amenity": "school", "name": "Jardín Infantil Maravillas del Saber", "operator:type": "private", "phone": "3052226110", "source": "DANE"}, "geometry": {"type": "Point", "coordinates": [-75.484382, 10.4044181]}}, {"type": "Feature", "id": 12485837466, "properties": {"addr:city": "Cartagena de Indias", "addr:state": "Bolívar", "amenity": "school", "name": "Institución Educativa El Sembrador", "operator:type": "private", "phone": "3205719195", "source": "DANE"}, "geometry": {"type": "Point", "coordinates": [-75.5045256, 10.4082074]}}, {"type": "Feature", "id": 12485837467, "properties": {"addr:city": "CARTAGENA DE INDIAS", "addr:state": "BOLÍVAR", "amenity": "school", "name": "Colegio Pinar - El Recreo", "operator:type": "private", "phone": "6902525", "source": "DANE"}, "geometry": {"type": "Point", "coordinates": [-75.4728715, 10.3886866]}}, {"type": "Feature", "id": 12485837468, "properties": {"addr:city": "Cartagena de Indias", "addr:state": "Bolívar", "amenity": "school", "name": "Institución Educativa Luz y Verdad", "operator:type": "private", "phone": "3145475173", "source": "DANE"}, "geometry": {"type": "Point", "coordinates": [-75.4831189, 10.3721031]}}, {"type": "Feature", "id": 12485837469, "properties": {"addr:city": "CARTAGENA DE INDIAS", "addr:state": "BOLÍVAR", "amenity": "school", "name": "FUNDACION EDUCATIVA CANAÁN", "operator:type": "private", "phone": "3106102826", "source": "DANE"}, "geometry": {"type": "Point", "coordinates": [-75.4580662, 10.4063714]}}, {"type": "Feature", "id": 12485837470, "properties": {"addr:city": "CARTAGENA DE INDIAS", "addr:state": "BOLÍVAR", "amenity": "school", "name": "Institución Educativa Villpahs", "operator:type": "private", "phone": "6485316", "source": "DANE"}, "geometry": {"type": "Point", "coordinates": [-75.4762652, 10.3951582]}}, {"type": "Feature", "id": 12485837472, "properties": {"addr:city": "CARTAGENA DE INDIAS", "addr:state": "BOLÍVAR", "amenity": "school", "name": "Colegio Humanista Francesco Petrarca", "operator:type": "private", "phone": "3153075773", "source": "DANE"}, "geometry": {"type": "Point", "coordinates": [-75.4753871, 10.3732722]}}, {"type": "Feature", "id": 12485837473, "properties": {"addr:city": "Cartagena de Indias", "addr:state": "Bolívar", "amenity": "school", "name": "Institución Educativa Mis Estimulaciones", "operator:type": "private", "phone": "3015221954", "source": "DANE"}, "geometry": {"type": "Point", "coordinates": [-75.5226509, 10.3983536]}}, {"type": "Feature", "id": 12485837474, "properties": {"addr:city": "CARTAGENA DE INDIAS", "addr:state": "BOLÍVAR", "amenity": "school", "name": "Centro Educativo John Paul Lederach", "operator:type": "private", "phone": "+57 300 6599772"}, "geometry": {"type": "Point", "coordinates": [-75.491991, 10.3929032]}}, {"type": "Feature", "id": 12485837475, "properties": {"addr:city": "CARTAGENA DE INDIAS", "addr:state": "BOLÍVAR", "amenity": "school", "name": "Institución Pedagógica La Victoria", "operator:type": "private", "phone": "3176245045", "source": "DANE"}, "geometry": {"type": "Point", "coordinates": [-75.486531, 10.3789693]}}, {"type": "Feature", "id": 12485837476, "properties": {"addr:city": "CARTAGENA DE INDIAS", "addr:state": "BOLÍVAR", "amenity": "school", "name": "Colegio Dulce Corazón de María", "operator:type": "private", "phone": "3042473477", "source": "DANE"}, "geometry": {"type": "Point", "coordinates": [-75.4796859, 10.3855881]}}, {"type": "Feature", "id": 12485837477, "properties": {"addr:city": "Cartagena de Indias", "addr:state": "Bolívar", "amenity": "school", "name": "Institución Educativa Sinergia", "operator:type": "private", "phone": "3012563341", "source": "DANE"}, "geometry": {"type": "Point", "coordinates": [-75.5073452, 10.3900022]}}, {"type": "Feature", "id": 12485837478, "properties": {"addr:city": "Cartagena de Indias", "addr:state": "Bolívar", "amenity": "school", "name": "Institución Educamos Con Valores", "operator:type": "private", "phone": "3023315972", "source": "DANE"}, "geometry": {"type": "Point", "coordinates": [-75.4581104, 10.4061648]}}, {"type": "Feature", "id": 12485837479, "properties": {"addr:city": "Cartagena de Indias", "addr:state": "Bolívar", "amenity": "school", "name": "Institución Educativa Lindo Amanecer", "operator:type": "private", "phone": "3116534990", "source": "DANE"}, "geometry": {"type": "Point", "coordinates": [-75.5050305, 10.3830014]}}, {"type": "Feature", "id": 12485837480, "properties": {"amenity": "school", "name": "Institución Educativa El Milagroso de la Villa", "operator:type": "private", "phone": "3114110460", "source": "DANE"}, "geometry": {"type": "Point", "coordinates": [-75.5065115, 10.3933867]}}, {"type": "Feature", "id": 12485837481, "properties": {"addr:city": "Cartagena de Indias", "addr:state": "BOLÍVAR", "amenity": "school", "name": "Institución Educativa Nueva Esperanza", "operator:type": "private", "phone": "3008859530", "source": "DANE"}, "geometry": {"type": "Point", "coordinates": [-75.518715, 10.3932675]}}, {"type": "Feature", "id": 12485837482, "properties": {"addr:city": "Cartagena de Indias", "addr:state": "Bolívar", "amenity": "school", "name": "Colegio San José de Los Campanos", "operator:type": "private", "phone": "3013736935", "source": "DANE"}, "geometry": {"type": "Point", "coordinates": [-75.4596033, 10.3847934]}}, {"type": "Feature", "id": 12485837483, "properties": {"addr:city": "CARTAGENA DE INDIAS", "addr:state": "BOLÍVAR", "amenity": "school", "education": "school", "name": "Institución de Educación Integral IDI", "operator:type": "private", "phone": "3192714691", "source": "DANE"}, "geometry": {"type": "Point", "coordinates": [-75.5012179, 10.3720602]}}, {"type": "Feature", "id": 12485837484, "properties": {"addr:city": "Cartagena de Indias", "addr:state": "Bolívar", "amenity": "school", "name": "Centro Educativo Manos Que Construyen", "operator:type": "private", "phone": "3107107461", "source": "DANE"}, "geometry": {"type": "Point", "coordinates": [-75.5172948, 10.4013598]}}, {"type": "Feature", "id": 12485837485, "properties": {"amenity": "school", "name": "Institución Educativa Bruner", "operator:type": "private", "phone": "3126912385", "source": "DANE"}, "geometry": {"type": "Point", "coordinates": [-75.4856725, 10.3828984]}}, {"type": "Feature", "id": 12485837486, "properties": {"addr:city": "Cartagena de Indias", "addr:state": "Bolívar", "amenity": "school", "name": "Institución Cristocentrico del Caribe", "operator:type": "private", "phone": "3116570187", "source": "DANE"}, "geometry": {"type": "Point", "coordinates": [-75.516246, 10.4059966]}}, {"type": "Feature", "id": 12485837487, "properties": {"addr:city": "CARTAGENA DE INDIAS", "addr:state": "BOLÍVAR", "amenity": "school", "name": "OTRA-SIGLA MI MUNDO MAGICO GUARDERIA Y JARDIN INFANTIL", "operator:type": "private", "phone": "3023023003", "source": "DANE"}, "geometry": {"type": "Point", "coordinates": [-75.5187452, 10.4386019]}}, {"type": "Feature", "id": 12485837488, "properties": {"addr:city": "Cartagena de Indias", "addr:state": "Bolívar", "amenity": "school", "name": "Corporación David Ausubel", "operator:type": "private", "phone": "3007547711", "source": "DANE"}, "geometry": {"type": "Point", "coordinates": [-75.4742618, 10.3846814]}}, {"type": "Feature", "id": 12485837489, "properties": {"addr:city": "Cartagena de Indias", "addr:state": "Bolívar", "amenity": "school", "name": "Fundación Instituto Colombia", "operator:type": "private", "phone": "3116665152", "source": "DANE"}, "geometry": {"type": "Point", "coordinates": [-75.5099486, 10.3877757]}}, {"type": "Feature", "id": 12485837492, "properties": {"addr:city": "Cartagena de Indias", "addr:state": "Bolívar", "amenity": "school", "name": "Centro Educativo Centro de Desarrollo Integral Manitos Creativas", "operator:type": "private", "phone": "3166210402", "source": "DANE"}, "geometry": {"type": "Point", "coordinates": [-75.4798683, 10.3813017]}}, {"type": "Feature", "id": 12485837493, "properties": {"addr:city": "Cartagena de Indias", "addr:state": "Bolívar", "amenity": "school", "name": "Institución Educativa Villa del Cielo", "operator:type": "private", "phone": "3157074442", "source": "DANE"}, "geometry": {"type": "Point", "coordinates": [-75.4726233, 10.3813544]}}, {"type": "Feature", "id": 12485837494, "properties": {"addr:city": "Cartagena de Indias", "addr:state": "Bolívar", "amenity": "school", "name": "Corporación Virgen Ciecivir", "operator:type": "private", "phone": "3205944248", "source": "DANE"}, "geometry": {"type": "Point", "coordinates": [-75.5173364, 10.4120996]}}, {"type": "Feature", "id": 12485837495, "properties": {"addr:city": "Cartagena de Indias", "addr:state": "Bolívar", "amenity": "school", "name": "Gimnasio Chamberi", "operator:type": "private", "phone": "6663446", "source": "DANE"}, "geometry": {"type": "Point", "coordinates": [-75.5348135, 10.4297051]}}, {"type": "Feature", "id": 12485838706, "properties": {"addr:city": "CARTAGENA DE INDIAS", "addr:state": "BOLÍVAR", "amenity": "school", "name": "Institución Educativa Asisclo De Avila Torres", "operator:type": "public", "phone": "6776445", "source": "DANE"}, "geometry": {"type": "Point", "coordinates": [-75.5795956, 10.3249699]}}, {"type": "Feature", "id": 12485838708, "properties": {"addr:city": "CARTAGENA DE INDIAS", "addr:state": "BOLÍVAR", "amenity": "school", "name": "Escuela Luis Carlos Galán Sarmiento", "operator:type": "public", "source": "DANE"}, "geometry": {"type": "Point", "coordinates": [-75.483056, 10.409167]}}, {"type": "Feature", "id": 12485838710, "properties": {"addr:city": "CARTAGENA DE INDIAS", "addr:state": "BOLÍVAR", "amenity": "school", "name": "ESCUELA DIVINO NIÑO JESUS DEL ZAPATERO", "operator:type": "public", "source": "DANE"}, "geometry": {"type": "Point", "coordinates": [-75.442195, 10.4647145]}}, {"type": "Feature", "id": 12485838712, "properties": {"addr:city": "Cartagena de Indias", "addr:state": "Bolívar", "amenity": "school", "name": "Institución Educativa Sn Francisco de Asis", "operator:type": "public", "phone": "6685579", "source": "DANE"}, "geometry": {"type": "Point", "coordinates": [-75.490833, 10.354722]}}, {"type": "Feature", "id": 12485838713, "properties": {"addr:city": "Cartagena de Indias", "addr:state": "Bolívar", "amenity": "school", "name": "Escuela Pedro Pascacio Martinez", "operator:type": "public", "phone": "6685579", "source": "DANE"}, "geometry": {"type": "Point", "coordinates": [-75.490833, 10.3675]}}, {"type": "Feature", "id": 12485838714, "properties": {"addr:city": "CARTAGENA DE INDIAS", "addr:state": "BOLÍVAR", "amenity": "school", "name": "INSTITUCION EDUCATIVA SAN JOSE DE CAÑO DEL ORO", "operator:type": "public", "phone": "6514086", "source": "DANE"}, "geometry": {"type": "Point", "coordinates": [-75.5443422, 10.3422244]}}, {"type": "Feature", "id": 12485838715, "properties": {"addr:city": "Cartagena de Indias", "addr:state": "Bolívar", "amenity": "school", "name": "Institución Educativa de Bayunca", "operator:type": "public", "phone": "6295411", "source": "DANE"}, "geometry": {"type": "Point", "coordinates": [-75.4609506, 10.4016875]}}, {"type": "Feature", "id": 12485838716, "properties": {"addr:city": "Cartagena de Indias", "addr:state": "Bolívar", "amenity": "school", "name": "Centro Educativo Manzanillo del Mar", "operator:type": "public", "phone": "6652905", "source": "DANE"}, "geometry": {"type": "Point", "coordinates": [-75.4982551, 10.5151591]}}, {"type": "Feature", "id": 12485838719, "properties": {"addr:city": "Cartagena de Indias", "addr:state": "Bolívar", "amenity": "school", "name": "Escuela San Felipe de la Boquilla", "operator:type": "public", "phone": "6568152", "source": "DANE"}, "geometry": {"type": "Point", "coordinates": [-75.476389, 10.363889]}}, {"type": "Feature", "id": 12485838722, "properties": {"addr:city": "Cartagena de Indias", "addr:state": "Bolívar", "amenity": "school", "name": "Escuela Hijos del Agricultor", "operator:type": "public", "phone": "6686831", "source": "DANE"}, "geometry": {"type": "Point", "coordinates": [-75.491111, 10.354167]}}, {"type": "Feature", "id": 12485838723, "properties": {"addr:city": "Cartagena de Indias", "addr:state": "Bolívar", "amenity": "school", "name": "Institución Educativa de Pontezuela", "operator:type": "public", "phone": "3156806208", "source": "DANE"}, "geometry": {"type": "Point", "coordinates": [-75.4400535, 10.5434509]}}, {"type": "Feature", "id": 12485838725, "properties": {"addr:city": "Cartagena de Indias", "addr:state": "Bolívar", "amenity": "school", "name": "Escuela de Membrillal", "operator:type": "public", "phone": "6687411", "source": "DANE"}, "geometry": {"type": "Point", "coordinates": [-75.4754332, 10.3341712]}}, {"type": "Feature", "id": 12485838726, "properties": {"addr:city": "Cartagena de Indias", "addr:state": "Bolívar", "amenity": "school", "name": "Institución Educativa de Tierra Bomba", "operator:type": "public", "phone": "6295758", "source": "DANE"}, "geometry": {"type": "Point", "coordinates": [-75.5491217, 10.364183]}}, {"type": "Feature", "id": 12485838776, "properties": {"addr:city": "Cartagena de Indias", "addr:state": "Bolívar", "amenity": "school", "name": "Centro Educativo Tierra Baja", "operator:type": "public", "source": "DANE"}, "geometry": {"type": "Point", "coordinates": [-75.4763641, 10.4898416]}}, {"type": "Feature", "id": 12485838779, "properties": {"addr:city": "Cartagena de Indias", "addr:state": "Bolívar", "amenity": "school", "name": "Centro Educativo Pto Rey", "operator:type": "public", "phone": "6653425", "source": "DANE"}, "geometry": {"type": "Point", "coordinates": [-75.4628488, 10.482037]}}, {"type": "Feature", "id": 12485839330, "properties": {"addr:city": "Turbaco", "addr:state": "Bolívar", "amenity": "school", "name": "Escuela Urb Mix Hilda Marrugo de Ahumada", "operator:type": "public", "phone": "6555337", "source": "DANE"}, "geometry": {"type": "Point", "coordinates": [-75.4231721, 10.3279827]}}, {"type": "Feature", "id": 12485839375, "properties": {"addr:city": "Cartagena de Indias", "addr:state": "Bolívar", "amenity": "school", "name": "Institución Educativa Tecnica de Pasacaballos Sede Centro de Excelencia Para La", "operator:type": "public", "phone": "3135728465", "source": "DANE"}, "geometry": {"type": "Point", "coordinates": [-75.4699022, 10.4491888]}}, {"type": "Feature", "id": 12485839377, "properties": {"addr:city": "Turbaco", "addr:state": "Bolívar", "amenity": "school", "name": "Escuela Nueva Puente Honda", "operator:type": "public", "source": "DANE"}, "geometry": {"type": "Point", "coordinates": [-75.4392955, 10.3553739]}}, {"type": "Feature", "id": 12485839888, "properties": {"addr:city": "Turbaco", "addr:state": "Bolívar", "amenity": "school", "name": "Escuela Nueva Colombia", "operator:type": "public", "phone": "3205531605", "source": "DANE"}, "geometry": {"type": "Point", "coordinates": [-75.415774, 10.316002]}}, {"type": "Feature", "id": 12485839889, "properties": {"addr:city": "Turbaco", "addr:state": "Bolívar", "amenity": "school", "name": "Escuela San Francisco de Asis", "operator:type": "public", "phone": "6556139", "source": "DANE"}, "geometry": {"type": "Point", "coordinates": [-75.410896, 10.3323987]}}, {"type": "Feature", "id": 12485839890, "properties": {"addr:city": "TURBACO", "addr:state": "BOLÍVAR", "amenity": "school", "name": "OTRA-SIGLA COLONIA ESCOLAR DE VACACIONES", "operator:type": "public", "phone": "6638289", "source": "DANE"}, "geometry": {"type": "Point", "coordinates": [-75.4062885, 10.3340937]}}, {"type": "Feature", "id": 12485839891, "properties": {"addr:city": "Turbaco", "addr:state": "Bolívar", "amenity": "school", "name": "Escuela Mix Nuestra Señora del Socorro", "operator:type": "public", "phone": "6639826", "source": "DANE"}, "geometry": {"type": "Point", "coordinates": [-75.4156211, 10.3295467]}}, {"type": "Feature", "id": 12485839892, "properties": {"addr:city": "Turbaco", "addr:state": "Bolívar", "amenity": "school", "name": "Institución Educativa Felipe Santiago Escobar", "operator:type": "public", "phone": "6538268", "source": "DANE"}, "geometry": {"type": "Point", "coordinates": [-75.4158131, 10.3158056]}}, {"type": "Feature", "id": 12485839893, "properties": {"addr:city": "Turbaco", "addr:state": "Bolívar", "amenity": "school", "name": "Escuela María Auxiliadora", "operator:type": "public", "phone": "6637997", "source": "DANE"}, "geometry": {"type": "Point", "coordinates": [-75.4060838, 10.322312]}}, {"type": "Feature", "id": 12485839894, "properties": {"addr:city": "Turbaco", "addr:state": "Bolívar", "amenity": "school", "name": "Institución Educativa Docente de Turbaco", "operator:type": "public", "phone": "6637222", "source": "DANE"}, "geometry": {"type": "Point", "coordinates": [-75.4071944, 10.3294597]}}, {"type": "Feature", "id": 12485839895, "properties": {"addr:city": "Turbaco", "addr:state": "Bolívar", "amenity": "school", "name": "Escuela Urbano Mix Numero 1", "operator:type": "public", "phone": "6556775", "source": "DANE"}, "geometry": {"type": "Point", "coordinates": [-75.4073354, 10.3276327]}}, {"type": "Feature", "id": 12485839896, "properties": {"addr:city": "Turbaco", "addr:state": "Bolívar", "amenity": "school", "name": "Escuela Mix Juan Xxiii", "operator:type": "public", "phone": "6638853", "source": "DANE"}, "geometry": {"type": "Point", "coordinates": [-75.4058013, 10.3212814]}}, {"type": "Feature", "id": 12485839897, "properties": {"addr:city": "Turbaco", "addr:state": "Bolívar", "amenity": "school", "name": "Institución Educativa Tec Alfonso Lopez Pumarejo", "operator:type": "public", "phone": "6639057", "source": "DANE"}, "geometry": {"type": "Point", "coordinates": [-75.4075395, 10.3329395]}}, {"type": "Feature", "id": 12485839898, "properties": {"addr:city": "Turbaco", "addr:state": "Bolívar", "amenity": "school", "name": "Escuela Ofcial Mix del Papayal", "operator:type": "public", "phone": "6555701", "source": "DANE"}, "geometry": {"type": "Point", "coordinates": [-75.4095159, 10.33129]}}, {"type": "Feature", "id": 12485839899, "properties": {"addr:city": "Turbaco", "addr:state": "Bolívar", "amenity": "school", "name": "Escuela Mix 4ta Poza de Manga", "operator:type": "public", "phone": "6639359", "source": "DANE"}, "geometry": {"type": "Point", "coordinates": [-75.4134617, 10.3281286]}}, {"type": "Feature", "id": 12485839900, "properties": {"addr:city": "Turbaco", "addr:state": "Bolívar", "amenity": "school", "name": "Institución Educativa Tec Crisanto Luque", "operator:type": "public", "phone": "6638970", "source": "DANE"}, "geometry": {"type": "Point", "coordinates": [-75.4144171, 10.3370103]}}, {"type": "Feature", "id": 12485839901, "properties": {"addr:city": "Turbaco", "addr:state": "Bolívar", "amenity": "school", "name": "Escuela Lastenia Mara T", "operator:type": "public", "source": "DANE"}, "geometry": {"type": "Point", "coordinates": [-75.4081131, 10.327756]}}, {"type": "Feature", "id": 12485840043, "properties": {"addr:city": "CARTAGENA DE INDIAS", "addr:state": "BOLÍVAR", "amenity": "school", "name": "Institución Educativa Ambiental Cartagena de Indias", "operator:type": "public", "phone": "6619230", "source": "DANE"}, "geometry": {"type": "Point", "coordinates": [-75.4575, 10.383333]}}, {"type": "Feature", "id": 12485840044, "properties": {"addr:city": "Cartagena de Indias", "addr:state": "Bolívar", "amenity": "school", "name": "Escuela José María Córdoba", "operator:type": "public", "phone": "6676637", "source": "DANE"}, "geometry": {"type": "Point", "coordinates": [-75.522778, 10.407222]}}, {"type": "Feature", "id": 12485840045, "properties": {"addr:city": "Cartagena de Indias", "addr:state": "Bolívar", "amenity": "school", "name": "Colegio Dist Luis Carlos Galán Sarmiento", "operator:type": "public", "phone": "6525136", "source": "DANE"}, "geometry": {"type": "Point", "coordinates": [-75.454722, 10.406111]}}, {"type": "Feature", "id": 12485840047, "properties": {"addr:city": "Cartagena de Indias", "addr:state": "Bolívar", "amenity": "school", "name": "Institución Educativa Valores Unidos", "operator:type": "public", "source": "DANE"}, "geometry": {"type": "Point", "coordinates": [-75.515833, 10.434444]}}, {"type": "Feature", "id": 12485840048, "properties": {"addr:city": "CARTAGENA DE INDIAS", "addr:state": "BOLÍVAR", "amenity": "school", "name": "Escuela Nuestra Señora de Fátima", "operator:type": "public", "source": "DANE"}, "geometry": {"type": "Point", "coordinates": [-75.518056, 10.439722]}}, {"type": "Feature", "id": 12485840049, "properties": {"addr:city": "Cartagena de Indias", "addr:state": "Bolívar", "amenity": "school", "name": "Escuela La Magdalena", "operator:type": "public", "phone": "6528514", "source": "DANE"}, "geometry": {"type": "Point", "coordinates": [-75.482222, 10.379722]}}, {"type": "Feature", "id": 12485840050, "properties": {"addr:city": "Cartagena de Indias", "addr:state": "Bolívar", "amenity": "school", "name": "Escuela Marco Fidel Suarez", "operator:type": "public", "phone": "6564293", "source": "DANE"}, "geometry": {"type": "Point", "coordinates": [-75.519722, 10.44]}}, {"type": "Feature", "id": 12485840051, "properties": {"addr:city": "Cartagena de Indias", "addr:state": "Bolívar", "amenity": "school", "name": "Concentración Educ Sagrado Corazon de Jesus", "operator:type": "public", "phone": "6567874", "source": "DANE"}, "geometry": {"type": "Point", "coordinates": [-75.521111, 10.438333]}}, {"type": "Feature", "id": 12485840052, "properties": {"addr:city": "Cartagena de Indias", "addr:state": "Bolívar", "amenity": "school", "name": "Escuela Antonio José de Irisarri", "operator:type": "public", "phone": "6661658", "source": "DANE"}, "geometry": {"type": "Point", "coordinates": [-75.503333, 10.409167]}}, {"type": "Feature", "id": 12485840054, "properties": {"addr:city": "Cartagena de Indias", "addr:state": "BOLÍVAR", "amenity": "school", "name": "Escuela Andalucía", "operator:type": "public", "phone": "662968", "source": "DANE"}, "geometry": {"type": "Point", "coordinates": [-75.507778, 10.404444]}}, {"type": "Feature", "id": 12485840101, "properties": {"addr:city": "Cartagena de Indias", "addr:state": "Bolívar", "amenity": "school", "name": "Institución Educativa Bertha Suttner", "operator:type": "public", "phone": "6056501091", "source": "DANE"}, "geometry": {"type": "Point", "coordinates": [-75.4801323, 10.3601502]}}, {"type": "Feature", "id": 12485840102, "properties": {"addr:city": "Cartagena de Indias", "addr:state": "Bolívar", "amenity": "school", "name": "Institución Educativa Bernardo Foegen", "operator:type": "public", "phone": "6056501091", "source": "DANE"}, "geometry": {"type": "Point", "coordinates": [-75.4784501, 10.3623896]}}, {"type": "Feature", "id": 12485840103, "properties": {"addr:city": "Cartagena de Indias", "addr:state": "Bolívar", "amenity": "school", "name": "Institución Educativa Politecnico del Pozon", "operator:type": "public", "phone": "6056411370", "source": "DANE"}, "geometry": {"type": "Point", "coordinates": [-75.4581917, 10.4181306]}}, {"type": "Feature", "id": 12485840104, "properties": {"addr:city": "Cartagena de Indias", "addr:state": "Bolívar", "amenity": "school", "name": "Institución Educativa Juan Bautista Scalabrini Sede Francisco de Paula", "operator:type": "public", "phone": "3113450088", "source": "DANE"}, "geometry": {"type": "Point", "coordinates": [-75.4807653, 10.3620396]}}, {"type": "Feature", "id": 12485840105, "properties": {"addr:city": "CARTAGENA DE INDIAS", "addr:state": "BOLÍVAR", "amenity": "school", "name": "Institución Educativa Juan Bautista Scalabrini", "operator:type": "public", "phone": "3113450088", "source": "DANE"}, "geometry": {"type": "Point", "coordinates": [-75.4839271, 10.3560464]}}, {"type": "Feature", "id": 12485840106, "properties": {"addr:city": "Cartagena de Indias", "addr:state": "Bolívar", "amenity": "school", "name": "Institución Educativa El Salvador - Sede Navas Meisel", "operator:type": "public", "phone": "3188833023", "source": "DANE"}, "geometry": {"type": "Point", "coordinates": [-75.4919952, 10.3735182]}}, {"type": "Feature", "id": 12485840107, "properties": {"addr:city": "Cartagena de Indias", "addr:state": "Bolívar", "amenity": "school", "name": "Institución Educativa El Salvador Sede San Nicolás", "operator:type": "public", "phone": "3188833023", "source": "DANE"}, "geometry": {"type": "Point", "coordinates": [-75.4620403, 10.4092924]}}, {"type": "Feature", "id": 12485840108, "properties": {"addr:city": "Cartagena de Indias", "addr:state": "Bolívar", "amenity": "school", "name": "Institución Educativa El Salvador Sede Las Colinas", "operator:type": "public", "phone": "3188833023", "source": "DANE"}, "geometry": {"type": "Point", "coordinates": [-75.4822725, 10.3653494]}}, {"type": "Feature", "id": 12485840109, "properties": {"addr:city": "CARTAGENA DE INDIAS", "addr:state": "BOLÍVAR", "amenity": "school", "name": "Institución Educativa El Salvador - Sede La Primavera", "operator:type": "public", "phone": "3188833023", "source": "DANE"}, "geometry": {"type": "Point", "coordinates": [-75.4734643, 10.3684496]}}, {"type": "Feature", "id": 12485840110, "properties": {"addr:city": "Cartagena de Indias", "addr:state": "Bolívar", "amenity": "school", "name": "Institución Educativa El Salvador Sede San José", "operator:type": "public", "phone": "3188833023", "source": "DANE"}, "geometry": {"type": "Point", "coordinates": [-75.455839, 10.3888098]}}, {"type": "Feature", "id": 12485840111, "properties": {"addr:city": "Cartagena de Indias", "addr:state": "Bolívar", "amenity": "school", "name": "Institución Educativa El Salvador Sede El Pozon", "operator:type": "public", "phone": "3188833023", "source": "DANE"}, "geometry": {"type": "Point", "coordinates": [-75.4666591, 10.4121468]}}, {"type": "Feature", "id": 12485840112, "properties": {"addr:city": "Cartagena de Indias", "addr:state": "Bolívar", "amenity": "school", "name": "Institución Educativa El Salvador Sede Los Robles", "operator:type": "public", "phone": "3188833023", "source": "DANE"}, "geometry": {"type": "Point", "coordinates": [-75.4765773, 10.3650864]}}, {"type": "Feature", "id": 12485840113, "properties": {"addr:city": "Cartagena De Indias", "addr:state": "Bolívar", "amenity": "school", "name": "Institución Educativa El Salvador Sede 20 de Enero", "operator:type": "public", "phone": "3188833023", "source": "DANE"}, "geometry": {"type": "Point", "coordinates": [-75.4872632, 10.3619625]}}, {"type": "Feature", "id": 12485840114, "properties": {"amenity": "school", "name": "Institución Educativa El Salvador - Sede Henequén", "operator:type": "public", "phone": "3188833023", "source": "DANE"}, "geometry": {"type": "Point", "coordinates": [-75.4896298, 10.3680327]}}, {"type": "Feature", "id": 12485840115, "properties": {"addr:city": "Cartagena de Indias", "addr:state": "Bolívar", "amenity": "school", "name": "Institución Educativa El Salvador", "operator:type": "public", "phone": "3188833023", "source": "DANE"}, "geometry": {"type": "Point", "coordinates": [-75.4765886, 10.3647429]}}, {"type": "Feature", "id": 12485840116, "properties": {"amenity": "school", "name": "Institución Educativa Juan José Nieto - Sede Baranoa", "operator:type": "public", "phone": "3145843473", "source": "DANE"}, "geometry": {"type": "Point", "coordinates": [-75.4765601, 10.3953858]}}, {"type": "Feature", "id": 12485840117, "properties": {"addr:city": "Cartagena de Indias", "addr:state": "Bolívar", "amenity": "school", "name": "Institución Educativa Luis Carlos Galán Sarmiento Sede El Saber", "operator:type": "public", "phone": "3145352579", "source": "DANE"}, "geometry": {"type": "Point", "coordinates": [-75.4604258, 10.4168837]}}, {"type": "Feature", "id": 12485840118, "properties": {"addr:city": "Cartagena de Indias", "addr:state": "Bolívar", "amenity": "school", "name": "Institución Educativa Gabriel Garcia Marquez", "operator:type": "public", "phone": "6501092", "source": "DANE"}, "geometry": {"type": "Point", "coordinates": [-75.4495299, 10.420531]}}, {"type": "Feature", "id": 12485840119, "properties": {"addr:city": "Cartagena de Indias", "addr:state": "Bolívar", "amenity": "school", "name": "Institución Educativa Villas de Aranjuez", "operator:type": "public", "phone": "3102451079", "source": "DANE"}, "geometry": {"type": "Point", "coordinates": [-75.4399047, 10.4286413]}}, {"type": "Feature", "id": 12485840120, "properties": {"addr:city": "Cartagena de Indias", "addr:state": "Bolívar", "amenity": "school", "name": "Centro Educativo La Fraternite", "operator:type": "public", "source": "DANE"}, "geometry": {"type": "Point", "coordinates": [-75.468611, 10.406389]}}, {"type": "Feature", "id": 12485840121, "properties": {"addr:city": "CARTAGENA DE INDIAS", "addr:state": "BOLÍVAR", "amenity": "school", "name": "INSTITUCION EDUCATIVA RAFAEL NUÑEZ", "operator:type": "public", "phone": "310657500", "source": "DANE"}, "geometry": {"type": "Point", "coordinates": [-75.5357901, 10.42192]}}, {"type": "Feature", "id": 12485840122, "properties": {"addr:city": "Cartagena de Indias", "addr:state": "Bolívar", "amenity": "school", "name": "Institución Educativa Ciudad de Tunja", "operator:type": "public", "phone": "6621224", "source": "DANE"}, "geometry": {"type": "Point", "coordinates": [-75.513333, 10.409167]}}, {"type": "Feature", "id": 12485840123, "properties": {"addr:city": "Cartagena de Indias", "addr:state": "Bolívar", "amenity": "school", "name": "Escuela Simon J Velez", "operator:type": "public", "phone": "6629905", "source": "DANE"}, "geometry": {"type": "Point", "coordinates": [-75.52, 10.408611]}}, {"type": "Feature", "id": 12485840124, "properties": {"addr:city": "CARTAGENA DE INDIAS", "addr:state": "BOLÍVAR", "amenity": "school", "name": "Institución Educativa Manuela Vergara de Curi", "operator:type": "public", "phone": "6813759", "source": "DANE"}, "geometry": {"type": "Point", "coordinates": [-75.483889, 10.369722]}}, {"type": "Feature", "id": 12485840125, "properties": {"addr:city": "Cartagena de Indias", "addr:state": "Bolívar", "amenity": "school", "name": "Escuela Sectores Unidos", "operator:type": "public", "source": "DANE"}, "geometry": {"type": "Point", "coordinates": [-75.484722, 10.385556]}}, {"type": "Feature", "id": 12485840126, "properties": {"addr:city": "Cartagena de Indias", "addr:state": "Bolívar", "amenity": "school", "name": "Institución Educativa San Felipe Neri", "operator:type": "public", "phone": "6698267", "source": "DANE"}, "geometry": {"type": "Point", "coordinates": [-75.504722, 10.408889]}}, {"type": "Feature", "id": 12485840127, "properties": {"addr:city": "CARTAGENA DE INDIAS", "addr:state": "BOLÍVAR", "amenity": "school", "name": "Institución Educativa María Cano", "operator:type": "public", "phone": "6813480", "source": "DANE"}, "geometry": {"type": "Point", "coordinates": [-75.4805832, 10.372663]}}, {"type": "Feature", "id": 12485840128, "properties": {"addr:city": "CARTAGENA DE INDIAS", "addr:state": "BOLÍVAR", "amenity": "school", "name": "Escuela Distrital La Paz", "operator:type": "public", "phone": "6660460", "source": "DANE"}, "geometry": {"type": "Point", "coordinates": [-75.521111, 10.434167]}}, {"type": "Feature", "id": 12485840129, "properties": {"addr:city": "CARTAGENA DE INDIAS", "addr:state": "BOLÍVAR", "amenity": "school", "name": "Escuela Distrital República del Caribe", "operator:type": "public", "source": "DANE"}, "geometry": {"type": "Point", "coordinates": [-75.5148667, 10.417404]}}, {"type": "Feature", "id": 12485840130, "properties": {"addr:city": "Cartagena de Indias", "addr:state": "Bolívar", "amenity": "school", "name": "Escuela Jorge Eliecer Gaitan", "operator:type": "public", "phone": "6817221", "source": "DANE"}, "geometry": {"type": "Point", "coordinates": [-75.4766659, 10.3819191]}}, {"type": "Feature", "id": 12485840132, "properties": {"addr:city": "Cartagena de Indias", "addr:state": "Bolívar", "amenity": "school", "name": "Escuela Dist Loma Fresca", "operator:type": "public", "source": "DANE"}, "geometry": {"type": "Point", "coordinates": [-75.528056, 10.435]}}, {"type": "Feature", "id": 12485840133, "properties": {"addr:city": "Cartagena de Indias", "addr:state": "Bolivar", "amenity": "school", "name": "Escuela José González Vergara", "operator:type": "public", "source": "DANE"}, "geometry": {"type": "Point", "coordinates": [-75.485556, 10.377222]}}, {"type": "Feature", "id": 12485840134, "properties": {"addr:city": "Cartagena de Indias", "addr:state": "Bolívar", "amenity": "school", "name": "Escuela Escilda Medina Pacheco", "operator:type": "public", "phone": "6741308", "source": "DANE"}, "geometry": {"type": "Point", "coordinates": [-75.515, 10.411667]}}, {"type": "Feature", "id": 12485840135, "properties": {"addr:city": "Cartagena de Indias", "addr:state": "Bolívar", "amenity": "school", "name": "Concentración Educ Fe y Alegria Las Americas", "operator:type": "public", "phone": "6612127", "source": "DANE"}, "geometry": {"type": "Point", "coordinates": [-75.4706504, 10.4024734]}}, {"type": "Feature", "id": 12485840136, "properties": {"addr:city": "Cartagena de Indias", "addr:state": "Bolívar", "amenity": "school", "name": "Escuela La Puntilla", "operator:type": "public", "phone": "6527503", "source": "DANE"}, "geometry": {"type": "Point", "coordinates": [-75.485833, 10.406111]}}, {"type": "Feature", "id": 12485840137, "properties": {"addr:city": "Cartagena de Indias", "addr:state": "Bolívar", "amenity": "school", "name": "Escuela Urb Mix Isabel La Catolica", "operator:type": "public", "phone": "6671814", "source": "DANE"}, "geometry": {"type": "Point", "coordinates": [-75.474444, 10.380278]}}, {"type": "Feature", "id": 12485840138, "properties": {"addr:city": "Cartagena de Indias", "addr:state": "Bolívar", "amenity": "school", "name": "Escuela Policarpa Salavarrieta", "operator:type": "public", "phone": "6685579", "source": "DANE"}, "geometry": {"type": "Point", "coordinates": [-75.501111, 10.409444]}}, {"type": "Feature", "id": 12485840139, "properties": {"addr:city": "Cartagena de Indias", "addr:state": "Bolívar", "amenity": "school", "name": "Concentración Educ Fulgencio Lequerica Velez", "operator:type": "public", "phone": "6710009", "source": "DANE"}, "geometry": {"type": "Point", "coordinates": [-75.46, 10.417778]}}, {"type": "Feature", "id": 12485840141, "properties": {"addr:city": "Cartagena de Indias", "addr:state": "Bolívar", "amenity": "school", "name": "Escuela Miguel Antonio Lengua", "operator:type": "public", "phone": "6528014", "source": "DANE"}, "geometry": {"type": "Point", "coordinates": [-75.488056, 10.407222]}}, {"type": "Feature", "id": 12485840142, "properties": {"addr:city": "Cartagena de Indias", "addr:state": "Bolívar", "amenity": "school", "name": "Escuela Mix Las Delicias", "operator:type": "public", "phone": "6693721", "source": "DANE"}, "geometry": {"type": "Point", "coordinates": [-75.5211067, 10.416347]}}, {"type": "Feature", "id": 12485840143, "properties": {"addr:city": "Cartagena de Indias", "addr:state": "Bolívar", "amenity": "school", "name": "Escuela Victoria Pautt Leon", "operator:type": "public", "phone": "6697654", "source": "DANE"}, "geometry": {"type": "Point", "coordinates": [-75.496667, 10.401667]}}, {"type": "Feature", "id": 12485840144, "properties": {"addr:city": "Cartagena de Indias", "addr:state": "Bolívar", "amenity": "school", "name": "Institución Educativa Nuestra Señora del Perpetuo Socorro", "operator:type": "public", "phone": "6698192", "source": "DANE"}, "geometry": {"type": "Point", "coordinates": [-75.5052304, 10.4075483]}}, {"type": "Feature", "id": 12485840146, "properties": {"addr:city": "Cartagena de Indias", "addr:state": "Bolívar", "amenity": "school", "name": "Escuela de Albornoz", "operator:type": "public", "phone": "6571164", "source": "DANE"}, "geometry": {"type": "Point", "coordinates": [-75.507222, 10.368889]}}, {"type": "Feature", "id": 12485840147, "properties": {"addr:city": "Cartagena de Indias", "addr:state": "Bolívar", "amenity": "school", "name": "Institución Educativa José de la Vega", "operator:type": "public", "phone": "6666808", "source": "DANE"}, "geometry": {"type": "Point", "coordinates": [-75.520278, 10.44]}}, {"type": "Feature", "id": 12485840148, "properties": {"addr:city": "Cartagena De Indias", "addr:state": "Bolívar", "amenity": "school", "name": "Escuela 7 de Agosto", "operator:type": "public", "phone": "6731347", "source": "DANE"}, "geometry": {"type": "Point", "coordinates": [-75.515, 10.437222]}}, {"type": "Feature", "id": 12485840149, "properties": {"addr:city": "Cartagena de Indias", "addr:state": "Bolívar", "amenity": "school", "name": "Institución Tec de Promoción Social", "operator:type": "public", "phone": "6632191", "source": "DANE"}, "geometry": {"type": "Point", "coordinates": [-75.4819322, 10.3852428]}}, {"type": "Feature", "id": 12485840150, "properties": {"addr:city": "Cartagena de Indias", "addr:state": "Bolívar", "amenity": "school", "name": "Escuela Primero de Mayo", "operator:type": "public", "phone": "6753861", "source": "DANE"}, "geometry": {"type": "Point", "coordinates": [-75.4976501, 10.4088989]}}, {"type": "Feature", "id": 12485840151, "properties": {"addr:city": "Cartagena de Indias", "addr:state": "Bolívar", "amenity": "school", "name": "Concentración Educ Fredonia", "operator:type": "public", "phone": "6528683", "source": "DANE"}, "geometry": {"type": "Point", "coordinates": [-75.472222, 10.41]}}, {"type": "Feature", "id": 12485840152, "properties": {"addr:city": "CARTAGENA DE INDIAS", "addr:state": "BOLÍVAR", "amenity": "school", "name": "OTRA-SIGLA SOCIEDAD DE AMOR A CARTAGENA N. 10", "operator:type": "public", "phone": "6697092", "source": "DANE"}, "geometry": {"type": "Point", "coordinates": [-75.497222, 10.403333]}}, {"type": "Feature", "id": 12485840153, "properties": {"addr:city": "Cartagena de Indias", "addr:state": "Bolívar", "amenity": "school", "name": "Escuela Ofic Mix Pedro de Heredia", "operator:type": "public", "phone": "6620772", "source": "DANE"}, "geometry": {"type": "Point", "coordinates": [-75.5178029, 10.411672]}}, {"type": "Feature", "id": 12485840154, "properties": {"addr:city": "Cartagena de Indias", "addr:state": "Bolívar", "amenity": "school", "name": "Escuela Nuestra Señora del Carmen", "operator:type": "public", "phone": "6580730", "source": "DANE"}, "geometry": {"type": "Point", "coordinates": [-75.528056, 10.434722]}}, {"type": "Feature", "id": 12485840155, "properties": {"addr:city": "Cartagena de Indias", "addr:state": "Bolívar", "amenity": "school", "name": "Institución Educativa Santa María", "operator:type": "public", "phone": "6562502", "source": "DANE"}, "geometry": {"type": "Point", "coordinates": [-75.5171216, 10.4377079]}}, {"type": "Feature", "id": 12485840156, "properties": {"addr:city": "Cartagena de Indias", "addr:state": "Bolívar", "amenity": "school", "name": "Concentración Educ Ciudad de Sincelejo", "operator:type": "public", "phone": "6699464", "source": "DANE"}, "geometry": {"type": "Point", "coordinates": [-75.4939762, 10.4066688]}}, {"type": "Feature", "id": 12485840157, "properties": {"addr:city": "CARTAGENA DE INDIAS", "addr:state": "BOLÍVAR", "amenity": "school", "name": "OTRA-SIGLA SOCIEDAD AMOR A CARTAGENA N. 4", "operator:type": "public", "phone": "6528813", "source": "DANE"}, "geometry": {"type": "Point", "coordinates": [-75.4874811, 10.4058677]}}, {"type": "Feature", "id": 12485840158, "properties": {"addr:city": "Cartagena de Indias", "addr:state": "Bolívar", "amenity": "school", "name": "Institución Educativa Camilo Torres", "operator:type": "public", "phone": "6525132", "source": "DANE"}, "geometry": {"type": "Point", "coordinates": [-75.459722, 10.423333]}}, {"type": "Feature", "id": 12485840159, "properties": {"addr:city": "CARTAGENA DE INDIAS", "addr:state": "BOLÍVAR", "amenity": "school", "name": "Escuela 11 de Noviembre", "operator:type": "public", "phone": "6567771", "source": "DANE"}, "geometry": {"type": "Point", "coordinates": [-75.524444, 10.440833]}}, {"type": "Feature", "id": 12485840160, "properties": {"addr:city": "Cartagena de Indias", "addr:state": "Bolívar", "amenity": "school", "name": "Escuela Ciudad de Santa Marta", "operator:type": "public", "phone": "6720643", "source": "DANE"}, "geometry": {"type": "Point", "coordinates": [-75.5275, 10.4125]}}, {"type": "Feature", "id": 13900252087, "properties": {"amenity": "school", "education": "school", "indoor": "room", "level": "1", "name": "Corpoacademyc", "operator": "Corpoacademyc", "operator:type": "private"}, "geometry": {"type": "Point", "coordinates": [-75.4921185, 10.3951878]}}, {"type": "Feature", "id": 67792250, "properties": {"addr:street": "Avenida Carrera 31", "amenity": "school", "name": "Institucion Educación Nuestra Señora del Carmen", "source": "Kaart Ground Survey 2018"}, "geometry": {"type": "LineString", "coordinates": [[-75.495147, 10.4024038], [-75.4945378, 10.4025367], [-75.4934509, 10.402389], [-75.4933414, 10.4021964], [-75.4934389, 10.4013603], [-75.4936095, 10.400523], [-75.4937107, 10.4005287], [-75.4937895, 10.4007123], [-75.4939289, 10.400944], [-75.493933, 10.401151], [-75.4939718, 10.4012825], [-75.494047, 10.4014118], [-75.4941393, 10.4014966], [-75.4942475, 10.4015725], [-75.4943965, 10.4016229], [-75.4945542, 10.4018052], [-75.4947577, 10.402031], [-75.4949465, 10.4021988], [-75.4951704, 10.4023734], [-75.495147, 10.4024038]]}}, {"type": "Feature", "id": 95705026, "properties": {"amenity": "school", "name": "Colegio Altair", "source": "bing"}, "geometry": {"type": "LineString", "coordinates": [[-75.4439989, 10.5469245], [-75.447429, 10.5438936], [-75.4465452, 10.5435212], [-75.4461559, 10.5435264], [-75.4451563, 10.5432885], [-75.4427836, 10.5436867], [-75.443336, 10.5443643], [-75.4425521, 10.5450005], [-75.4439989, 10.5469245]]}}, {"type": "Feature", "id": 96025686, "properties": {"amenity": "school", "branch": "Las Gaviotas", "name": "Institución Educativa Fe y Alegría"}, "geometry": {"type": "LineString", "coordinates": [[-75.4922185, 10.3984835], [-75.4927147, 10.3990428], [-75.4924706, 10.3996074], [-75.4923406, 10.399497], [-75.4917437, 10.3989901], [-75.4918591, 10.398874], [-75.4918135, 10.3988265], [-75.4922185, 10.3984835]]}}, {"type": "Feature", "id": 96425274, "properties": {"amenity": "school"}, "geometry": {"type": "LineString", "coordinates": [[-75.4762358, 10.5404732], [-75.4757982, 10.5385461], [-75.4746694, 10.5385074], [-75.4744659, 10.5379035], [-75.4740069, 10.5379995], [-75.4740656, 10.5406367], [-75.4762358, 10.5404732]]}}, {"type": "Feature", "id": 96666060, "properties": {"addr:street": "Calle 76", "amenity": "school", "building": "yes", "source": "Kaart Ground Survey 2018"}, "geometry": {"type": "Polygon", "coordinates": [[[-75.5155832, 10.4347], [-75.5155702, 10.4348079], [-75.5157347, 10.4348567], [-75.5156851, 10.4350184], [-75.5155702, 10.4349825], [-75.5155597, 10.4351211], [-75.5157503, 10.4351725], [-75.5158913, 10.4347822], [-75.5155832, 10.4347]]]}}, {"type": "Feature", "id": 109808893, "properties": {"addr:street": "Avenida Calle 26", "amenity": "school", "building": "yes", "name": "Gimnasio Bilingüe Altamar de Manga", "source": "Kaart Ground Survey 2018"}, "geometry": {"type": "Polygon", "coordinates": [[[-75.5373662, 10.4134204], [-75.5372385, 10.4134992], [-75.5372028, 10.4134433], [-75.5370917, 10.4135118], [-75.5370688, 10.4134758], [-75.5373075, 10.4133285], [-75.5373662, 10.4134204]]]}}, {"type": "Feature", "id": 109811271, "properties": {"addr:street": "Calle 25", "amenity": "school", "building": "yes", "check_date": "2024-11-22", "name": "Gimnasio Bilingüe Altamar de Cartagena", "source": "Kaart Ground Survey 2018"}, "geometry": {"type": "Polygon", "coordinates": [[[-75.5381863, 10.4114968], [-75.5381101, 10.4113956], [-75.5382775, 10.4112737], [-75.5383537, 10.4113749], [-75.5381863, 10.4114968]]]}}, {"type": "Feature", "id": 109812975, "properties": {"addr:street": "Carrera 18", "amenity": "school", "building": "yes", "name": "Por favor agrega una etiqueta con el nombre.", "source": "Kaart Ground Survey 2018"}, "geometry": {"type": "Polygon", "coordinates": [[[-75.5421046, 10.4138208], [-75.5421638, 10.4137411], [-75.5422957, 10.4138358], [-75.5422365, 10.4139155], [-75.5421046, 10.4138208]]]}}, {"type": "Feature", "id": 114329964, "properties": {"amenity": "school", "building": "yes", "name": "San Felipe", "source": "bing"}, "geometry": {"type": "Polygon", "coordinates": [[[-75.4971294, 10.4721583], [-75.4969727, 10.4719695], [-75.4970376, 10.4719174], [-75.4971943, 10.4721062], [-75.4971294, 10.4721583]]]}}, {"type": "Feature", "id": 118389810, "properties": {"amenity": "school", "building": "yes", "name": "Insitucion Educativa 20 de Julio"}, "geometry": {"type": "Polygon", "coordinates": [[[-75.5000225, 10.3753433], [-75.4995725, 10.3752758], [-75.4996207, 10.3749649], [-75.5000707, 10.3750203], [-75.5000225, 10.3753433]]]}}, {"type": "Feature", "id": 118389813, "properties": {"amenity": "school", "grades": "6-11", "name": "Institución Educativa Bertha Gedeón de Baladí", "source": "bing"}, "geometry": {"type": "LineString", "coordinates": [[-75.4983802, 10.3781375], [-75.4979704, 10.3779475], [-75.4981173, 10.3775774], [-75.4981473, 10.3775017], [-75.4981672, 10.3770023], [-75.4982101, 10.3770232], [-75.4983238, 10.3770759], [-75.4984084, 10.3771151], [-75.4985195, 10.3771667], [-75.4985892, 10.377199], [-75.4986681, 10.3772347], [-75.4987529, 10.377273], [-75.4983802, 10.3781375]]}}, {"type": "Feature", "id": 119058655, "properties": {"addr:street": "Calle 25", "amenity": "school", "name": "Colegio Montessori", "source": "Kaart Ground Survey 2018"}, "geometry": {"type": "LineString", "coordinates": [[-75.5405821, 10.4144688], [-75.5403178, 10.4142835], [-75.5397523, 10.4151692], [-75.5397417, 10.4152094], [-75.539525, 10.4155252], [-75.5396588, 10.4156013], [-75.539517, 10.4158057], [-75.5397096, 10.4158713], [-75.5400348, 10.4153857], [-75.539959, 10.4153307], [-75.5405821, 10.4144688]]}}, {"type": "Feature", "id": 133809380, "properties": {"amenity": "school", "name": "Inst. Educ. Fernadez Baena"}, "geometry": {"type": "LineString", "coordinates": [[-75.5202077, 10.3974384], [-75.5203226, 10.3965121], [-75.5188505, 10.3964237], [-75.5187625, 10.3971768], [-75.5190142, 10.3971954], [-75.5190043, 10.3973186], [-75.5202077, 10.3974384]]}}, {"type": "Feature", "id": 135843023, "properties": {"amenity": "school", "building": "yes", "name": "Colegio Comunitario José Carmelo Villamizar Díaz", "source": "bing"}, "geometry": {"type": "Polygon", "coordinates": [[[-75.4599022, 10.4211284], [-75.4597793, 10.4211966], [-75.4597092, 10.4210856], [-75.4598261, 10.4210118], [-75.4599022, 10.4211284]]]}}, {"type": "Feature", "id": 135843092, "properties": {"amenity": "school", "building": "yes", "name": "Corporación Comunitaria Rafael Guerrero", "source": "bing"}, "geometry": {"type": "Polygon", "coordinates": [[[-75.4606328, 10.4170688], [-75.4604935, 10.4169734], [-75.4605518, 10.4168912], [-75.4606911, 10.4169866], [-75.4606755, 10.4170225], [-75.4606328, 10.4170688]]]}}, {"type": "Feature", "id": 135843094, "properties": {"amenity": "school", "building": "yes", "name": "Instituto Comunitario Mixto El Saber", "source": "bing"}, "geometry": {"type": "Polygon", "coordinates": [[[-75.4599343, 10.4172494], [-75.4598119, 10.4171531], [-75.4598715, 10.4170797], [-75.459994, 10.417176], [-75.4599851, 10.417187], [-75.4599409, 10.4172413], [-75.4599343, 10.4172494]]]}}, {"type": "Feature", "id": 135980099, "properties": {"amenity": "school", "name": "Institución Educativa Camilo Torres", "source": "bing"}, "geometry": {"type": "LineString", "coordinates": [[-75.4536493, 10.4070202], [-75.4530617, 10.4073161], [-75.4528898, 10.4069859], [-75.4534775, 10.4066901], [-75.4535611, 10.4068507], [-75.4536493, 10.4070202]]}}, {"type": "Feature", "id": 135980659, "properties": {"amenity": "school", "building": "yes", "name": "Centro Educativo 1 de Mayo", "source": "bing"}, "geometry": {"type": "Polygon", "coordinates": [[[-75.4527426, 10.4094718], [-75.4527043, 10.409414], [-75.4527761, 10.4093679], [-75.4528144, 10.4094257], [-75.4527426, 10.4094718]]]}}, {"type": "Feature", "id": 135982208, "properties": {"amenity": "school", "building": "yes", "name": "Mi Nuevo Hogar", "source": "bing"}, "geometry": {"type": "Polygon", "coordinates": [[[-75.4558217, 10.4099421], [-75.4557602, 10.4098171], [-75.4559177, 10.4097423], [-75.4559791, 10.4098672], [-75.4558217, 10.4099421]]]}}, {"type": "Feature", "id": 135984242, "properties": {"amenity": "school", "building": "yes", "name": "Corporación Educativa Comunitario El Despertar", "source": "bing"}, "geometry": {"type": "Polygon", "coordinates": [[[-75.4650659, 10.412152], [-75.4649634, 10.4120731], [-75.465015, 10.4120084], [-75.4651174, 10.4120873], [-75.4650659, 10.412152]]]}}, {"type": "Feature", "id": 136011465, "properties": {"amenity": "school", "building": "yes", "name": "Centro de Valores \"CENEFU\"", "source": "bing"}, "geometry": {"type": "Polygon", "coordinates": [[[-75.4622733, 10.4084421], [-75.4621302, 10.4083872], [-75.4621589, 10.4083147], [-75.4623021, 10.4083696], [-75.4622733, 10.4084421]]]}}, {"type": "Feature", "id": 136011466, "properties": {"amenity": "school", "building": "yes", "name": "Colegio Liceo Central Mixto", "source": "bing"}, "geometry": {"type": "Polygon", "coordinates": [[[-75.4559258, 10.4087614], [-75.4558864, 10.4087168], [-75.4558804, 10.4086704], [-75.4559765, 10.408624], [-75.4560219, 10.4087151], [-75.4559258, 10.4087614]]]}}, {"type": "Feature", "id": 136011467, "properties": {"amenity": "school", "building": "yes", "name": "La Libertad", "source": "bing"}, "geometry": {"type": "Polygon", "coordinates": [[[-75.4553873, 10.4086754], [-75.4551916, 10.4087655], [-75.4551558, 10.4086808], [-75.4553426, 10.4085881], [-75.4553873, 10.4086754]]]}}, {"type": "Feature", "id": 136772768, "properties": {"amenity": "school", "building": "yes", "name": "La libertad"}, "geometry": {"type": "Polygon", "coordinates": [[[-75.4556029, 10.4080708], [-75.4555169, 10.4081213], [-75.455465, 10.4080354], [-75.4554456, 10.4080073], [-75.4555294, 10.4079555], [-75.4555498, 10.4079877], [-75.4556029, 10.4080708]]]}}, {"type": "Feature", "id": 136775703, "properties": {"amenity": "school", "name": "Institución Educativa La Libertad"}, "geometry": {"type": "LineString", "coordinates": [[-75.455747, 10.4081086], [-75.4558607, 10.4083289], [-75.4555161, 10.4084916], [-75.4554156, 10.4082802], [-75.455747, 10.4081086]]}}, {"type": "Feature", "id": 137578172, "properties": {"addr:city": "Cartagena", "amenity": "school", "name": "Institución Educativa Luis Carlos Galán Sarmiento", "operator": "Robinson Orozco Quejada", "wheelchair": "limited"}, "geometry": {"type": "LineString", "coordinates": [[-75.4619515, 10.4188367], [-75.4619244, 10.4188228], [-75.4618222, 10.4190222], [-75.4619139, 10.4190676], [-75.4620141, 10.4188669], [-75.4619515, 10.4188367]]}}, {"type": "Feature", "id": 168940599, "properties": {"amenity": "school", "building": "yes", "name": "Escuela San Juan", "source": "bing"}, "geometry": {"type": "Polygon", "coordinates": [[[-75.4916573, 10.4805479], [-75.4919774, 10.4807135], [-75.4919283, 10.4808054], [-75.4916081, 10.4806398], [-75.4916573, 10.4805479]]]}}, {"type": "Feature", "id": 168942340, "properties": {"amenity": "school", "name": "Escuela Madre Bernarda"}, "geometry": {"type": "LineString", "coordinates": [[-75.4939131, 10.4775352], [-75.4935004, 10.4773012], [-75.4935455, 10.4772133], [-75.4939731, 10.4774452], [-75.4939131, 10.4775352]]}}, {"type": "Feature", "id": 168983832, "properties": {"amenity": "school", "name": "Skinner"}, "geometry": {"type": "LineString", "coordinates": [[-75.4913773, 10.4834989], [-75.4910936, 10.4833622], [-75.4911269, 10.4832917], [-75.4914198, 10.4834198], [-75.4913773, 10.4834989]]}}, {"type": "Feature", "id": 171558719, "properties": {"addr:city": "Cartagena", "addr:country": "CO", "addr:housenumber": "No.25 - 95", "addr:street": "Calle del Pozo", "amenity": "school", "building": "yes", "email": "contactenos@nuevalengua.com", "name": "Nueva Lengua Escuela de Español", "source": "bing", "website": "https://www.nuevalengua.com/escuela-espanol/colombia/cartagena.html"}, "geometry": {"type": "Polygon", "coordinates": [[[-75.5457234, 10.4193777], [-75.5460294, 10.4195565], [-75.5459867, 10.4196156], [-75.5456835, 10.4194473], [-75.5457234, 10.4193777]]]}}, {"type": "Feature", "id": 188394726, "properties": {"amenity": "school", "name": "Institución Educativa Nuevo Bosque - Sede Principal"}, "geometry": {"type": "LineString", "coordinates": [[-75.5010037, 10.3914295], [-75.5009376, 10.3914377], [-75.5008827, 10.3914445], [-75.5008285, 10.3914513], [-75.5007744, 10.391458], [-75.5007203, 10.3914647], [-75.5006645, 10.3914716], [-75.5006123, 10.3914781], [-75.5005573, 10.3914849], [-75.5004482, 10.3914985], [-75.5003933, 10.3915053], [-75.5003394, 10.391512], [-75.5002848, 10.3915187], [-75.5002299, 10.3915255], [-75.5001756, 10.3915323], [-75.5001208, 10.3915391], [-75.5000675, 10.3915457], [-75.5000126, 10.3915525], [-75.4999539, 10.3915598], [-75.4998771, 10.3915693], [-75.499827, 10.3915756], [-75.4997533, 10.3915847], [-75.4996983, 10.3915915], [-75.4996442, 10.3915982], [-75.4995898, 10.391605], [-75.4995357, 10.3916117], [-75.4994812, 10.3916185], [-75.4994257, 10.3916254], [-75.4993713, 10.3916321], [-75.4993172, 10.3916388], [-75.4992628, 10.3916456], [-75.4992071, 10.3916525], [-75.4991524, 10.3916593], [-75.4990963, 10.3916663], [-75.4990408, 10.3916732], [-75.4990335, 10.3916218], [-75.499026, 10.3915685], [-75.499017, 10.3915056], [-75.4990088, 10.3914479], [-75.4990018, 10.3913979], [-75.498995, 10.3913504], [-75.4989877, 10.3912985], [-75.4989791, 10.3912382], [-75.4989757, 10.3912146], [-75.4992819, 10.3911745], [-75.4993757, 10.3911129], [-75.500218, 10.3909923], [-75.5002546, 10.3910184], [-75.5003988, 10.3910028], [-75.5004155, 10.3910114], [-75.5004564, 10.3910325], [-75.500501, 10.3909487], [-75.5009216, 10.390888], [-75.5009626, 10.3911588], [-75.5010037, 10.3914295]]}}, {"type": "Feature", "id": 191843392, "properties": {"addr:city": "Cartagena", "addr:street": "Transversal 54", "amenity": "school", "name": "Institución Educativa José Manuel Rodríguez Torices INEM"}, "geometry": {"type": "LineString", "coordinates": [[-75.4992324, 10.3887546], [-75.4992131, 10.3886194], [-75.4991937, 10.3884842], [-75.4991796, 10.3883986], [-75.4991572, 10.3882653], [-75.499147, 10.3882053], [-75.4991368, 10.3881453], [-75.4991263, 10.3880844], [-75.4991158, 10.3880234], [-75.4991051, 10.3879618], [-75.4990944, 10.3879005], [-75.4990819, 10.3878291], [-75.499058, 10.387694], [-75.4990452, 10.3876151], [-75.4988361, 10.3863221], [-75.498815, 10.3862101], [-75.4988126, 10.3862024], [-75.4988091, 10.3861915], [-75.4987999, 10.3861445], [-75.4987867, 10.3860771], [-75.4987638, 10.3859607], [-75.498762, 10.3859524], [-75.4987601, 10.385944], [-75.4987347, 10.3858292], [-75.4987129, 10.3857141], [-75.4987105, 10.3857042], [-75.4987081, 10.3856944], [-75.4986859, 10.3855798], [-75.4986638, 10.3854657], [-75.498662, 10.3854575], [-75.4986605, 10.3854504], [-75.4986384, 10.385335], [-75.4986167, 10.38522], [-75.4986148, 10.3852094], [-75.498613, 10.3851994], [-75.4985944, 10.3850837], [-75.4985758, 10.384968], [-75.4985678, 10.3849351], [-75.4985628, 10.3849127], [-75.4984935, 10.3846303], [-75.4973001, 10.3848088], [-75.4973075, 10.3851047], [-75.4972598, 10.385423], [-75.4971381, 10.3860872], [-75.4970084, 10.3867945], [-75.4969619, 10.3870491], [-75.49686, 10.3876065], [-75.4967302, 10.3883116], [-75.4967456, 10.3883277], [-75.4969458, 10.3885708], [-75.496992, 10.3886101], [-75.4970258, 10.3886436], [-75.4970634, 10.3886808], [-75.4971001, 10.3887172], [-75.4971353, 10.388752], [-75.497174, 10.3887904], [-75.4972169, 10.3888331], [-75.4972569, 10.3888729], [-75.4972999, 10.3889159], [-75.4973381, 10.3889541], [-75.4973731, 10.3889893], [-75.4974067, 10.3890231], [-75.4975628, 10.3890008], [-75.4977216, 10.388952], [-75.4978496, 10.3889083], [-75.4978674, 10.3888936], [-75.4978852, 10.3888789], [-75.4979273, 10.388894], [-75.4979363, 10.3888697], [-75.4979567, 10.3888768], [-75.49799, 10.3888882], [-75.497996, 10.3888702], [-75.4981966, 10.3889369], [-75.4982921, 10.3889686], [-75.4983512, 10.3889481], [-75.4985492, 10.3888786], [-75.4987159, 10.3888201], [-75.4988507, 10.3887907], [-75.499174, 10.3887627], [-75.4992014, 10.3887603], [-75.4992324, 10.3887546]]}}, {"type": "Feature", "id": 192315437, "properties": {"amenity": "school", "name": "Colegio Liceo Bolívar"}, "geometry": {"type": "LineString", "coordinates": [[-75.5188593, 10.4382979], [-75.5174718, 10.4382403], [-75.5174913, 10.4374418], [-75.5188713, 10.4375038], [-75.5188593, 10.4382979]]}}, {"type": "Feature", "id": 200372992, "properties": {"amenity": "school"}, "geometry": {"type": "LineString", "coordinates": [[-75.5349161, 10.4139643], [-75.5352501, 10.4137539], [-75.5351421, 10.4135834], [-75.5348608, 10.4137451], [-75.5348856, 10.4137802], [-75.5348215, 10.4138093], [-75.5349161, 10.4139643]]}}, {"type": "Feature", "id": 304623342, "properties": {"amenity": "school", "name": "Escuela 14 de Febrero"}, "geometry": {"type": "LineString", "coordinates": [[-75.4652728, 10.4160967], [-75.4656348, 10.4160837], [-75.4656713, 10.4156134], [-75.4659668, 10.4156362], [-75.4659924, 10.4153175], [-75.4657733, 10.4153016], [-75.4653167, 10.4153277], [-75.4652728, 10.4160967]]}}, {"type": "Feature", "id": 378403118, "properties": {"amenity": "school", "name": "Institución Educativa Antonio Nariño"}, "geometry": {"type": "LineString", "coordinates": [[-75.5203542, 10.4160078], [-75.5207901, 10.4156095], [-75.5202229, 10.4155027], [-75.5203542, 10.4160078]]}}, {"type": "Feature", "id": 406517569, "properties": {"amenity": "school", "name": "Institución Educativa María Reina"}, "geometry": {"type": "LineString", "coordinates": [[-75.5209833, 10.415087], [-75.5214755, 10.415157], [-75.5214353, 10.4153258], [-75.5218483, 10.4153218], [-75.5218048, 10.4155093], [-75.5218559, 10.4155616], [-75.52178, 10.415674], [-75.5208925, 10.4155351], [-75.5209833, 10.415087]]}}, {"type": "Feature", "id": 433200840, "properties": {"amenity": "school", "name": "Institución Educativa - Lomas del Peyé", "operator": "Fundación Pies Descalzos"}, "geometry": {"type": "LineString", "coordinates": [[-75.5181695, 10.4242093], [-75.5179415, 10.4245813], [-75.5180636, 10.425006], [-75.5181722, 10.4251089], [-75.5181843, 10.4254175], [-75.5183653, 10.4254096], [-75.518376, 10.4255257], [-75.5186724, 10.4254874], [-75.5187247, 10.4255454], [-75.5188843, 10.4253621], [-75.5188709, 10.4252381], [-75.5190912, 10.425056], [-75.5191449, 10.4249945], [-75.5192364, 10.4249595], [-75.5192732, 10.4247698], [-75.5192046, 10.4247469], [-75.5191864, 10.4245616], [-75.5191599, 10.4242929], [-75.5181695, 10.4242093]]}}, {"type": "Feature", "id": 441092439, "properties": {"addr:city": "cartagena", "addr:housenumber": "carrerra 71", "addr:street": "Calle 25", "amenity": "school", "name": "Institución Educativa Juan José Nieto"}, "geometry": {"type": "LineString", "coordinates": [[-75.4819648, 10.3866799], [-75.4821011, 10.3863636], [-75.4823969, 10.3854453], [-75.4818148, 10.3852288], [-75.4811302, 10.3858597], [-75.4810819, 10.3859494], [-75.4810725, 10.3860602], [-75.4810967, 10.3861684], [-75.4811576, 10.3862524], [-75.4819648, 10.3866799]]}}, {"type": "Feature", "id": 494724536, "properties": {"amenity": "school"}, "geometry": {"type": "LineString", "coordinates": [[-75.5067392, 10.4564302], [-75.5067663, 10.4563596], [-75.5066563, 10.4563189], [-75.5066435, 10.4564051], [-75.5067392, 10.4564302]]}}, {"type": "Feature", "id": 558957961, "properties": {"addr:street": "Carrera 78", "amenity": "school", "building": "yes", "name": "Institución Educativa Soledad Acosta de Samper Sede Emiliano Alcala Romero", "source": "Kaart Ground Survey 2018"}, "geometry": {"type": "Polygon", "coordinates": [[[-75.4781221, 10.385675], [-75.4781207, 10.3855985], [-75.4784355, 10.3855931], [-75.4784369, 10.3856697], [-75.4781221, 10.385675]]]}}, {"type": "Feature", "id": 559154552, "properties": {"addr:street": "Transversal 45", "amenity": "school", "name": "Colegio Latinoamericano"}, "geometry": {"type": "LineString", "coordinates": [[-75.5151672, 10.3996886], [-75.5143842, 10.3997023], [-75.5140305, 10.3995843], [-75.5139056, 10.3995301], [-75.5139304, 10.3994922], [-75.5137702, 10.3990979], [-75.5143629, 10.3989042], [-75.51489, 10.3988019], [-75.5151672, 10.3996886]]}}, {"type": "Feature", "id": 559249349, "properties": {"addr:street": "Avenida Pedro de Heredia", "amenity": "school", "building": "yes", "name": "Escuela Superior de Administracion Publica", "source": "Kaart Ground Survey 2018"}, "geometry": {"type": "Polygon", "coordinates": [[[-75.5355912, 10.4226628], [-75.5355906, 10.4227044], [-75.5355551, 10.4229751], [-75.5354225, 10.4229611], [-75.535399, 10.4231885], [-75.5353018, 10.4231788], [-75.5353576, 10.4226394], [-75.5355912, 10.4226628]]]}}, {"type": "Feature", "id": 559333335, "properties": {"amenity": "school", "building": "yes", "name": "Colegio Militar Almirante Colón"}, "geometry": {"type": "Polygon", "coordinates": [[[-75.4663002, 10.3784084], [-75.4661616, 10.378506], [-75.4660973, 10.3784176], [-75.4662358, 10.37832], [-75.4663002, 10.3784084]]]}}, {"type": "Feature", "id": 559623429, "properties": {"addr:street": "Calle 31D", "amenity": "school", "building": "yes", "name": "Institución Educativa Plavas De Acapulco", "source": "KaartGroundSurvery2018"}, "geometry": {"type": "Polygon", "coordinates": [[[-75.5049831, 10.4090703], [-75.5048986, 10.4090557], [-75.504928, 10.4088899], [-75.5050125, 10.4089044], [-75.5049831, 10.4090703]]]}}, {"type": "Feature", "id": 559967126, "properties": {"addr:street": "Calle 63", "amenity": "school", "building": "yes", "name": "Colegio Gonzalo Jimenez De Quesada", "source": "Kaart Ground Survey 2018"}, "geometry": {"type": "Polygon", "coordinates": [[[-75.5235541, 10.4373778], [-75.523554, 10.4372911], [-75.5234336, 10.4372877], [-75.5234333, 10.4372945], [-75.5234499, 10.4372945], [-75.5234504, 10.4373332], [-75.5234251, 10.4373336], [-75.5234253, 10.4373744], [-75.5235541, 10.4373778]]]}}, {"type": "Feature", "id": 559986734, "properties": {"addr:street": "Calle 31D", "amenity": "school", "building": "school", "name": "Institución Educativa Hijos De Maria", "source": "KaartGroundSurvery2018"}, "geometry": {"type": "Polygon", "coordinates": [[[-75.484845, 10.4050168], [-75.4847284, 10.4049812], [-75.4847851, 10.4048016], [-75.4849017, 10.4048372], [-75.484845, 10.4050168]]]}}, {"type": "Feature", "id": 559986738, "properties": {"addr:street": "Calle 31D", "amenity": "school", "building": "school", "name": "Institución Educativa Fulgencio Lequerica sede Republica Del Ecuador", "source": "KaartGroundSurvery2018"}, "geometry": {"type": "Polygon", "coordinates": [[[-75.4887597, 10.406014], [-75.4888399, 10.4057381], [-75.4891966, 10.4058383], [-75.4891165, 10.4061143], [-75.4887597, 10.406014]]]}}, {"type": "Feature", "id": 559986743, "properties": {"addr:street": "Transversal 71B", "amenity": "school", "building": "school", "name": "Corporacion Educativa Maddox", "source": "Kaart Ground Survey 2018"}, "geometry": {"type": "Polygon", "coordinates": [[[-75.4839177, 10.399306], [-75.4837896, 10.3993706], [-75.4837541, 10.3992987], [-75.4838728, 10.3992301], [-75.4839177, 10.399306]]]}}, {"type": "Feature", "id": 559986757, "properties": {"addr:street": "Calle 31D", "amenity": "school", "building": "school", "name": "Colegio Juan Pablo II", "source": "Kaart Ground Survery 2018"}, "geometry": {"type": "Polygon", "coordinates": [[[-75.496136, 10.4074742], [-75.4959133, 10.4074399], [-75.4959464, 10.407232], [-75.4961691, 10.4072663], [-75.496136, 10.4074742]]]}}, {"type": "Feature", "id": 560117184, "properties": {"addr:street": "Calle 31E", "amenity": "school", "building": "yes", "name": "Instituto John Dewey", "source": "Kaart Ground Survey 2018"}, "geometry": {"type": "Polygon", "coordinates": [[[-75.4842348, 10.3976841], [-75.4842318, 10.3976393], [-75.484406, 10.3976281], [-75.484409, 10.3976729], [-75.4842348, 10.3976841]]]}}, {"type": "Feature", "id": 560117185, "properties": {"addr:street": "Transversal 71E", "amenity": "school", "building": "yes", "source": "Kaart Ground Survey 2018"}, "geometry": {"type": "Polygon", "coordinates": [[[-75.4843314, 10.3957279], [-75.4843824, 10.3956805], [-75.4844657, 10.395767], [-75.4844147, 10.3958145], [-75.4843314, 10.3957279]]]}}, {"type": "Feature", "id": 560117186, "properties": {"addr:street": "Transversal 71E", "amenity": "school", "building": "yes"}, "geometry": {"type": "Polygon", "coordinates": [[[-75.4842429, 10.3954694], [-75.4841732, 10.3954166], [-75.4842322, 10.3953412], [-75.4843019, 10.3953939], [-75.4842429, 10.3954694]]]}}, {"type": "Feature", "id": 560765527, "properties": {"addr:street": "Calle 24", "amenity": "school", "name": "Institución Educativa Soledad Román de Núñez", "source": "Kaart Ground Survey 2018"}, "geometry": {"type": "LineString", "coordinates": [[-75.502267, 10.396916], [-75.5022532, 10.3969022], [-75.5021244, 10.3967706], [-75.5021274, 10.3967677], [-75.5021767, 10.3967228], [-75.5022214, 10.3966797], [-75.5022928, 10.3966108], [-75.5023593, 10.3966792], [-75.5024087, 10.39673], [-75.5024212, 10.3967428], [-75.5024348, 10.3967568], [-75.502267, 10.396916]]}}, {"type": "Feature", "id": 560870947, "properties": {"addr:street": "Diagonal 32A", "amenity": "school", "building": "yes", "name": "Instituto Freinet", "source": "Kaart Ground Survey 2018"}, "geometry": {"type": "Polygon", "coordinates": [[[-75.4801056, 10.4026122], [-75.4799822, 10.4026861], [-75.4799202, 10.4025859], [-75.4800436, 10.402512], [-75.4801056, 10.4026122]]]}}, {"type": "Feature", "id": 560870954, "properties": {"addr:street": "Calle 31D", "amenity": "school", "building": "yes", "name": "Institucion Eductiva Nstrasra", "source": "Kaart Ground Survey 2018"}, "geometry": {"type": "Polygon", "coordinates": [[[-75.4878853, 10.4060655], [-75.487695, 10.4060031], [-75.4877272, 10.4059081], [-75.4879175, 10.4059705], [-75.4878853, 10.4060655]]]}}, {"type": "Feature", "id": 561144366, "properties": {"addr:street": "Carrera 16", "amenity": "school", "building": "yes", "name": "Colegio Santísimo Trinidad", "source": "Kaart Ground Survey 2018"}, "geometry": {"type": "Polygon", "coordinates": [[[-75.5335177, 10.4314666], [-75.5333527, 10.4313101], [-75.5334251, 10.4312363], [-75.5335902, 10.4313928], [-75.5335177, 10.4314666]]]}}, {"type": "Feature", "id": 561416669, "properties": {"addr:street": "Calle 31", "amenity": "school", "building": "yes", "name": "Institución Educativa - Pedro de Benedia", "source": "Kaart Ground Survey 2018"}, "geometry": {"type": "Polygon", "coordinates": [[[-75.5178417, 10.4118258], [-75.5175026, 10.4118023], [-75.5175073, 10.4117365], [-75.5178465, 10.41176], [-75.5178417, 10.4118258]]]}}, {"type": "Feature", "id": 561667281, "properties": {"addr:street": "Calle 45", "amenity": "school", "name": "Instituto Integral Nueva Colombia", "source": "Kaart Ground Survey 2018"}, "geometry": {"type": "LineString", "coordinates": [[-75.5196454, 10.4211761], [-75.5194308, 10.4211814], [-75.5194251, 10.420957], [-75.5196397, 10.4209518], [-75.5196454, 10.4211761]]}}, {"type": "Feature", "id": 561667283, "properties": {"addr:street": "Carrera 34", "amenity": "school", "name": "Institución Educativa Comaz on De María - Sede Lázaro Martínez Olier", "source": "Kaart Ground Survey 2018"}, "geometry": {"type": "LineString", "coordinates": [[-75.5160163, 10.4252457], [-75.5157584, 10.4251918], [-75.5158114, 10.424989], [-75.5161116, 10.4250675], [-75.5160163, 10.4252457]]}}, {"type": "Feature", "id": 590889879, "properties": {"amenity": "school"}, "geometry": {"type": "LineString", "coordinates": [[-75.4574005, 10.5354498], [-75.456714, 10.5385945], [-75.4536027, 10.5379827], [-75.4540252, 10.535196], [-75.4574005, 10.5354498]]}}, {"type": "Feature", "id": 615445890, "properties": {"amenity": "school", "name": "Institución Educativa Rosedal"}, "geometry": {"type": "LineString", "coordinates": [[-75.4813329, 10.3735166], [-75.4815065, 10.3736013], [-75.4819954, 10.3735987], [-75.4821663, 10.3729849], [-75.482312, 10.3723998], [-75.4823358, 10.3722799], [-75.4821901, 10.3721691], [-75.4819887, 10.3721235], [-75.4816456, 10.372087], [-75.4814296, 10.3730696], [-75.4813329, 10.3735166]]}}, {"type": "Feature", "id": 698697907, "properties": {"amenity": "school", "name": "Institución Educativa Comfamiliar"}, "geometry": {"type": "LineString", "coordinates": [[-75.4585892, 10.3828361], [-75.4579512, 10.3822357], [-75.458578, 10.3815549], [-75.4592532, 10.3821493], [-75.4585892, 10.3828361]]}}, {"type": "Feature", "id": 1190003569, "properties": {"amenity": "school", "name": "Colegio La Concepción"}, "geometry": {"type": "LineString", "coordinates": [[-75.4101777, 10.3410588], [-75.4114249, 10.3410931], [-75.4111728, 10.3402057], [-75.4111207, 10.3402045], [-75.4105451, 10.3401913], [-75.4104834, 10.3401899], [-75.4101777, 10.3410588]]}}, {"type": "Feature", "id": 1197835989, "properties": {"amenity": "school", "name": "Colegio Militar Almirante Colón - Sede Primaria"}, "geometry": {"type": "LineString", "coordinates": [[-75.4952541, 10.3871096], [-75.4952272, 10.387134], [-75.4952422, 10.3872253], [-75.4953361, 10.3872104], [-75.49543, 10.3871955], [-75.495415, 10.3871042], [-75.4953971, 10.3869814], [-75.4952541, 10.3871096]]}}, {"type": "Feature", "id": 1197836337, "properties": {"amenity": "school", "building": "school", "building:levels": "3", "name": "Colegio Militar Almirante Colón - Sede Principal"}, "geometry": {"type": "Polygon", "coordinates": [[[-75.4959039, 10.3856866], [-75.4959414, 10.385734], [-75.4958811, 10.38578], [-75.4958299, 10.3858192], [-75.4957797, 10.3858576], [-75.495771, 10.3858466], [-75.495794, 10.3857889], [-75.4957768, 10.3857823], [-75.4957057, 10.3857549], [-75.4957557, 10.3856296], [-75.4959039, 10.3856866]]]}}, {"type": "Feature", "id": 1198655945, "properties": {"amenity": "school", "building:levels": "2", "name": "Gimnasio Americano The Children's House"}, "geometry": {"type": "LineString", "coordinates": [[-75.4725293, 10.3862795], [-75.4724586, 10.3862388], [-75.4725463, 10.3860965], [-75.472615, 10.3861377], [-75.4725293, 10.3862795]]}}, {"type": "Feature", "id": 1202652967, "properties": {"amenity": "school", "grades": "1-6", "name": "Instituto Frobel", "phone": "6788261"}, "geometry": {"type": "LineString", "coordinates": [[-75.4999198, 10.3793154], [-75.4997996, 10.3792586], [-75.4998703, 10.3791108], [-75.499884, 10.3791164], [-75.4999902, 10.3791659], [-75.4999198, 10.3793154]]}}, {"type": "Feature", "id": 1203817555, "properties": {"amenity": "school", "building:levels": "2", "name": "Gimnasio Creativo Juan Pablo"}, "geometry": {"type": "LineString", "coordinates": [[-75.4960112, 10.3814674], [-75.4959832, 10.3815278], [-75.4959369, 10.3815068], [-75.4959655, 10.381446], [-75.4960096, 10.3813518], [-75.4960563, 10.381373], [-75.4960439, 10.3813989], [-75.4960112, 10.3814674]]}}, {"type": "Feature", "id": 1203993762, "properties": {"amenity": "school", "grades": "0-11", "name": "Ciudadela Escolar COMFENALCO", "religion": "none"}, "geometry": {"type": "LineString", "coordinates": [[-75.5029761, 10.4025809], [-75.5028576, 10.4025007], [-75.5028103, 10.4026214], [-75.5027794, 10.4027001], [-75.5027267, 10.4028348], [-75.5026732, 10.4029714], [-75.5026641, 10.4029945], [-75.5026482, 10.4030408], [-75.5026014, 10.403081], [-75.5025734, 10.4031319], [-75.5025502, 10.4031834], [-75.5025142, 10.4032791], [-75.5024229, 10.4035148], [-75.5023469, 10.4037724], [-75.5022601, 10.4041535], [-75.5022354, 10.404352], [-75.5022407, 10.4045243], [-75.5022513, 10.4046287], [-75.5022849, 10.4047836], [-75.502315, 10.4048985], [-75.5024371, 10.4051665], [-75.5025362, 10.4053423], [-75.5025928, 10.405452], [-75.5026795, 10.4054955], [-75.5027468, 10.4055007], [-75.5030972, 10.4054578], [-75.5032476, 10.4054502], [-75.5035618, 10.4054293], [-75.5035632, 10.4053702], [-75.5035796, 10.4053696], [-75.5036916, 10.4053654], [-75.5037129, 10.4053646], [-75.5037204, 10.4053876], [-75.5037537, 10.4053859], [-75.5040097, 10.4053555], [-75.5043146, 10.4053214], [-75.5045857, 10.4053051], [-75.5046367, 10.405302], [-75.5045712, 10.4049298], [-75.5045164, 10.4046548], [-75.5044633, 10.404439], [-75.5047213, 10.4041408], [-75.504888, 10.4039708], [-75.5052433, 10.4036976], [-75.5054438, 10.4034932], [-75.505302, 10.4033897], [-75.5051924, 10.4032711], [-75.5051527, 10.4032217], [-75.5047443, 10.4027476], [-75.5046346, 10.4026169], [-75.5045155, 10.4028248], [-75.5044644, 10.4029068], [-75.5043577, 10.4031661], [-75.504152, 10.4030857], [-75.5040524, 10.4030534], [-75.5039601, 10.4030344], [-75.5038233, 10.4030111], [-75.5036666, 10.4029643], [-75.5035555, 10.4029086], [-75.503436, 10.402851], [-75.5031714, 10.4026908], [-75.5029761, 10.4025809]]}}, {"type": "Feature", "id": 1205211359, "properties": {"amenity": "school"}, "geometry": {"type": "LineString", "coordinates": [[-75.5149006, 10.4056214], [-75.5149918, 10.4054512], [-75.5148868, 10.4053966], [-75.5147957, 10.4055672], [-75.5149006, 10.4056214]]}}, {"type": "Feature", "id": 1205711469, "properties": {"amenity": "school", "name": "Institución Educativa San Lucas - Sede San Pedro Mártir"}, "geometry": {"type": "LineString", "coordinates": [[-75.4900016, 10.3767566], [-75.4900352, 10.376607], [-75.4904184, 10.3768593], [-75.4904489, 10.3768001], [-75.4905763, 10.3768493], [-75.4906635, 10.3768838], [-75.4906725, 10.376864], [-75.4907185, 10.376887], [-75.4906528, 10.377009], [-75.4907245, 10.3770491], [-75.4907922, 10.3769239], [-75.4908246, 10.3769412], [-75.4907701, 10.3770739], [-75.4907604, 10.3770975], [-75.4907561, 10.3771174], [-75.4907412, 10.3771706], [-75.4907332, 10.3772292], [-75.4906738, 10.3771912], [-75.4906034, 10.3771478], [-75.4904062, 10.3770197], [-75.4901995, 10.3768853], [-75.4901804, 10.3768729], [-75.4901676, 10.3768645], [-75.4900016, 10.3767566]]}}, {"type": "Feature", "id": 1206315584, "properties": {"amenity": "school", "name": "Beverly Hills School", "operator": "Beverly Hills School", "operator:type": "private", "website": "https://tubeverly.com/"}, "geometry": {"type": "LineString", "coordinates": [[-75.4959676, 10.3903093], [-75.4958583, 10.389726], [-75.4958523, 10.3896895], [-75.4961369, 10.3896389], [-75.4961573, 10.38975], [-75.4961942, 10.3899513], [-75.4962507, 10.3902593], [-75.4959676, 10.3903093]]}}, {"type": "Feature", "id": 1206945472, "properties": {"amenity": "school", "name": "Colegio Nuestra Señora De La Consolara NSC"}, "geometry": {"type": "LineString", "coordinates": [[-75.4863833, 10.3880362], [-75.4859129, 10.3881207], [-75.485851, 10.3876413], [-75.4858861, 10.387638], [-75.4859932, 10.3876185], [-75.4860415, 10.3876085], [-75.486212, 10.3875733], [-75.4862315, 10.3876403], [-75.486303, 10.3876242], [-75.4863833, 10.3880362]]}}, {"type": "Feature", "id": 1207235243, "properties": {"amenity": "school", "building": "house", "building:levels": "3", "grades": "1-11", "name": "Institución Educativa Los Ángeles"}, "geometry": {"type": "Polygon", "coordinates": [[[-75.4922981, 10.389758], [-75.4923654, 10.3896952], [-75.4923062, 10.3896342], [-75.4922391, 10.3896968], [-75.4922981, 10.389758]]]}}, {"type": "Feature", "id": 1207330347, "properties": {"amenity": "school", "grades": "1-11", "name": "Instituto Colombo Bolivariano"}, "geometry": {"type": "LineString", "coordinates": [[-75.4882548, 10.3915828], [-75.488258, 10.3915703], [-75.4882803, 10.3914832], [-75.4883142, 10.3913512], [-75.4882307, 10.391331], [-75.4881729, 10.3913533], [-75.4880788, 10.3913837], [-75.4880417, 10.3915309], [-75.4880553, 10.3915343], [-75.4882548, 10.3915828]]}}, {"type": "Feature", "id": 1208966821, "properties": {"amenity": "school", "building": "house", "building:levels": "2", "name": "Centro Educativo Integral Colombia"}, "geometry": {"type": "Polygon", "coordinates": [[[-75.4970735, 10.3794871], [-75.4969735, 10.3794406], [-75.496944, 10.3795021], [-75.4970441, 10.3795485], [-75.4970735, 10.3794871]]]}}, {"type": "Feature", "id": 1210867816, "properties": {"amenity": "school", "building": "house", "building:levels": "1", "name": "Instituto Infantil Picardías"}, "geometry": {"type": "Polygon", "coordinates": [[[-75.4861474, 10.3849709], [-75.4860812, 10.3849536], [-75.4859499, 10.3849193], [-75.4859289, 10.3849972], [-75.4860181, 10.3850205], [-75.4861264, 10.3850488], [-75.4861474, 10.3849709]]]}}, {"type": "Feature", "id": 1214952787, "properties": {"amenity": "school", "name": "Instituto Juan Jacobo Rousseau"}, "geometry": {"type": "LineString", "coordinates": [[-75.4983362, 10.3826537], [-75.4983114, 10.3826423], [-75.4983826, 10.3824664], [-75.4984497, 10.3824704], [-75.4985472, 10.3824944], [-75.4985872, 10.3825113], [-75.4985216, 10.3826855], [-75.4984029, 10.3826383], [-75.4983888, 10.3826735], [-75.4983362, 10.3826537]]}}, {"type": "Feature", "id": 1215671906, "properties": {"amenity": "school", "building": "house", "building:levels": "2", "name": "Gimnasio International School CTG"}, "geometry": {"type": "Polygon", "coordinates": [[[-75.496242, 10.3841113], [-75.4962748, 10.3840424], [-75.4962217, 10.384018], [-75.4961918, 10.3840043], [-75.4961591, 10.3840732], [-75.496242, 10.3841113]]]}}, {"type": "Feature", "id": 1215671907, "properties": {"amenity": "school", "building": "house", "building:levels": "2", "name": "Gimnasio International School CTG"}, "geometry": {"type": "Polygon", "coordinates": [[[-75.4962164, 10.3839388], [-75.4963005, 10.3839763], [-75.4963311, 10.3839099], [-75.496247, 10.3838724], [-75.4962164, 10.3839388]]]}}, {"type": "Feature", "id": 1218864527, "properties": {"amenity": "school", "level": "1", "name": "Academia de Seguridad AESS", "school:type": "security"}, "geometry": {"type": "LineString", "coordinates": [[-75.4877752, 10.3921191], [-75.4876678, 10.3920896], [-75.487692, 10.3920042], [-75.4877994, 10.3920336], [-75.4877752, 10.3921191]]}}, {"type": "Feature", "id": 1218918788, "properties": {"amenity": "school", "name": "Institución Educativa Luis Carlos López"}, "geometry": {"type": "LineString", "coordinates": [[-75.484347, 10.3889428], [-75.4843393, 10.3888344], [-75.4843152, 10.3886179], [-75.4842961, 10.3884465], [-75.4842715, 10.3882617], [-75.484216, 10.3882405], [-75.4841637, 10.3882405], [-75.4840466, 10.3882435], [-75.4839079, 10.3882677], [-75.4836183, 10.3885647], [-75.4835213, 10.388655], [-75.4833318, 10.3888314], [-75.4833113, 10.3888431], [-75.4833287, 10.3888912], [-75.483348, 10.3889478], [-75.483419, 10.3891304], [-75.4834524, 10.3892308], [-75.4838112, 10.3891153], [-75.4838259, 10.3891105], [-75.4838697, 10.3890965], [-75.4841408, 10.3890081], [-75.484347, 10.3889428]]}}, {"type": "Feature", "id": 1218918789, "properties": {"amenity": "school", "name": "Institución Educativa Soledad Acosta de Samper"}, "geometry": {"type": "LineString", "coordinates": [[-75.484347, 10.3889428], [-75.4843743, 10.3891096], [-75.4843906, 10.3892221], [-75.4844397, 10.3893323], [-75.4845214, 10.3894219], [-75.4843276, 10.3898146], [-75.4840953, 10.3897871], [-75.48377, 10.3897717], [-75.4836995, 10.3897687], [-75.483631, 10.3897667], [-75.4835384, 10.3897641], [-75.4833959, 10.3897503], [-75.4832301, 10.3896975], [-75.483097, 10.3896355], [-75.4828052, 10.3894954], [-75.4827398, 10.3894495], [-75.4829504, 10.3888913], [-75.482985, 10.3887995], [-75.483069, 10.3888339], [-75.4831367, 10.3888477], [-75.4832231, 10.3888638], [-75.4833113, 10.3888431], [-75.4833287, 10.3888912], [-75.483348, 10.3889478], [-75.483419, 10.3891304], [-75.4834524, 10.3892308], [-75.4838112, 10.3891153], [-75.4838259, 10.3891105], [-75.4838697, 10.3890965], [-75.4841408, 10.3890081], [-75.484347, 10.3889428]]}}, {"type": "Feature", "id": 1220616460, "properties": {"amenity": "school", "grades": "0-2", "name": "Instituto Educativo Mundo Feliz"}, "geometry": {"type": "LineString", "coordinates": [[-75.4826944, 10.390047], [-75.4827661, 10.390083], [-75.4827734, 10.3900692], [-75.4827798, 10.3900569], [-75.4828526, 10.3899183], [-75.4828727, 10.3898783], [-75.4828017, 10.3898412], [-75.4827804, 10.3898817], [-75.4827076, 10.3900202], [-75.4826944, 10.390047]]}}, {"type": "Feature", "id": 1220616461, "properties": {"amenity": "school", "grades": "0-9", "name": "Corporación Educativa Instituto Guadalupe"}, "geometry": {"type": "LineString", "coordinates": [[-75.4827734, 10.3900692], [-75.4827661, 10.390083], [-75.4827628, 10.3900894], [-75.4829071, 10.3901626], [-75.4829176, 10.3901424], [-75.4829861, 10.3900126], [-75.4830176, 10.389952], [-75.4829385, 10.3899112], [-75.4828727, 10.3898783], [-75.4828526, 10.3899183], [-75.4827798, 10.3900569], [-75.4827734, 10.3900692]]}}, {"type": "Feature", "id": 1244599191, "properties": {"amenity": "school"}, "geometry": {"type": "LineString", "coordinates": [[-75.4782147, 10.396385], [-75.4780347, 10.396267], [-75.4777206, 10.3966848], [-75.4780098, 10.3967774], [-75.4782147, 10.396385]]}}, {"type": "Feature", "id": 1244599949, "properties": {"amenity": "school"}, "geometry": {"type": "LineString", "coordinates": [[-75.4767492, 10.3972344], [-75.4766845, 10.3971929], [-75.4768439, 10.3970232], [-75.4768917, 10.3970776], [-75.4768073, 10.3971569], [-75.4768336, 10.39718], [-75.4767689, 10.3972473], [-75.4767595, 10.3972427], [-75.4767492, 10.3972344]]}}, {"type": "Feature", "id": 1244600880, "properties": {"amenity": "school"}, "geometry": {"type": "LineString", "coordinates": [[-75.4771697, 10.3964561], [-75.4769942, 10.3965778], [-75.4769204, 10.3964749], [-75.4770959, 10.3963532], [-75.4771697, 10.3964561]]}}, {"type": "Feature", "id": 1247451557, "properties": {"amenity": "school", "denomination": "catholic", "name": "Colegio de Nuestra Señora de la Candelaria", "religion": "christian"}, "geometry": {"type": "LineString", "coordinates": [[-75.5333613, 10.4203214], [-75.5330404, 10.4201902], [-75.5332971, 10.4196262], [-75.5334721, 10.419693], [-75.5334904, 10.420218], [-75.5334924, 10.4203187], [-75.5334731, 10.4203339], [-75.5334517, 10.420343], [-75.5334236, 10.4203441], [-75.5333613, 10.4203214]]}}, {"type": "Feature", "id": 1265812514, "properties": {"amenity": "school", "building": "house", "building:levels": "2", "name": "Instituto Sonrisitas Alegres"}, "geometry": {"type": "Polygon", "coordinates": [[[-75.5008684, 10.3881599], [-75.5008593, 10.3881092], [-75.5007209, 10.3881332], [-75.50073, 10.3881839], [-75.5008095, 10.3881701], [-75.5008684, 10.3881599]]]}}, {"type": "Feature", "id": 1272617086, "properties": {"amenity": "school", "name": "Instituto moderno el carmen"}, "geometry": {"type": "LineString", "coordinates": [[-75.4892142, 10.3986913], [-75.4890947, 10.3987928], [-75.4890419, 10.3987384], [-75.4891671, 10.3986361], [-75.4892142, 10.3986913]]}}, {"type": "Feature", "id": 1306273906, "properties": {"amenity": "school", "grades": "1-6", "name": "Institución Educativa José Manuel Rodríguez Torices INEM - Sede Isabel La Católica"}, "geometry": {"type": "LineString", "coordinates": [[-75.4969978, 10.3865423], [-75.4970075, 10.3864878], [-75.4970187, 10.3864249], [-75.4970258, 10.3863856], [-75.4970326, 10.386347], [-75.497055, 10.3862218], [-75.4970839, 10.38606], [-75.4970839, 10.3860241], [-75.4970664, 10.3860039], [-75.4970386, 10.3859938], [-75.4970108, 10.3859881], [-75.4965309, 10.3863047], [-75.4965959, 10.3864122], [-75.4966793, 10.3865499], [-75.4967416, 10.3865484], [-75.4969267, 10.386544], [-75.4969978, 10.3865423]]}}, {"type": "Feature", "id": 1306640304, "properties": {"amenity": "school", "name": "Institución Educativa José Manuel Rodríguez Torice INEM - Jardón Infantil Los Caracoles"}, "geometry": {"type": "LineString", "coordinates": [[-75.4928686, 10.3897504], [-75.492885, 10.3897346], [-75.4929947, 10.389629], [-75.4930081, 10.3896149], [-75.4931214, 10.3895073], [-75.4932012, 10.3894302], [-75.4931429, 10.3893716], [-75.4930248, 10.3892529], [-75.4930091, 10.3892371], [-75.4929162, 10.3893266], [-75.4928649, 10.3893759], [-75.4926765, 10.3895573], [-75.4928686, 10.3897504]]}}, {"type": "Feature", "id": 1346833736, "properties": {"amenity": "school", "name": "Institución Educativa Pelusita"}, "geometry": {"type": "LineString", "coordinates": [[-75.5059835, 10.3945746], [-75.5058673, 10.3942399], [-75.5058996, 10.394214], [-75.5059328, 10.3942619], [-75.5059654, 10.394309], [-75.5059813, 10.394332], [-75.5059985, 10.3943569], [-75.5060314, 10.3944045], [-75.5060644, 10.3944522], [-75.5060968, 10.394499], [-75.5060083, 10.3945581], [-75.5059835, 10.3945746]]}}, {"type": "Feature", "id": 1348318297, "properties": {"amenity": "school", "building": "house", "building:levels": "2", "grades": "0-5", "name": "Institución Educativa El Milagro de la Villa"}, "geometry": {"type": "Polygon", "coordinates": [[[-75.5067256, 10.3926231], [-75.5067995, 10.3927463], [-75.5067353, 10.3927835], [-75.5066615, 10.3926603], [-75.5067256, 10.3926231]]]}}, {"type": "Feature", "id": 1348633900, "properties": {"amenity": "school", "contact:email": "soporte@colegiolasagradafamilia.edu.co", "name": "Colegio La Sagrada Familia", "website": "https://www.colegiolasagradafamilia.edu.co/"}, "geometry": {"type": "LineString", "coordinates": [[-75.4986924, 10.3849084], [-75.4986938, 10.384849], [-75.4986947, 10.384774], [-75.4986956, 10.3847014], [-75.4986965, 10.3846327], [-75.4984935, 10.3846303], [-75.4985628, 10.3849127], [-75.4986924, 10.3849084]]}}, {"type": "Feature", "id": 1352843911, "properties": {"amenity": "school", "grades": "0-3", "indoor": "yes", "level": "1", "name": "Eureka Kinder Garden", "preschool": "yes"}, "geometry": {"type": "LineString", "coordinates": [[-75.5054324, 10.3935056], [-75.5054887, 10.393473], [-75.50543, 10.3933747], [-75.5053736, 10.3934073], [-75.5054324, 10.3935056]]}}, {"type": "Feature", "id": 1355577797, "properties": {"amenity": "school", "grades": "0-5", "name": "Instituto Cristiano Remy", "religion": "christian"}, "geometry": {"type": "LineString", "coordinates": [[-75.5039706, 10.3917154], [-75.5039675, 10.3916981], [-75.5039385, 10.3915208], [-75.5038166, 10.3915398], [-75.503807, 10.3915414], [-75.5037609, 10.3915487], [-75.5038117, 10.391741], [-75.5038414, 10.3917365], [-75.5039706, 10.3917154]]}}, {"type": "Feature", "id": 1355577810, "properties": {"amenity": "school", "name": "Instituto Educativo Encanto de Niños"}, "geometry": {"type": "LineString", "coordinates": [[-75.5043033, 10.3915099], [-75.5044768, 10.3914827], [-75.5044627, 10.3915494], [-75.5044458, 10.391633], [-75.5043274, 10.3916556], [-75.504325, 10.3916417], [-75.5043228, 10.3916286], [-75.5043033, 10.3915099]]}}, {"type": "Feature", "id": 1357894114, "properties": {"amenity": "school", "name": "Instituto Educativo Hermana Alicia Álvarez"}, "geometry": {"type": "LineString", "coordinates": [[-75.504991, 10.3910666], [-75.5048238, 10.3910934], [-75.5048195, 10.3910681], [-75.5048058, 10.3909913], [-75.5047971, 10.3909331], [-75.5047917, 10.3908983], [-75.5048532, 10.3908886], [-75.5048742, 10.3908853], [-75.5049259, 10.3908771], [-75.5049589, 10.3908718], [-75.5049871, 10.3910426], [-75.504991, 10.3910666]]}}, {"type": "Feature", "id": 1357894118, "properties": {"amenity": "school", "name": "Corporación Instituto Soledad Vives de Joly"}, "geometry": {"type": "LineString", "coordinates": [[-75.5052711, 10.3906355], [-75.5050543, 10.3906716], [-75.5050575, 10.3906904], [-75.5050845, 10.3908516], [-75.5051659, 10.3908386], [-75.5051913, 10.3908345], [-75.5052617, 10.3908233], [-75.5053017, 10.3908174], [-75.5052747, 10.3906566], [-75.5052711, 10.3906355]]}}, {"type": "Feature", "id": 1359920750, "properties": {"amenity": "school", "grades": "0-5", "name": "Instituto Chiquitines", "operator": "Instituto Chiquitines", "operator:type": "private", "preschool": "yes"}, "geometry": {"type": "LineString", "coordinates": [[-75.5045471, 10.3895322], [-75.5045915, 10.3895252], [-75.5046494, 10.3895161], [-75.5046194, 10.3893317], [-75.5046162, 10.3893118], [-75.5045139, 10.3893279], [-75.5045171, 10.3893478], [-75.5045471, 10.3895322]]}}, {"type": "Feature", "id": 1359945573, "properties": {"amenity": "school", "grades": "0-5", "name": "Instituto Angelitos Alegres"}, "geometry": {"type": "LineString", "coordinates": [[-75.5049815, 10.3904127], [-75.5049211, 10.3904224], [-75.5048298, 10.3904365], [-75.5048116, 10.3904397], [-75.5048538, 10.3902488], [-75.5049518, 10.3902334], [-75.5049537, 10.3902453], [-75.5049815, 10.3904127]]}}, {"type": "Feature", "id": 1363956900, "properties": {"amenity": "school", "building": "house", "building:levels": "1", "name": "Instituto Juan Pablo II", "operator": "Instituto Juan Pablo II", "operator:type": "private", "phone:mobile": "+573215586242"}, "geometry": {"type": "Polygon", "coordinates": [[[-75.5012622, 10.3903877], [-75.5012084, 10.3903964], [-75.5011824, 10.3902424], [-75.5012361, 10.3902336], [-75.5012622, 10.3903877]]]}}, {"type": "Feature", "id": 1364817736, "properties": {"amenity": "school", "barrier": "yes", "name": "Institución Educativa República Argentina"}, "geometry": {"type": "LineString", "coordinates": [[-75.4686413, 10.3956255], [-75.4677125, 10.3948245], [-75.4688911, 10.3935987], [-75.4692781, 10.3941887], [-75.4696647, 10.3945377], [-75.4686413, 10.3956255]]}}, {"type": "Feature", "id": 1364817744, "properties": {"amenity": "school", "barrier": "yes", "name": "Colegio de La Salle"}, "geometry": {"type": "LineString", "coordinates": [[-75.5354869, 10.4279761], [-75.5355801, 10.427907], [-75.5345935, 10.4272404], [-75.534342, 10.4268803], [-75.5341423, 10.4260946], [-75.5344789, 10.4256981], [-75.5346749, 10.4258582], [-75.5348413, 10.4255744], [-75.5352149, 10.4257236], [-75.5355551, 10.425669], [-75.5356883, 10.4255599], [-75.5354738, 10.4254617], [-75.5359805, 10.4244504], [-75.5357173, 10.4244345], [-75.5356675, 10.4243503], [-75.5355821, 10.4241244], [-75.535419, 10.4238734], [-75.535251, 10.4236033], [-75.5346852, 10.4236429], [-75.5345079, 10.4237], [-75.5341137, 10.4238662], [-75.5339154, 10.4238669], [-75.5338148, 10.4238398], [-75.5337395, 10.4237861], [-75.5336845, 10.4237413], [-75.5336393, 10.4237208], [-75.533602, 10.4238182], [-75.5334855, 10.4238079], [-75.5329949, 10.4241938], [-75.5328289, 10.4240535], [-75.5325553, 10.4244202], [-75.53246, 10.4245845], [-75.5323595, 10.4247578], [-75.532338, 10.424837], [-75.5322763, 10.4251667], [-75.5324775, 10.4253777], [-75.5326814, 10.4255967], [-75.5327779, 10.4259581], [-75.5327565, 10.426148], [-75.5329952, 10.4263986], [-75.53303, 10.4266123], [-75.5330575, 10.4267909], [-75.5330783, 10.4269262], [-75.5330676, 10.4271161], [-75.5332017, 10.4273746], [-75.5334055, 10.4274907], [-75.5334941, 10.427401], [-75.5335879, 10.4273113], [-75.5339286, 10.4274749], [-75.5340421, 10.4274659], [-75.5341029, 10.4274538], [-75.5348378, 10.4277439], [-75.5349398, 10.4278178], [-75.53487, 10.427955], [-75.5350578, 10.4280183], [-75.5352724, 10.4279207], [-75.5354869, 10.4279761]]}}, {"type": "Feature", "id": 1365682013, "properties": {"amenity": "school", "building": "house", "building:levels": "1", "name": "Colegio Gimnasio Americano Lugano", "operator": "Colegio Gimnasio Americano Lugano", "operator:type": "private"}, "geometry": {"type": "Polygon", "coordinates": [[[-75.4939111, 10.3911172], [-75.4937378, 10.3911479], [-75.4937525, 10.3912283], [-75.4939258, 10.3911976], [-75.4939111, 10.3911172]]]}}, {"type": "Feature", "id": 1365682029, "properties": {"amenity": "school", "building": "house", "building:levels": "1", "name": "Asosacas: Centro de Apoyo Escolar"}, "geometry": {"type": "Polygon", "coordinates": [[[-75.4940456, 10.3918512], [-75.4939653, 10.3918654], [-75.4938722, 10.3918819], [-75.493878, 10.3919135], [-75.4938872, 10.3919632], [-75.49398, 10.3919467], [-75.4940604, 10.3919325], [-75.4940456, 10.3918512]]]}}, {"type": "Feature", "id": 1368606685, "properties": {"addr:city": "Cartagena de Indias", "amenity": "school", "name": "Centro Educativo Centro de Desarrollo y Aprendizaje Luz de Luz", "operator:type": "private", "phone": "+57 317 7524183"}, "geometry": {"type": "LineString", "coordinates": [[-75.4935649, 10.3940211], [-75.4934003, 10.3940431], [-75.4933111, 10.394055], [-75.4932973, 10.3939304], [-75.4932922, 10.3938845], [-75.4932902, 10.3938671], [-75.493375, 10.3938517], [-75.4933898, 10.393849], [-75.4934903, 10.3938306], [-75.4935169, 10.3938258], [-75.4935291, 10.3938795], [-75.4935497, 10.3939609], [-75.4935605, 10.3940038], [-75.4935649, 10.3940211]]}}, {"type": "Feature", "id": 1373601687, "properties": {"amenity": "school", "name": "Institución Educativa Manuela Beltrán", "operator:type": "public/government"}, "geometry": {"type": "LineString", "coordinates": [[-75.5129552, 10.3926652], [-75.5133712, 10.3929071], [-75.5135487, 10.3926118], [-75.5131328, 10.3923698], [-75.5129552, 10.3926652]]}}, {"type": "Feature", "id": 1374011265, "properties": {"amenity": "school", "building": "house", "building:levels": "1"}, "geometry": {"type": "Polygon", "coordinates": [[[-75.4920196, 10.3928513], [-75.4920317, 10.3929426], [-75.491862, 10.3929643], [-75.4918392, 10.3927916], [-75.4918838, 10.392786], [-75.4918945, 10.3928672], [-75.4920196, 10.3928513]]]}}, {"type": "Feature", "id": 1381474100, "properties": {"amenity": "school", "name": "Institución Educativa Salim Bechara"}, "geometry": {"type": "LineString", "coordinates": [[-75.501405, 10.3852663], [-75.5016655, 10.3850554], [-75.5015367, 10.3849015], [-75.5012645, 10.3850961], [-75.501405, 10.3852663]]}}, {"type": "Feature", "id": 1392899825, "properties": {"amenity": "school", "branch": "Luis Carlos Galán", "name": "Institución Educativa Nuevo Bosque - Sede Luis Carlos Galán"}, "geometry": {"type": "LineString", "coordinates": [[-75.4997741, 10.393607], [-75.4997916, 10.3936083], [-75.4998661, 10.3936088], [-75.4998891, 10.3936088], [-75.4998891, 10.393356], [-75.4998891, 10.3931605], [-75.4998695, 10.3931605], [-75.4997949, 10.3931599], [-75.4996683, 10.3931555], [-75.4996347, 10.3931542], [-75.4995633, 10.3934298], [-75.4997818, 10.3934645], [-75.4997741, 10.393607]]}}, {"type": "Feature", "id": 1396109557, "properties": {"amenity": "school", "building": "house", "building:levels": "2", "contact:phone": "+57 300 4814806", "name": "Colegio Camino Hacia El Saber"}, "geometry": {"type": "Polygon", "coordinates": [[[-75.4991681, 10.3953774], [-75.4990546, 10.3953463], [-75.4990265, 10.39545], [-75.499138, 10.3954805], [-75.4991681, 10.3953774]]]}}, {"type": "Feature", "id": 1408681310, "properties": {"amenity": "school", "name": "Instituto Mi Barquito"}, "geometry": {"type": "LineString", "coordinates": [[-75.4996059, 10.3949223], [-75.4995366, 10.3949029], [-75.4995661, 10.3947997], [-75.4995817, 10.3947454], [-75.499651, 10.3947646], [-75.4996354, 10.3948192], [-75.4996059, 10.3949223]]}}, {"type": "Feature", "id": 1412253256, "properties": {"amenity": "school", "grades": "6-11", "name": "Institución Educativa Mercedes Ábrego ‒ Sede Principal"}, "geometry": {"type": "LineString", "coordinates": [[-75.4735946, 10.3753785], [-75.4736002, 10.3753092], [-75.4738253, 10.3753267], [-75.4738704, 10.3752964], [-75.4738766, 10.3751909], [-75.4739018, 10.3751704], [-75.4739639, 10.3745634], [-75.4739211, 10.3744831], [-75.4732012, 10.3743998], [-75.4730785, 10.3744566], [-75.4729993, 10.3748789], [-75.4729605, 10.375086], [-75.4730662, 10.3752437], [-75.4731324, 10.3753423], [-75.4735946, 10.3753785]]}}, {"type": "Feature", "id": 1412800732, "properties": {"amenity": "school", "name": "Institución Educativa Blanca Nieves"}, "geometry": {"type": "LineString", "coordinates": [[-75.5038765, 10.3942843], [-75.5038769, 10.3942329], [-75.5038778, 10.3942048], [-75.5038805, 10.3941193], [-75.5038815, 10.3940883], [-75.5038818, 10.3940732], [-75.5039424, 10.3940623], [-75.503942, 10.3940895], [-75.5039393, 10.3942061], [-75.5039377, 10.3942847], [-75.5039096, 10.3942845], [-75.5038765, 10.3942843]]}}, {"type": "Feature", "id": 1467182865, "properties": {"amenity": "school", "contact:email": "info@colbifficartagena.edu.co", "contact:phone": "+57 315 8968906", "denomination": "catholic", "education": "school", "name": "Colegio Biffi", "operator": "Colegio Biffi", "operator:type": "private", "religion": "christian", "website": "https://colbifficartagena.edu.co/es/"}, "geometry": {"type": "LineString", "coordinates": [[-75.4774416, 10.393476], [-75.4770064, 10.3930707], [-75.4770224, 10.3930543], [-75.4768123, 10.3929016], [-75.4767682, 10.3929208], [-75.4763585, 10.3933373], [-75.4759685, 10.3927691], [-75.4760572, 10.3926625], [-75.4762694, 10.3924075], [-75.4764743, 10.3921612], [-75.4766795, 10.3919142], [-75.4774319, 10.3910264], [-75.4774517, 10.3910373], [-75.4775654, 10.3911], [-75.4776827, 10.3911646], [-75.4777838, 10.3912203], [-75.4778771, 10.3912717], [-75.4779966, 10.3913375], [-75.4780537, 10.391369], [-75.4781161, 10.3914033], [-75.4781673, 10.3914315], [-75.4782258, 10.3914638], [-75.4782855, 10.3914967], [-75.4783404, 10.3915269], [-75.4783968, 10.391558], [-75.4784617, 10.3915937], [-75.4785209, 10.3916263], [-75.4785783, 10.391658], [-75.4787078, 10.3917293], [-75.4787749, 10.3917663], [-75.4788101, 10.3917857], [-75.4788436, 10.3918041], [-75.4784385, 10.3922801], [-75.4780354, 10.3927637], [-75.4780013, 10.3928046], [-75.4777787, 10.3930716], [-75.4777246, 10.3931364], [-75.4777148, 10.3931489], [-75.4774416, 10.393476]]}}, {"type": "Feature", "id": 1523633493, "properties": {"amenity": "school", "education": "school", "name": "ICCA", "operator": "Instituto Central de Colombia para Adultos"}, "geometry": {"type": "LineString", "coordinates": [[-75.4900973, 10.3941289], [-75.4901698, 10.3941692], [-75.4901763, 10.3941568], [-75.4901844, 10.3941417], [-75.4902538, 10.3940109], [-75.4902577, 10.3940036], [-75.4902653, 10.3939894], [-75.4901852, 10.3939553], [-75.4901798, 10.393966], [-75.4901104, 10.3941032], [-75.4901027, 10.3941183], [-75.4900973, 10.3941289]]}}, {"type": "Feature", "id": 1523633505, "properties": {"amenity": "school", "contact:phone": "+570356610972", "education": "school", "name": "Corporación Educativa Los Ángeles"}, "geometry": {"type": "LineString", "coordinates": [[-75.4915437, 10.3949287], [-75.4915556, 10.3949086], [-75.49165, 10.3947477], [-75.4916633, 10.394725], [-75.4916783, 10.3946995], [-75.4916891, 10.394681], [-75.4916973, 10.394667], [-75.4914698, 10.3945507], [-75.4914476, 10.394588], [-75.491445, 10.3945924], [-75.4914266, 10.3946234], [-75.491408, 10.3946546], [-75.4914051, 10.3946595], [-75.4913296, 10.3947863], [-75.4913174, 10.3948067], [-75.4913944, 10.3948482], [-75.4915437, 10.3949287]]}}, {"type": "Feature", "id": 1525917191, "properties": {"amenity": "school", "education": "school", "name": "Gimnasio Campestre Los Corales", "operator": "Gimnasio Campestre Los Corales", "operator:type": "private", "website": "https://gimnasiocampestrecorales.com"}, "geometry": {"type": "LineString", "coordinates": [[-75.4916894, 10.3954407], [-75.4916129, 10.3953973], [-75.4916358, 10.3953584], [-75.4917457, 10.3951712], [-75.4917581, 10.3951501], [-75.4918343, 10.3951934], [-75.4918222, 10.3952141], [-75.4916894, 10.3954407]]}}, {"type": "Feature", "id": 1530685101, "properties": {"amenity": "school", "education": "school", "name": "Insitución Educativa Soledad Roman de Nuñez"}, "geometry": {"type": "LineString", "coordinates": [[-75.4951623, 10.3981598], [-75.4947452, 10.3989539], [-75.4948042, 10.3989921], [-75.495326, 10.3986811], [-75.4953077, 10.3986498], [-75.4953983, 10.3985955], [-75.4955378, 10.3984751], [-75.4951623, 10.3981598]]}}, {"type": "Feature", "id": 1530685102, "properties": {"amenity": "school", "education": "school", "name": "Institución Educativa CASD Manuela Beltrán"}, "geometry": {"type": "LineString", "coordinates": [[-75.4952064, 10.4001746], [-75.4948418, 10.3998665], [-75.494988, 10.3996991], [-75.4947269, 10.3994989], [-75.494591, 10.3995848], [-75.4944925, 10.3994323], [-75.4939724, 10.4002394], [-75.4940712, 10.4006016], [-75.4943137, 10.4010502], [-75.4944711, 10.4012902], [-75.4946686, 10.400987], [-75.4947023, 10.4009854], [-75.495113, 10.400422], [-75.4950733, 10.4003915], [-75.4952064, 10.4001746]]}}, {"type": "Feature", "id": 1532380611, "properties": {"amenity": "school", "education": "school", "name": "Institución Educativa Mágica Aventura", "operator": "Institución Educativa Mágica Aventura"}, "geometry": {"type": "LineString", "coordinates": [[-75.4877959, 10.3975152], [-75.4878155, 10.3975152], [-75.4878749, 10.397515], [-75.4879432, 10.3975149], [-75.4880095, 10.3975148], [-75.4880833, 10.3975146], [-75.4881868, 10.3975144], [-75.4881866, 10.3974195], [-75.4881435, 10.3974196], [-75.4880719, 10.3974197], [-75.4880315, 10.3974198], [-75.4879785, 10.3974199], [-75.4879194, 10.39742], [-75.4878748, 10.3974201], [-75.4878512, 10.3974202], [-75.4878353, 10.3974202], [-75.4878075, 10.3974202], [-75.4877957, 10.3974203], [-75.4877959, 10.3975152]]}}]}