{"type": "FeatureCollection", "features": [{"type": "Feature", "id": 281870244, "properties": {"amenity": "restaurant", "name": "Picolo"}, "geometry": {"type": "Point", "coordinates": [-75.5579427, 10.4003015]}}, {"type": "Feature", "id": 837935778, "properties": {"amenity": "restaurant", "diet:vegan": "yes", "diet:vegetarian": "only", "internet_access": "wlan", "internet_access:fee": "no", "name": "Restaurante Vegetariano Girasoles", "payment:mastercard": "yes"}, "geometry": {"type": "Point", "coordinates": [-75.5473615, 10.4263178]}}, {"type": "Feature", "id": 838206494, "properties": {"alt_name": "Crepes & Waffles", "amenity": "restaurant", "brand": "Crepes & Waffles", "brand:wikidata": "Q5184238", "cuisine": "crepe;ice_cream", "name": "Crepes & Waffles"}, "geometry": {"type": "Point", "coordinates": [-75.5299514, 10.4137757]}}, {"type": "Feature", "id": 1095685589, "properties": {"amenity": "restaurant", "name": "Australian Fusion Cafe"}, "geometry": {"type": "Point", "coordinates": [-75.5470611, 10.4218594]}}, {"type": "Feature", "id": 1118227010, "properties": {"addr:housenumber": "41 43", "addr:street": "Real del Cabrero", "amenity": "restaurant", "cuisine": "fish_and_chips", "internet_access": "wlan", "name": "La Langosta", "opening_hours": "Mo-Su 11:00-23:00"}, "geometry": {"type": "Point", "coordinates": [-75.5445311, 10.4311389]}}, {"type": "Feature", "id": 1250702519, "properties": {"addr:housenumber": "38-65", "addr:street": "Calle Tumbamuertos", "amenity": "restaurant", "name": "Bemba", "website": "http://www.wokandwraps.com"}, "geometry": {"type": "Point", "coordinates": [-75.5474774, 10.4274623]}}, {"type": "Feature", "id": 1485322040, "properties": {"amenity": "restaurant", "description": "pizza", "name": "Otro mundo"}, "geometry": {"type": "Point", "coordinates": [-75.549128, 10.425122]}}, {"type": "Feature", "id": 1486110103, "properties": {"amenity": "restaurant", "cuisine": "mexican", "internet_access": "wlan", "internet_access:fee": "no", "name": "Red Moon", "opening_hours": "Mo-Su 07:00-23:00", "operator": "Media Luna Hostel", "phone": "+57 5 6643423", "smoking": "no"}, "geometry": {"type": "Point", "coordinates": [-75.5449404, 10.4222624]}}, {"type": "Feature", "id": 1503584121, "properties": {"amenity": "restaurant", "cuisine": "regional", "name": "La Mulata", "website": "https://www.restaurantelamulata.com/"}, "geometry": {"type": "Point", "coordinates": [-75.5467384, 10.4263243]}}, {"type": "Feature", "id": 1741824537, "properties": {"amenity": "restaurant", "cuisine": "international", "name": "Casa Vana"}, "geometry": {"type": "Point", "coordinates": [-75.545543, 10.4235536]}}, {"type": "Feature", "id": 1741824540, "properties": {"amenity": "restaurant", "cuisine": "local", "name": "El coron coro", "name:en": "El Coron Coro", "name:es": "El Coron Coro", "opening_hours": "Mo-Su 07:30-22:00"}, "geometry": {"type": "Point", "coordinates": [-75.5455222, 10.4234161]}}, {"type": "Feature", "id": 1741824546, "properties": {"amenity": "restaurant", "cuisine": "regional", "name": "Restaurante el Paisa"}, "geometry": {"type": "Point", "coordinates": [-75.5455619, 10.4236467]}}, {"type": "Feature", "id": 1742213116, "properties": {"amenity": "restaurant", "name": "Colombitalia"}, "geometry": {"type": "Point", "coordinates": [-75.545542, 10.4225203]}}, {"type": "Feature", "id": 1742213117, "properties": {"amenity": "restaurant", "name": "Donde Bere"}, "geometry": {"type": "Point", "coordinates": [-75.5454342, 10.4226311]}}, {"type": "Feature", "id": 1742213118, "properties": {"amenity": "restaurant", "name": "El Milenio"}, "geometry": {"type": "Point", "coordinates": [-75.5454405, 10.4227279]}}, {"type": "Feature", "id": 1742213119, "properties": {"amenity": "restaurant", "name": "GCB"}, "geometry": {"type": "Point", "coordinates": [-75.5454236, 10.4225733]}}, {"type": "Feature", "id": 1743029546, "properties": {"amenity": "restaurant", "name": "Este es el punto"}, "geometry": {"type": "Point", "coordinates": [-75.5455521, 10.4225756]}}, {"type": "Feature", "id": 1743205886, "properties": {"amenity": "restaurant", "cuisine": "italian", "internet_access": "wlan", "name": "Di Silvio Trattoria"}, "geometry": {"type": "Point", "coordinates": [-75.5458541, 10.4207622]}}, {"type": "Feature", "id": 1743459329, "properties": {"addr:city": "Cartagena", "addr:housenumber": "9A-06", "addr:street": "Vargas", "amenity": "restaurant", "cuisine": "regional;seafood", "name": "La Cocina de Pepina", "opening_hours": "Tu-Sa 12:00-16:00, 19:00-21:30; Mo, Su 12:00-16:00", "outdoor_seating": "no", "phone": "+573008565189", "smoking": "no"}, "geometry": {"type": "Point", "coordinates": [-75.5472562, 10.4194016]}}, {"type": "Feature", "id": 1797641099, "properties": {"amenity": "restaurant", "cuisine": "regional", "internet_access": "yes", "internet_access:fee": "no", "name": "Brasserie Montaigne", "opening_hours": "Mo-Su 07:00-22:30", "operator": "Hotel Monterrey", "phone": "+57 5 6503030", "smoking": "no"}, "geometry": {"type": "Point", "coordinates": [-75.5477164, 10.4216247]}}, {"type": "Feature", "id": 1838274868, "properties": {"amenity": "restaurant", "cuisine": "regional", "email": "info@casacanabalhotel.com", "internet_access": "wlan", "internet_access:fee": "no", "microbrewery": "yes", "name": "Canabal", "opening_hours": "Mo-Su 08:00-22:00", "phone": "+57 5 6600666", "smoking": "yes", "wheelchair": "no"}, "geometry": {"type": "Point", "coordinates": [-75.5457303, 10.4233029]}}, {"type": "Feature", "id": 1996874183, "properties": {"amenity": "restaurant", "cuisine": "italian", "name": "La Enoteca"}, "geometry": {"type": "Point", "coordinates": [-75.5521445, 10.4219291]}}, {"type": "Feature", "id": 2213946362, "properties": {"amenity": "restaurant", "cuisine": "french", "name": "Oh La La!"}, "geometry": {"type": "Point", "coordinates": [-75.5506893, 10.424178]}}, {"type": "Feature", "id": 2213946368, "properties": {"amenity": "restaurant", "cuisine": "seafood", "name": "Donjuan"}, "geometry": {"type": "Point", "coordinates": [-75.5495872, 10.4239678]}}, {"type": "Feature", "id": 2213946369, "properties": {"amenity": "restaurant", "cuisine": "international", "name": "La Perla"}, "geometry": {"type": "Point", "coordinates": [-75.5507912, 10.4241727]}}, {"type": "Feature", "id": 2213946371, "properties": {"amenity": "restaurant", "cuisine": "steak_house", "name": "Quebracho"}, "geometry": {"type": "Point", "coordinates": [-75.552642, 10.423318]}}, {"type": "Feature", "id": 2765069425, "properties": {"addr:city": "Cartagena", "addr:housenumber": "10B-65", "addr:street": "Calle del Arsenal", "amenity": "restaurant", "contact:email": "leondebaviera@gmail.com", "cuisine": "german", "name": "León de Baviera", "phone": "+57 664 4450", "website": "http://www.leondebaviera.com/"}, "geometry": {"type": "Point", "coordinates": [-75.5458654, 10.417981]}}, {"type": "Feature", "id": 2795513325, "properties": {"addr:city": "Cartagena", "addr:housenumber": "Bocagrande", "addr:street": "Carrera 3 No. 6-23, Hotel Barlovento", "amenity": "restaurant", "capacity": "60", "cuisine": "típica_caribeña", "internet_access": "wlan", "internet_access:fee": "no", "name": "Mesa Caribe", "opening_hours": "06:30-22:00", "smoking": "no"}, "geometry": {"type": "Point", "coordinates": [-75.5567407, 10.4004542]}}, {"type": "Feature", "id": 3887885872, "properties": {"amenity": "restaurant", "kitchen": "ceviche", "name": "El Pulpito"}, "geometry": {"type": "Point", "coordinates": [-75.5515403, 10.4250171]}}, {"type": "Feature", "id": 3887891250, "properties": {"amenity": "restaurant", "name": "Tierra Antiquoeña"}, "geometry": {"type": "Point", "coordinates": [-75.555642, 10.4024098]}}, {"type": "Feature", "id": 3887891784, "properties": {"amenity": "restaurant", "name": "Kukara Makara"}, "geometry": {"type": "Point", "coordinates": [-75.5627725, 10.3953193]}}, {"type": "Feature", "id": 3922420838, "properties": {"amenity": "restaurant", "cuisine": "regional", "food_type": "pizza"}, "geometry": {"type": "Point", "coordinates": [-75.5585303, 10.3989763]}}, {"type": "Feature", "id": 4095270061, "properties": {"amenity": "restaurant", "name": "Señor Toro"}, "geometry": {"type": "Point", "coordinates": [-75.5521614, 10.4248358]}}, {"type": "Feature", "id": 4095270062, "properties": {"amenity": "restaurant", "cuisine": "peruvian", "name": "Ceviche Perú", "toilets": "yes"}, "geometry": {"type": "Point", "coordinates": [-75.5443174, 10.4217795]}}, {"type": "Feature", "id": 4095270063, "properties": {"amenity": "restaurant", "cuisine": "sushi", "name": "Origami Kaiten Sushi"}, "geometry": {"type": "Point", "coordinates": [-75.5523586, 10.424955]}}, {"type": "Feature", "id": 4113119289, "properties": {"addr:housenumber": "22-57", "addr:street": "Calle 29D", "amenity": "restaurant", "name": "AMARCORD2257 RISTORANTE ITALIANO PIZZERIA "}, "geometry": {"type": "Point", "coordinates": [-75.529322, 10.4160463]}}, {"type": "Feature", "id": 4173448189, "properties": {"addr:housenumber": "2067", "addr:street": "Calle 26 (Av. Jiménez)", "amenity": "restaurant", "mobile": "+57 3006151748", "name": "Tienda Carlos Tulio", "opening_hours": "Mo-Su 05:30-22:00", "phone": "+57 5 6606210;+57 5 6605949"}, "geometry": {"type": "Point", "coordinates": [-75.537803, 10.4140283]}}, {"type": "Feature", "id": 4207789182, "properties": {"amenity": "restaurant", "check_date": "2025-10-23", "cuisine": "diner;breakfast;coffee_shop", "internet_access": "wlan", "name": "Stefano's bistro"}, "geometry": {"type": "Point", "coordinates": [-75.5463001, 10.4229524]}}, {"type": "Feature", "id": 4209062514, "properties": {"amenity": "restaurant", "cuisine": "ice_cream", "name": "Cremaria Italiana"}, "geometry": {"type": "Point", "coordinates": [-75.5511365, 10.4241694]}}, {"type": "Feature", "id": 4246810837, "properties": {"amenity": "restaurant", "cuisine": "pizza;caribbean", "name": "Mama Nilma"}, "geometry": {"type": "Point", "coordinates": [-75.545553, 10.4198718]}}, {"type": "Feature", "id": 4255635689, "properties": {"addr:street": "San Andrés", "amenity": "restaurant", "cuisine": "sandwich;crepe", "name": "Crêperie 30-40"}, "geometry": {"type": "Point", "coordinates": [-75.5454333, 10.4226558]}}, {"type": "Feature", "id": 4282113992, "properties": {"addr:housenumber": "38-55", "addr:postcode": "472000", "addr:street": "Cochera del Hobo", "amenity": "restaurant", "cuisine": "sandwich;breakfast;coffee_shop", "diet:vegetarian": "yes", "internet_access": "wlan", "name": "Orgánica Creative Food", "opening_hours": "Mo-Su 07:00-18:00", "website": "http://organicacartagena.co"}, "geometry": {"type": "Point", "coordinates": [-75.5479841, 10.4272618]}}, {"type": "Feature", "id": 4311936391, "properties": {"addr:housenumber": "n 984a", "addr:street": "Calle de la Cruz", "amenity": "restaurant", "cuisine": "caribbean", "email": "elzaguanosc@gmail.com", "internet_access": "wlan", "name": "Restaurante El Zaguán", "opening_hours": "Mo 12:00-16:00, 18:30-22:00; Tu-Sa 12:00-17:00, 18:30-22:00", "phone": "+57 3107441690"}, "geometry": {"type": "Point", "coordinates": [-75.5462564, 10.4259014]}}, {"type": "Feature", "id": 4331402392, "properties": {"addr:housenumber": "33-41", "addr:street": "Sto. Domingo", "amenity": "restaurant", "name": "Peru Mar", "name:en": "Peru Mar", "name:es": "Peru Mar", "website": "https://www.cartagenacaribe.com/"}, "geometry": {"type": "Point", "coordinates": [-75.5522455, 10.4234807]}}, {"type": "Feature", "id": 4366643191, "properties": {"amenity": "restaurant", "name": "Totopo Bar Restaurant"}, "geometry": {"type": "Point", "coordinates": [-75.5485079, 10.4261361]}}, {"type": "Feature", "id": 4371867596, "properties": {"addr:housenumber": "30-36", "addr:street": "San Andrés", "amenity": "restaurant", "cuisine": "indian;pasta", "internet_access": "wlan", "name": "Maharaja"}, "geometry": {"type": "Point", "coordinates": [-75.5453956, 10.4227096]}}, {"type": "Feature", "id": 4406319091, "properties": {"amenity": "restaurant", "cuisine": "spanish;mediterranean", "name": "El Burlador de Sevilla", "name:es": "El Burlador de Sevilla"}, "geometry": {"type": "Point", "coordinates": [-75.5521031, 10.4239069]}}, {"type": "Feature", "id": 4427225990, "properties": {"addr:housenumber": "8B-58", "addr:street": "Larga", "amenity": "restaurant", "cuisine": "grill", "email": "redknife@allurehotels.com", "internet_access": "wlan", "name": "restaurante Red Knife", "name:en": "Red Knife restaurant", "opening_hours": "Mo-Su 12:00-22:30", "phone": "+57 3122777430", "website": "https://www.redknife.com.co/"}, "geometry": {"type": "Point", "coordinates": [-75.5480552, 10.4205874]}}, {"type": "Feature", "id": 4438569160, "properties": {"addr:city": "Cartagena", "addr:housenumber": "6", "addr:postcode": "130001", "addr:street": "Colegio", "amenity": "restaurant", "cuisine": "gelato;ice_cream", "name": "Mr cool gelato", "name:en": "Mr Cool Gelato", "name:es": "Mr Cool Gelato", "opening_hours": "11:00-21:00", "takeaway": "yes"}, "geometry": {"type": "Point", "coordinates": [-75.5495119, 10.4238572]}}, {"type": "Feature", "id": 4451171693, "properties": {"addr:street": "Calle de la Sierpe", "amenity": "restaurant", "cuisine": "caribbean", "name": "Solar: Bar & Food", "opening_hours": "Mo-Sa 9:00-24:00; Su 17:00-24:00", "phone": "+57 322 613 8473", "website": "https://www.solarcartagena.com/"}, "geometry": {"type": "Point", "coordinates": [-75.5455975, 10.4206958]}}, {"type": "Feature", "id": 4453408394, "properties": {"amenity": "restaurant", "name:pt": "Restaurante San Valentin"}, "geometry": {"type": "Point", "coordinates": [-75.5511617, 10.4246478]}}, {"type": "Feature", "id": 4489617689, "properties": {"addr:city": "Cartagena de Indias", "addr:housenumber": "carrera 1", "addr:postcode": "130001", "addr:street": "Avenida Carrera 1", "air_conditioning": "yes", "amenity": "restaurant", "cuisine": "regional", "internet_access": "yes", "name": "Palenquera", "name:es": "Palenquera", "opening_hours": "Mo-Su 09:00-21:00", "operational_status": "closed", "outdoor_seating": "yes", "payment:coins": "yes", "payment:debit_cards": "yes", "payment:mastercard": "yes", "payment:visa": "yes", "phone": "+57 5 6794474", "reservation": "yes", "stars": "3", "takeaway": "yes", "wheelchair": "yes"}, "geometry": {"type": "Point", "coordinates": [-75.5541669, 10.4059314]}}, {"type": "Feature", "id": 4546810689, "properties": {"addr:housenumber": "no 4-101", "addr:street": "Carrera 3", "amenity": "restaurant", "cuisine": "italian;italian_pizza;caribbean", "name": "Da Pietro", "name:es": "Da Pietro"}, "geometry": {"type": "Point", "coordinates": [-75.5575934, 10.3994788]}}, {"type": "Feature", "id": 4546810789, "properties": {"addr:housenumber": "4-48", "addr:street": "calle Vargas (esquina)", "amenity": "restaurant", "name": "Oh! Lala", "name:es": "Oh! Lala"}, "geometry": {"type": "Point", "coordinates": [-75.547161, 10.4195357]}}, {"type": "Feature", "id": 4547196691, "properties": {"addr:housenumber": "4-69A", "addr:street": "Carrera 3", "amenity": "restaurant", "name": "Dolce E Salato", "name:es": "Dolce E Salato"}, "geometry": {"type": "Point", "coordinates": [-75.559035, 10.3984875]}}, {"type": "Feature", "id": 4549337390, "properties": {"amenity": "restaurant", "cuisine": "local", "name:fr": "Restaurant local (délicieux)"}, "geometry": {"type": "Point", "coordinates": [-75.5391975, 10.4243945]}}, {"type": "Feature", "id": 4549788566, "properties": {"amenity": "restaurant", "name": "Bonche Gastrobar"}, "geometry": {"type": "Point", "coordinates": [-75.5455058, 10.4190915]}}, {"type": "Feature", "id": 4549788567, "properties": {"amenity": "restaurant", "name": "Basilica"}, "geometry": {"type": "Point", "coordinates": [-75.5456104, 10.419139]}}, {"type": "Feature", "id": 4549788568, "properties": {"amenity": "restaurant", "name": "Las Indias Boutique Gourmet"}, "geometry": {"type": "Point", "coordinates": [-75.5458787, 10.4189148]}}, {"type": "Feature", "id": 4552783891, "properties": {"addr:housenumber": "6 72", "addr:street": "Avenida San Martín - Carrera 2", "amenity": "restaurant", "cuisine": "fish;burger;sandwich;grill;ice_cream;crepe;seafood;pasta;pizza;chicken;arab;mexican", "name": "Hot El punto múltiple del sabor", "name:es": "Hot El punto múltiple del sabor", "phone": "+57 5 56650555", "website": "https://www.hotrestaurante.com/"}, "geometry": {"type": "Point", "coordinates": [-75.5568428, 10.4012838]}}, {"type": "Feature", "id": 4599940609, "properties": {"amenity": "restaurant", "cuisine": "barbecue;german", "internet_access": "no", "name": "Selva Negra", "outdoor_seating": "yes", "smoking": "yes"}, "geometry": {"type": "Point", "coordinates": [-75.4314697, 10.3493019]}}, {"type": "Feature", "id": 4645141991, "properties": {"amenity": "restaurant", "cuisine": "caribbean", "name": "El Faro", "name:es": "El Faro"}, "geometry": {"type": "Point", "coordinates": [-75.5337906, 10.4132805]}}, {"type": "Feature", "id": 4663507405, "properties": {"amenity": "restaurant", "name": "El Corral Hamburguesas", "name:en": "El Corral Hamburgers", "name:es": "Hambuguesa El Corral"}, "geometry": {"type": "Point", "coordinates": [-75.5511191, 10.4219825]}}, {"type": "Feature", "id": 4677455892, "properties": {"addr:city": "Cartagena", "addr:housename": "Aeropuerto Internacional Rafael Nuñez", "addr:street": "Calle 70A", "amenity": "restaurant", "name": "PizzUp", "name:es": "PizzUp"}, "geometry": {"type": "Point", "coordinates": [-75.5165291, 10.4468044]}}, {"type": "Feature", "id": 4683354089, "properties": {"amenity": "restaurant", "cuisine": "steak_house;barbecue;caribbean", "name": "Parrilla Don Héctor", "name:es": "Parrilla Don Héctor"}, "geometry": {"type": "Point", "coordinates": [-75.5215069, 10.4015448]}}, {"type": "Feature", "id": 4696578219, "properties": {"amenity": "restaurant", "name": "Pan Caliente de la Cruz", "name:es": "Pan Caliente de la Cruz"}, "geometry": {"type": "Point", "coordinates": [-75.5462992, 10.4259167]}}, {"type": "Feature", "id": 4697410790, "properties": {"amenity": "restaurant", "cuisine": "italian", "internet_access": "wlan", "website": "https://www.pizzaspiccolo.com.co/"}, "geometry": {"type": "Point", "coordinates": [-75.5456894, 10.4264847]}}, {"type": "Feature", "id": 4697410791, "properties": {"alt_name": "Crepes & Waffles", "amenity": "restaurant", "brand": "Crepes & Waffles", "brand:wikidata": "Q5184238", "cuisine": "crepe;ice_cream", "name": "Crepes & Waffles"}, "geometry": {"type": "Point", "coordinates": [-75.5508891, 10.4223626]}}, {"type": "Feature", "id": 4747591121, "properties": {"amenity": "restaurant", "name": "Riquisimo BBQ", "name:es": "Riquisimo BBQ"}, "geometry": {"type": "Point", "coordinates": [-75.5641576, 10.3970909]}}, {"type": "Feature", "id": 4758692290, "properties": {"amenity": "restaurant", "check_date": "2023-06-18", "name": "La Cevicheria", "name:es": "La Cevicheria"}, "geometry": {"type": "Point", "coordinates": [-75.5480786, 10.4279155]}}, {"type": "Feature", "id": 4758693849, "properties": {"amenity": "restaurant", "name": "I Balconi", "name:en": "Bolero", "name:es": "Bolero"}, "geometry": {"type": "Point", "coordinates": [-75.5453375, 10.4221682]}}, {"type": "Feature", "id": 4779672012, "properties": {"amenity": "restaurant", "name": "Narcobollo", "name:es": "Narcobollo"}, "geometry": {"type": "Point", "coordinates": [-75.5412563, 10.414678]}}, {"type": "Feature", "id": 4780188625, "properties": {"amenity": "restaurant", "name": "Bbq Ruquisimo", "name:es": "Bbq"}, "geometry": {"type": "Point", "coordinates": [-75.5630719, 10.3958354]}}, {"type": "Feature", "id": 4801734322, "properties": {"amenity": "restaurant", "name": "Restaurante Las Playas", "name:es": "Restaurante Las Playas"}, "geometry": {"type": "Point", "coordinates": [-75.5388166, 10.4349568]}}, {"type": "Feature", "id": 4803875141, "properties": {"amenity": "restaurant", "name": "Pico Rico", "name:es": "Pico Rico"}, "geometry": {"type": "Point", "coordinates": [-75.5489122, 10.4251945]}}, {"type": "Feature", "id": 4804624521, "properties": {"addr:housenumber": "8B-120", "addr:street": "De la Media Luna", "amenity": "restaurant", "cuisine": "spanish;local", "internet_access": "wlan", "name": "Castellana D&F"}, "geometry": {"type": "Point", "coordinates": [-75.5464633, 10.421948]}}, {"type": "Feature", "id": 4806174021, "properties": {"amenity": "restaurant", "name": "The Burger Place", "name:es": "Greek Restaurant"}, "geometry": {"type": "Point", "coordinates": [-75.550729, 10.4251428]}}, {"type": "Feature", "id": 4806620423, "properties": {"amenity": "restaurant", "cuisine": "local", "name": "Restaurante Tavo"}, "geometry": {"type": "Point", "coordinates": [-75.4587861, 10.4015377]}}, {"type": "Feature", "id": 4815970321, "properties": {"amenity": "restaurant", "name": "Serano Gourmet", "name:es": "Serano Gourmet"}, "geometry": {"type": "Point", "coordinates": [-75.5465851, 10.4219482]}}, {"type": "Feature", "id": 4816749088, "properties": {"addr:city": "Cartagena", "addr:housenumber": "10-19", "addr:street": "Del Carretero", "amenity": "restaurant", "cuisine": "tapas,_bar", "name": "Demente", "opening_hours": "Mo-Su 18:00-02:00"}, "geometry": {"type": "Point", "coordinates": [-75.545186, 10.4206206]}}, {"type": "Feature", "id": 4818737721, "properties": {"addr:housenumber": "33-24", "addr:street": "Calle de la Artilleria", "amenity": "restaurant", "cuisine": "diner;coffee_shop", "internet_access": "wlan", "name": "Época espresso bar", "opening_hours": "Mo-Su 08:00-22:00"}, "geometry": {"type": "Point", "coordinates": [-75.5533031, 10.4237263]}}, {"type": "Feature", "id": 4929746021, "properties": {"addr:street": "Calle de la Necesidad", "amenity": "restaurant", "cuisine": "regional;local", "name": "Quero Arepa", "opening_hours": "Mo-Su 08:30-23:30", "website": "https://www.facebook.com/QueroArepa/"}, "geometry": {"type": "Point", "coordinates": [-75.5461011, 10.4264904]}}, {"type": "Feature", "id": 4932739121, "properties": {"amenity": "restaurant", "name": "El Bistro", "name:es": "El Bistro"}, "geometry": {"type": "Point", "coordinates": [-75.5505707, 10.4242093]}}, {"type": "Feature", "id": 4961882635, "properties": {"amenity": "restaurant"}, "geometry": {"type": "Point", "coordinates": [-75.519648, 10.4029003]}}, {"type": "Feature", "id": 4961882637, "properties": {"amenity": "restaurant"}, "geometry": {"type": "Point", "coordinates": [-75.5208943, 10.4073674]}}, {"type": "Feature", "id": 4961883131, "properties": {"amenity": "restaurant", "cuisine": "chinese", "name": "Delicious China", "name:es": "Delicious China"}, "geometry": {"type": "Point", "coordinates": [-75.4657912, 10.4008395]}}, {"type": "Feature", "id": 4967020822, "properties": {"addr:housenumber": "36-19", "addr:street": "Calle Segunda de Badillo", "amenity": "restaurant", "check_date": "2025-10-20", "cuisine": "fish;sushi", "name": "Pezetarian"}, "geometry": {"type": "Point", "coordinates": [-75.5487026, 10.4253803]}}, {"type": "Feature", "id": 4995764321, "properties": {"amenity": "restaurant", "name": "Sandwicheria", "name:es": "Sandwicheria"}, "geometry": {"type": "Point", "coordinates": [-75.5481361, 10.4261406]}}, {"type": "Feature", "id": 5006023321, "properties": {"amenity": "restaurant", "name:en": "El Fogon Costeño"}, "geometry": {"type": "Point", "coordinates": [-75.5507981, 10.4251298]}}, {"type": "Feature", "id": 5010422721, "properties": {"addr:street": "Calle del Santisimo", "amenity": "restaurant", "name": "Carmen"}, "geometry": {"type": "Point", "coordinates": [-75.5476793, 10.4268806]}}, {"type": "Feature", "id": 5010427722, "properties": {"addr:street": "Calle del Torno de Santa Clara", "amenity": "restaurant", "name:en": "El Santísimo"}, "geometry": {"type": "Point", "coordinates": [-75.5475578, 10.4289535]}}, {"type": "Feature", "id": 5033449523, "properties": {"amenity": "restaurant", "cuisine": "local", "name:en": "Asado Loche"}, "geometry": {"type": "Point", "coordinates": [-75.545712, 10.4259526]}}, {"type": "Feature", "id": 5065287021, "properties": {"amenity": "restaurant", "description": "Menu of the day 10,000 pesos.", "name": "Restaurante Robert"}, "geometry": {"type": "Point", "coordinates": [-75.5509764, 10.4250162]}}, {"type": "Feature", "id": 5082751226, "properties": {"amenity": "restaurant", "name": "Bacco trattoria"}, "geometry": {"type": "Point", "coordinates": [-75.547078, 10.426255]}}, {"type": "Feature", "id": 5087584821, "properties": {"amenity": "restaurant", "name": "Wippy", "name:en": "Wippy", "name:es": "Wippy"}, "geometry": {"type": "Point", "coordinates": [-75.5521907, 10.4238957]}}, {"type": "Feature", "id": 5108247638, "properties": {"amenity": "restaurant", "name": "Plaza majagua", "name:es": "Plaza majagua"}, "geometry": {"type": "Point", "coordinates": [-75.5482399, 10.4261361]}}, {"type": "Feature", "id": 5114098521, "properties": {"addr:street": "Calle 48", "amenity": "restaurant", "name": "Cocina Local", "name:en": "local cuisine", "name:fr": "cuisine locale"}, "geometry": {"type": "Point", "coordinates": [-75.5332305, 10.4330371]}}, {"type": "Feature", "id": 5120999458, "properties": {"amenity": "restaurant", "description": "Mexican restaurant", "name": "María bonita taqueria cantina"}, "geometry": {"type": "Point", "coordinates": [-75.5451965, 10.420702]}}, {"type": "Feature", "id": 5136293222, "properties": {"amenity": "restaurant", "check_date": "2023-06-19", "name": "Gelataria Paradiso", "name:en": "Rosa Mezcal"}, "geometry": {"type": "Point", "coordinates": [-75.5505995, 10.4252167]}}, {"type": "Feature", "id": 5200038321, "properties": {"amenity": "restaurant", "name": "Dragón de la Marina"}, "geometry": {"type": "Point", "coordinates": [-75.5495812, 10.4247571]}}, {"type": "Feature", "id": 5223422433, "properties": {"addr:street": "Variante de Cartagena", "amenity": "restaurant", "name": "Las olas"}, "geometry": {"type": "Point", "coordinates": [-75.4873043, 10.3439254]}}, {"type": "Feature", "id": 5223516524, "properties": {"amenity": "restaurant", "name": "Rancho mamonal"}, "geometry": {"type": "Point", "coordinates": [-75.4860041, 10.344399]}}, {"type": "Feature", "id": 5226397223, "properties": {"amenity": "restaurant", "name": "Acción de Gracias", "opening_hours": "Su-Th 07:00-22:30, Fr-Sa 07:00-24:00, PH 07:00-22:30"}, "geometry": {"type": "Point", "coordinates": [-75.5468712, 10.4218793]}}, {"type": "Feature", "id": 5235059872, "properties": {"amenity": "restaurant"}, "geometry": {"type": "Point", "coordinates": [-75.5439025, 10.3441917]}}, {"type": "Feature", "id": 5235061025, "properties": {"amenity": "restaurant"}, "geometry": {"type": "Point", "coordinates": [-75.5438831, 10.3443278]}}, {"type": "Feature", "id": 5239911170, "properties": {"addr:city": "Cartagena", "addr:housenumber": "7-23", "addr:postcode": "130001", "addr:street": "Carrera 2", "air_conditioning": "yes", "amenity": "restaurant", "bar": "yes", "brand": "Pizzeria Aguanile", "brand:wikidata": "Q4854122", "contact:mobile": "+57 310 611 2066", "cuisine": "pizza;italian;burger;ice_cream;seafood", "delivery": "yes", "diet:meat": "yes", "diet:vegetarian": "yes", "image": "https://pizzeriaaguanile.com/wp-content/uploads/2019/05/cropped-cropped-cropped-pizzeria-logo-retina-396-dark-bg-167x99.png", "name": "Pizzeria Aguanile", "opening_hours": "Mo-Th 08:00-23:00; Fr-Sa 08:00-23:30; Su 08:00-23:00", "outdoor_seating": "yes", "payment:american_express": "yes", "payment:cash": "yes", "payment:credit_cards": "yes", "payment:debit_cards": "yes", "payment:mastercard": "yes", "payment:visa": "yes", "phone": "+57 5 656 1139", "reservation": "yes", "start_date": "2011", "takeaway": "yes", "toilets": "yes", "website": "https://pizzeriaaguanile.com", "website:menu": "https://pizzeriaaguanile.com/carta"}, "geometry": {"type": "Point", "coordinates": [-75.5559968, 10.4025177]}}, {"type": "Feature", "id": 5251531121, "properties": {"addr:street": "Avenida Miramar", "amenity": "restaurant", "cuisine": "italian_pizza;italian", "internet_access": "wlan", "name": "Verona pizzería bar", "opening_hours": "Mo-Su 12:00-23:00"}, "geometry": {"type": "Point", "coordinates": [-75.5409999, 10.4120654]}}, {"type": "Feature", "id": 5278533221, "properties": {"amenity": "restaurant", "cuisine": "local", "name": "El Coroncoro"}, "geometry": {"type": "Point", "coordinates": [-75.5477646, 10.4204013]}}, {"type": "Feature", "id": 5317341121, "properties": {"amenity": "restaurant", "name": "Juan del Mar", "website": "https://juandelmar.com/"}, "geometry": {"type": "Point", "coordinates": [-75.5476992, 10.4279363]}}, {"type": "Feature", "id": 5324156928, "properties": {"amenity": "restaurant", "name": "Pizza Domicilio"}, "geometry": {"type": "Point", "coordinates": [-75.5484431, 10.426712]}}, {"type": "Feature", "id": 5336148501, "properties": {"amenity": "restaurant", "name": "San Valentín", "opening_hours": "Su-Th 11:00-16:00, 18:00-22:00; Fr, Sa 11:00-16:00, 18:00-24:00"}, "geometry": {"type": "Point", "coordinates": [-75.5493541, 10.4243833]}}, {"type": "Feature", "id": 5397052324, "properties": {"amenity": "restaurant", "name": "El Arsenal: The Rum Box", "opening_hours": "Mo-Su 12:00-02:00"}, "geometry": {"type": "Point", "coordinates": [-75.5486122, 10.4202316]}}, {"type": "Feature", "id": 5397068022, "properties": {"amenity": "restaurant", "name": "923 Tapas & Vinos"}, "geometry": {"type": "Point", "coordinates": [-75.5457276, 10.422966]}}, {"type": "Feature", "id": 5397068322, "properties": {"addr:city": "Cartagena", "addr:housenumber": "calle 6", "addr:postcode": "130001", "addr:street": "Avenida Carrera 2", "amenity": "restaurant", "delivery": "yes", "description": "Cocina Colombiana", "name": "Guatila Restaurante", "opening_hours": "Mo-Su 12:00-22:00", "outdoor_seating": "yes", "takeaway": "yes"}, "geometry": {"type": "Point", "coordinates": [-75.5578054, 10.4005952]}}, {"type": "Feature", "id": 5400209470, "properties": {"addr:housenumber": "927", "addr:street": "Calle de la Magdalena", "amenity": "restaurant", "name": "923 Tapas y Vino Clandestino"}, "geometry": {"type": "Point", "coordinates": [-75.5460608, 10.4229494]}}, {"type": "Feature", "id": 5402238949, "properties": {"addr:city": "Cartagena de Indias", "addr:housenumber": "9-06", "addr:street": "Calle de la Sierpe", "amenity": "restaurant", "name": "RM Restaurant Sports Bar", "opening_hours": "12:00-24:00", "phone": "+57 5 6600056", "website": "www.rmcartagena.com"}, "geometry": {"type": "Point", "coordinates": [-75.5464687, 10.4211377]}}, {"type": "Feature", "id": 5402430634, "properties": {"addr:city": "Cartagena de Indias", "addr:housenumber": "10-76", "addr:street": "Calle de la Media Luna", "amenity": "restaurant", "contact:facebook": "sambalbistro", "contact:instagram": "sambal_bistro", "cuisine": "regional", "email": "contacto@sambalbistro.com", "internet_access": "wlan", "name": "Sambal Bistro Caribeño", "opening_hours": "Mo-Sa 12:00-22:00; Su 14:00-22:00", "phone": "+57 301 2877981", "self_service": "no", "website": "https://sambalbistro.com/"}, "geometry": {"type": "Point", "coordinates": [-75.5446865, 10.4223513]}}, {"type": "Feature", "id": 5410710421, "properties": {"amenity": "restaurant", "name": "Chachara"}, "geometry": {"type": "Point", "coordinates": [-75.5460215, 10.4208917]}}, {"type": "Feature", "id": 5455159021, "properties": {"addr:street": "Calle de las Carretas", "amenity": "restaurant", "cuisine": "local", "name": "Torre Fuerte"}, "geometry": {"type": "Point", "coordinates": [-75.549183, 10.4240262]}}, {"type": "Feature", "id": 5459394521, "properties": {"amenity": "restaurant", "name": "Restaurante 1533"}, "geometry": {"type": "Point", "coordinates": [-75.5500831, 10.4251379]}}, {"type": "Feature", "id": 5465459021, "properties": {"amenity": "restaurant", "cuisine": "burger", "internet_access": "wlan", "name": "Tecado"}, "geometry": {"type": "Point", "coordinates": [-75.5492852, 10.4251668]}}, {"type": "Feature", "id": 5485489722, "properties": {"amenity": "restaurant", "name": "D’Alex Restaurante", "name:en": "De Alex Restaurante", "name:nl": "De Alex Restaurante"}, "geometry": {"type": "Point", "coordinates": [-75.5484677, 10.4262694]}}, {"type": "Feature", "id": 5487035421, "properties": {"amenity": "restaurant", "name:en": "Novo Kebab Grill"}, "geometry": {"type": "Point", "coordinates": [-75.5462743, 10.4278766]}}, {"type": "Feature", "id": 5495123321, "properties": {"amenity": "restaurant", "diet:vegan": "yes", "name": "Samudra Govindas"}, "geometry": {"type": "Point", "coordinates": [-75.5465948, 10.4268643]}}, {"type": "Feature", "id": 5540629727, "properties": {"amenity": "restaurant", "name": "Moon Blue Restaurante"}, "geometry": {"type": "Point", "coordinates": [-75.5356851, 10.4279439]}}, {"type": "Feature", "id": 5701063309, "properties": {"addr:housenumber": "20-26", "addr:street": "Calle Avenida 26", "amenity": "restaurant", "cuisine": "pizza", "name": "Napoli (La Plazzita)", "phone": "+573166780387"}, "geometry": {"type": "Point", "coordinates": [-75.5382401, 10.4144287]}}, {"type": "Feature", "id": 5706238021, "properties": {"amenity": "restaurant", "internet_access": "wlan", "name": "El Buffet de la Plaza"}, "geometry": {"type": "Point", "coordinates": [-75.5453622, 10.4208483]}}, {"type": "Feature", "id": 5790115363, "properties": {"addr:street": "Calle del Espíritu Santo", "amenity": "restaurant", "name": "Saint Roque"}, "geometry": {"type": "Point", "coordinates": [-75.5445109, 10.4222592]}}, {"type": "Feature", "id": 5794579154, "properties": {"amenity": "restaurant", "name": "Don Chicarrón"}, "geometry": {"type": "Point", "coordinates": [-75.5338792, 10.4098148]}}, {"type": "Feature", "id": 5794579173, "properties": {"amenity": "restaurant", "name": "Talaé"}, "geometry": {"type": "Point", "coordinates": [-75.5346993, 10.4093618]}}, {"type": "Feature", "id": 5794579184, "properties": {"amenity": "restaurant", "name": "Veinticuatro"}, "geometry": {"type": "Point", "coordinates": [-75.5349433, 10.4090762]}}, {"type": "Feature", "id": 5794579197, "properties": {"amenity": "restaurant", "cuisine": "burger", "name": "Smoked", "takeaway": "yes"}, "geometry": {"type": "Point", "coordinates": [-75.538314, 10.4098118]}}, {"type": "Feature", "id": 5807965290, "properties": {"addr:street": "Calle Avenida 26", "amenity": "restaurant", "cuisine": "sushi", "name": "Soyat"}, "geometry": {"type": "Point", "coordinates": [-75.5386039, 10.4151424]}}, {"type": "Feature", "id": 5807965306, "properties": {"addr:street": "Calle Avenida 26", "amenity": "restaurant", "cuisine": "pizza", "name": "Ana"}, "geometry": {"type": "Point", "coordinates": [-75.5382237, 10.4144868]}}, {"type": "Feature", "id": 5807965307, "properties": {"addr:street": "Calle Avenida 26", "amenity": "restaurant", "cuisine": "italian", "delivery": "yes", "name": "La Valentina"}, "geometry": {"type": "Point", "coordinates": [-75.5381633, 10.4144136]}}, {"type": "Feature", "id": 5809111549, "properties": {"amenity": "restaurant", "cuisine": "seafood", "name": "Erika", "outdoor_seating": "yes", "shop": "seafood"}, "geometry": {"type": "Point", "coordinates": [-75.5387809, 10.4157283]}}, {"type": "Feature", "id": 5809114067, "properties": {"addr:street": "Calle Avenida 26", "amenity": "restaurant", "cuisine": "chinese", "delivery": "yes", "name": "Emperador King", "takeaway": "yes"}, "geometry": {"type": "Point", "coordinates": [-75.538559, 10.4154477]}}, {"type": "Feature", "id": 5809114080, "properties": {"addr:street": "Calle Avenida 26", "amenity": "restaurant", "name": "Pionio"}, "geometry": {"type": "Point", "coordinates": [-75.5386488, 10.4152149]}}, {"type": "Feature", "id": 5809571608, "properties": {"amenity": "restaurant", "cuisine": "international", "name": "Abel"}, "geometry": {"type": "Point", "coordinates": [-75.540287, 10.4162174]}}, {"type": "Feature", "id": 5813408194, "properties": {"amenity": "restaurant", "cuisine": "seafood", "name": "Restaurante La Mulata", "website": "https://www.restaurantelamulata.com/"}, "geometry": {"type": "Point", "coordinates": [-75.5454013, 10.4276994]}}, {"type": "Feature", "id": 5844154886, "properties": {"amenity": "restaurant", "cuisine": "international;local", "name": "Gaucha bistro"}, "geometry": {"type": "Point", "coordinates": [-75.5445821, 10.4221206]}}, {"type": "Feature", "id": 6015331392, "properties": {"amenity": "restaurant", "name:zh": "便宜pizza"}, "geometry": {"type": "Point", "coordinates": [-75.5472924, 10.4256684]}}, {"type": "Feature", "id": 6043074685, "properties": {"addr:street": "Centro de Convencionea, Cartagena", "amenity": "restaurant", "name": "Marea (by Rauch)", "name:en": "Marea (by Rausch)", "name:es": "Marea (by Rausch)", "name:nl": "Marea (by Rausch)"}, "geometry": {"type": "Point", "coordinates": [-75.5491703, 10.4211567]}}, {"type": "Feature", "id": 6068692489, "properties": {"addr:housenumber": "9-58", "addr:street": "Calle del Quero", "amenity": "restaurant", "name": "La Mulata", "shop": "travel_agency"}, "geometry": {"type": "Point", "coordinates": [-75.5467121, 10.4263361]}}, {"type": "Feature", "id": 6068709185, "properties": {"addr:street": "Calle 38", "amenity": "restaurant", "name": "Donde Magola"}, "geometry": {"type": "Point", "coordinates": [-75.5453935, 10.4269956]}}, {"type": "Feature", "id": 6068712888, "properties": {"amenity": "restaurant", "contact:instagram": "labriochecolombia", "cuisine": "breakfast;coffee_shop", "email": "administracion@labrioche.com.co", "internet_access": "wlan", "name": "La Brioche Bocagrande", "opening_hours": "Mo-Su 07:00-18:00", "website": "https://www.labrioche.com.co/"}, "geometry": {"type": "Point", "coordinates": [-75.5523965, 10.4061876]}}, {"type": "Feature", "id": 6068815485, "properties": {"amenity": "restaurant", "name": "Coroncoro"}, "geometry": {"type": "Point", "coordinates": [-75.5455178, 10.4233663]}}, {"type": "Feature", "id": 6120225685, "properties": {"amenity": "restaurant", "internet_access": "wlan", "name": "El Buffet De La Plaza"}, "geometry": {"type": "Point", "coordinates": [-75.5452952, 10.4209046]}}, {"type": "Feature", "id": 6133665985, "properties": {"amenity": "restaurant", "name": "Restaurante Vive", "name:en": "Restaurant Vive", "name:fr": "Restaurant Vive"}, "geometry": {"type": "Point", "coordinates": [-75.5455446, 10.4235098]}}, {"type": "Feature", "id": 6143228187, "properties": {"amenity": "restaurant", "name": "Vive Restaurante Bar Colombiano"}, "geometry": {"type": "Point", "coordinates": [-75.5455763, 10.4235539]}}, {"type": "Feature", "id": 6172159788, "properties": {"amenity": "restaurant", "cuisine": "arab", "name": "Arabe Real"}, "geometry": {"type": "Point", "coordinates": [-75.5413959, 10.4152341]}}, {"type": "Feature", "id": 6187677685, "properties": {"amenity": "restaurant", "name": "Menú Bar", "phone": "+57 5 6437932"}, "geometry": {"type": "Point", "coordinates": [-75.5291762, 10.4159683]}}, {"type": "Feature", "id": 6187677690, "properties": {"amenity": "restaurant", "name": "Rivera", "phone": "+57 3104067686"}, "geometry": {"type": "Point", "coordinates": [-75.5286588, 10.4157356]}}, {"type": "Feature", "id": 6188944833, "properties": {"amenity": "restaurant", "name": "La Vieja Guardia", "outdoor_seating": "yes", "smoking": "outside", "toilets": "yes", "wheelchair": "no"}, "geometry": {"type": "Point", "coordinates": [-75.5458292, 10.4270331]}}, {"type": "Feature", "id": 6189698488, "properties": {"addr:housenumber": "22 -", "addr:street": "Calle 29 D", "amenity": "restaurant", "internet_access": "wlan", "name": "Kary Sen", "opening_hours": "Mo-Su 06:45-19:00", "phone": "+57 5 6692148"}, "geometry": {"type": "Point", "coordinates": [-75.5285963, 10.415719]}}, {"type": "Feature", "id": 6219552185, "properties": {"addr:housenumber": "32-25", "addr:street": "Centro Carrera 7", "amenity": "restaurant", "cuisine": "peruvian", "name": "Tucandela", "name:en": "Cebiches & Seviches"}, "geometry": {"type": "Point", "coordinates": [-75.5496016, 10.422783]}}, {"type": "Feature", "id": 6219558385, "properties": {"amenity": "restaurant", "cuisine": "seafood", "name:en": "La Laguna Azul", "opening_hours": "Th-Fr 09:30-21:30; Mo, We, Sa 09:30-20:00"}, "geometry": {"type": "Point", "coordinates": [-75.5474947, 10.4202943]}}, {"type": "Feature", "id": 6260101600, "properties": {"addr:street": "Calle Larga", "amenity": "restaurant", "cuisine": "local", "internet_access": "wlan", "name": "Restaurante El Mejor Sitio", "opening_hours": "Su-Th 07:00-20:50; Fr-Sa 07:00-22:50"}, "geometry": {"type": "Point", "coordinates": [-75.5468807, 10.4194788]}}, {"type": "Feature", "id": 6270340486, "properties": {"amenity": "restaurant", "cuisine": "pizza", "name": "Oro Pan"}, "geometry": {"type": "Point", "coordinates": [-75.4772777, 10.4039936]}}, {"type": "Feature", "id": 6270668386, "properties": {"amenity": "restaurant", "name": "Mona", "name:en": "Monaquilla", "name:es": "Monaquilla"}, "geometry": {"type": "Point", "coordinates": [-75.5454589, 10.4216889]}}, {"type": "Feature", "id": 6270668485, "properties": {"amenity": "restaurant", "name": "Vacom", "name:es": "Vacamoc"}, "geometry": {"type": "Point", "coordinates": [-75.5453076, 10.4211303]}}, {"type": "Feature", "id": 6270668486, "properties": {"amenity": "restaurant", "name": "Pavia"}, "geometry": {"type": "Point", "coordinates": [-75.5454095, 10.4213054]}}, {"type": "Feature", "id": 6281899486, "properties": {"amenity": "restaurant", "cuisine": "mediterranean", "name": "La taperia", "opening_hours": "Su-Tu 14:30-23:00; We-Sa 12:30-23:00"}, "geometry": {"type": "Point", "coordinates": [-75.5530615, 10.4225653]}}, {"type": "Feature", "id": 6281912485, "properties": {"amenity": "restaurant", "name": "Sebiches & seviches", "opening_hours": "Fr-Sa 12:00-22:00"}, "geometry": {"type": "Point", "coordinates": [-75.5495963, 10.4228053]}}, {"type": "Feature", "id": 6281912685, "properties": {"amenity": "restaurant", "name": "Novo kebab"}, "geometry": {"type": "Point", "coordinates": [-75.5462999, 10.4277967]}}, {"type": "Feature", "id": 6281912686, "properties": {"amenity": "restaurant", "cuisine": "sushi", "name": "Rollis"}, "geometry": {"type": "Point", "coordinates": [-75.5455157, 10.422987]}}, {"type": "Feature", "id": 6281932485, "properties": {"amenity": "restaurant", "cuisine": "pizza", "name": "Primo Amore"}, "geometry": {"type": "Point", "coordinates": [-75.5574832, 10.3997198]}}, {"type": "Feature", "id": 6283248285, "properties": {"amenity": "restaurant", "name": "Ceviche e ceviche"}, "geometry": {"type": "Point", "coordinates": [-75.5496046, 10.4227564]}}, {"type": "Feature", "id": 6299719092, "properties": {"addr:housenumber": "256", "addr:street": "Callejón de los Estribos", "amenity": "restaurant", "email": "cartagenapepeanca@hotmail.com", "name": "Pepe Anca", "phone": "+57 (5) 660-4334", "website": "https://www.pepeanca.com/"}, "geometry": {"type": "Point", "coordinates": [-75.5529795, 10.4240223]}}, {"type": "Feature", "id": 6334412085, "properties": {"amenity": "restaurant", "name": "Sancho", "name:en": "Sancocho Restaurant", "name:es": "Sancocho"}, "geometry": {"type": "Point", "coordinates": [-75.5254097, 10.4388016]}}, {"type": "Feature", "id": 6392202614, "properties": {"amenity": "restaurant", "name": "Tipico Rapido Comida"}, "geometry": {"type": "Point", "coordinates": [-75.5394668, 10.4256219]}}, {"type": "Feature", "id": 6392210292, "properties": {"amenity": "restaurant"}, "geometry": {"type": "Point", "coordinates": [-75.5396377, 10.4254694]}}, {"type": "Feature", "id": 6400891403, "properties": {"amenity": "restaurant", "cuisine": "italian;arabic;regional;seafood", "name": "De Oliva", "opening_hours": "14:00-23:00"}, "geometry": {"type": "Point", "coordinates": [-75.5424284, 10.4150944]}}, {"type": "Feature", "id": 6489162189, "properties": {"amenity": "restaurant"}, "geometry": {"type": "Point", "coordinates": [-75.5398356, 10.4241778]}}, {"type": "Feature", "id": 6600722314, "properties": {"amenity": "restaurant", "name": "Pizzeria Amadía", "phone": "+57 5 6665026", "website": "https://www.instagram.com/amadiapizzeria"}, "geometry": {"type": "Point", "coordinates": [-75.5358339, 10.4273516]}}, {"type": "Feature", "id": 6600728862, "properties": {"amenity": "restaurant", "name": "El Buen Gusto", "opening_hours": "Mo-Su 08:00-15:00"}, "geometry": {"type": "Point", "coordinates": [-75.5361347, 10.4273742]}}, {"type": "Feature", "id": 6831800215, "properties": {"addr:city": "cartagena", "addr:housenumber": "carrera 14", "addr:postcode": "130001", "addr:street": "avenida pedro de heredia", "air_conditioning": "yes", "amenity": "restaurant", "bar": "yes", "cuisine": "regional", "internet_access": "yes", "name": "Palenqueras", "opening_hours": "Mo-Su 09:00-21:00", "phone": "+576056792007", "takeaway": "yes", "website": "https://www.palenquerasrestaurante.com/", "wheelchair": "yes"}, "geometry": {"type": "Point", "coordinates": [-75.5411396, 10.4246661]}}, {"type": "Feature", "id": 6839067585, "properties": {"addr:housenumber": "9-67", "addr:street": "Calle de la Magdalena", "amenity": "restaurant", "cuisine": "italian", "internet_access": "wlan", "name": "Casa della Pasta", "phone": "+57 3186899611"}, "geometry": {"type": "Point", "coordinates": [-75.5458216, 10.4230077]}}, {"type": "Feature", "id": 6965217885, "properties": {"amenity": "restaurant", "name": "Montesacro resto bar"}, "geometry": {"type": "Point", "coordinates": [-75.5509166, 10.4229854]}}, {"type": "Feature", "id": 7074068385, "properties": {"amenity": "restaurant", "check_date": "2025-10-23", "cuisine": "seafood", "name": "Buena Vida"}, "geometry": {"type": "Point", "coordinates": [-75.5496562, 10.4251628]}}, {"type": "Feature", "id": 7089697685, "properties": {"amenity": "restaurant", "name": "Lasagneria"}, "geometry": {"type": "Point", "coordinates": [-75.5456743, 10.4194718]}}, {"type": "Feature", "id": 7112591686, "properties": {"addr:housenumber": "3-63", "addr:street": "Calle 70", "amenity": "restaurant", "internet_access": "wlan", "name": "Feisole Pizzeria", "opening_hours": "Mo-Su 15:00-21:45"}, "geometry": {"type": "Point", "coordinates": [-75.5176375, 10.4451955]}}, {"type": "Feature", "id": 7126734985, "properties": {"addr:housenumber": "36-14", "addr:street": "Calle Segunda de Badillo", "amenity": "restaurant", "cuisine": "mexican", "name": "Lentina"}, "geometry": {"type": "Point", "coordinates": [-75.5485847, 10.4254891]}}, {"type": "Feature", "id": 7141639385, "properties": {"amenity": "restaurant", "name": "Mar de las Antillas"}, "geometry": {"type": "Point", "coordinates": [-75.5481644, 10.4206867]}}, {"type": "Feature", "id": 7141996285, "properties": {"amenity": "restaurant", "name": "La Sanducheria"}, "geometry": {"type": "Point", "coordinates": [-75.5457523, 10.4230289]}}, {"type": "Feature", "id": 7143707885, "properties": {"amenity": "restaurant", "name": "Pacha"}, "geometry": {"type": "Point", "coordinates": [-75.5497008, 10.4232633]}}, {"type": "Feature", "id": 7150033886, "properties": {"amenity": "restaurant", "name": "Atahualpa"}, "geometry": {"type": "Point", "coordinates": [-75.5485023, 10.4262065]}}, {"type": "Feature", "id": 7152741485, "properties": {"amenity": "restaurant", "name": "Getsemani's Garden"}, "geometry": {"type": "Point", "coordinates": [-75.5455274, 10.4225004]}}, {"type": "Feature", "id": 7152871685, "properties": {"amenity": "restaurant", "name": "Las Vainas de Mi Pueblo"}, "geometry": {"type": "Point", "coordinates": [-75.5456916, 10.4236912]}}, {"type": "Feature", "id": 7155007586, "properties": {"amenity": "restaurant", "name": "Doña Tere Restaurante Bar"}, "geometry": {"type": "Point", "coordinates": [-75.5459958, 10.4229693]}}, {"type": "Feature", "id": 7157844185, "properties": {"amenity": "restaurant", "name": "Bonita Punto"}, "geometry": {"type": "Point", "coordinates": [-75.5586515, 10.3988107]}}, {"type": "Feature", "id": 7157844186, "properties": {"amenity": "restaurant", "name": "Rappi Town"}, "geometry": {"type": "Point", "coordinates": [-75.5463201, 10.4233808]}}, {"type": "Feature", "id": 7159526885, "properties": {"amenity": "restaurant", "name": "La Casa de Socorro"}, "geometry": {"type": "Point", "coordinates": [-75.547679, 10.4201695]}}, {"type": "Feature", "id": 7198407185, "properties": {"addr:housenumber": "6-40", "addr:street": "Calle 6", "amenity": "restaurant", "cuisine": "steak_house", "internet_access": "wlan", "name": "Lena y carbon", "opening_hours": "Mo-Su 12:00-23:00", "self_service": "no"}, "geometry": {"type": "Point", "coordinates": [-75.5574062, 10.4007639]}}, {"type": "Feature", "id": 7215392485, "properties": {"addr:housenumber": "37", "addr:street": "Calle San Pedro Mártir", "amenity": "restaurant", "cuisine": "tea;japanese;asian;sushi;local", "internet_access": "wlan", "name": "Cucayo fusion", "opening_hours": "Mo-Su 11:00-23:00"}, "geometry": {"type": "Point", "coordinates": [-75.5457167, 10.4266384]}}, {"type": "Feature", "id": 7248054985, "properties": {"amenity": "restaurant", "name": "Inka"}, "geometry": {"type": "Point", "coordinates": [-75.5497797, 10.4231166]}}, {"type": "Feature", "id": 7248411085, "properties": {"amenity": "restaurant", "name": "Tacna"}, "geometry": {"type": "Point", "coordinates": [-75.5562834, 10.4008645]}}, {"type": "Feature", "id": 7295135385, "properties": {"amenity": "restaurant", "name:en": "Mangata", "name:ru": "Мангата"}, "geometry": {"type": "Point", "coordinates": [-75.5547365, 10.4033796]}}, {"type": "Feature", "id": 8272131376, "properties": {"addr:city": "Cartagena de Indias", "addr:housenumber": "Urb San Antonio", "addr:street": "Calle 31A", "amenity": "restaurant", "contact:email": "sra.arepa2017@gmail.com", "contact:facebook": "https://www.facebook.com/sra.arepa2017", "contact:instagram": "https://instagram.com/sraarepa", "contact:mobile": "+57 300 705 9550", "contact:twitter": "https://twitter.com/sraarepa2017", "contact:website": "https://sraarepa.com.co/", "cuisine": "pizza;sandwich", "drink:juice": "yes", "name": "Sra. Arepa", "opening_hours": "PH,We 16:00-21:00; Th-Su 16:00-21:30"}, "geometry": {"type": "Point", "coordinates": [-75.490604, 10.3960279]}}, {"type": "Feature", "id": 8322032817, "properties": {"amenity": "restaurant", "name": "restaurante donde Javier"}, "geometry": {"type": "Point", "coordinates": [-75.5015919, 10.4647012]}}, {"type": "Feature", "id": 8382150517, "properties": {"amenity": "restaurant", "name:fr": "Italien"}, "geometry": {"type": "Point", "coordinates": [-75.5456828, 10.4230467]}}, {"type": "Feature", "id": 8382591919, "properties": {"amenity": "restaurant", "name": "Cabildo"}, "geometry": {"type": "Point", "coordinates": [-75.5455972, 10.422976]}}, {"type": "Feature", "id": 8388655317, "properties": {"amenity": "restaurant", "name": "Marzola Parilla"}, "geometry": {"type": "Point", "coordinates": [-75.5483646, 10.4281304]}}, {"type": "Feature", "id": 8443561420, "properties": {"amenity": "restaurant", "name:en": "Epoca Brunch"}, "geometry": {"type": "Point", "coordinates": [-75.5533828, 10.4237322]}}, {"type": "Feature", "id": 8443561421, "properties": {"amenity": "restaurant", "name:en": "Colombitalia Arepas"}, "geometry": {"type": "Point", "coordinates": [-75.5454634, 10.4224142]}}, {"type": "Feature", "id": 8443561518, "properties": {"amenity": "restaurant", "name:en": "Mardeleva Colombian food"}, "geometry": {"type": "Point", "coordinates": [-75.5473038, 10.4265616]}}, {"type": "Feature", "id": 8443561618, "properties": {"amenity": "restaurant", "name": "Cuzco Cocina Peruana"}, "geometry": {"type": "Point", "coordinates": [-75.552137, 10.4236608]}}, {"type": "Feature", "id": 8443561721, "properties": {"amenity": "restaurant", "name": "Tahini", "name:en": "Tahini Qebab"}, "geometry": {"type": "Point", "coordinates": [-75.5479653, 10.4270393]}}, {"type": "Feature", "id": 8443561818, "properties": {"amenity": "restaurant", "name:en": "Zaitun Cartagena (Arabic Food)"}, "geometry": {"type": "Point", "coordinates": [-75.5507886, 10.4242051]}}, {"type": "Feature", "id": 8443561918, "properties": {"amenity": "restaurant", "name:en": "Maria"}, "geometry": {"type": "Point", "coordinates": [-75.549628, 10.423907]}}, {"type": "Feature", "id": 8443561921, "properties": {"amenity": "restaurant", "name:en": "Rey Moro ( nice walk way)"}, "geometry": {"type": "Point", "coordinates": [-75.5452912, 10.4200401]}}, {"type": "Feature", "id": 8467964717, "properties": {"amenity": "restaurant", "contact:facebook": "https://www.facebook.com/Sannicolasctg/", "contact:instagram": "https://www.instagram.com/sannicolasctg/", "cuisine": "chicken;diner;seafood;steak_house", "email": "contacto@sannicolasrestaurantebar.com", "name": "San Nicolas", "phone": "+57 310 622 1662", "website": "https://www.sannicolasrestaurantebar.com"}, "geometry": {"type": "Point", "coordinates": [-75.5473301, 10.4199741]}}, {"type": "Feature", "id": 8474196217, "properties": {"amenity": "restaurant", "name": "Bambuco", "name:en": "Bambuco", "name:es": "Bambuco"}, "geometry": {"type": "Point", "coordinates": [-75.54859, 10.4254469]}}, {"type": "Feature", "id": 8688576417, "properties": {"amenity": "restaurant", "name:fr": "Casa Lola"}, "geometry": {"type": "Point", "coordinates": [-75.5453693, 10.4218543]}}, {"type": "Feature", "id": 8864610117, "properties": {"addr:housenumber": "29C-67", "addr:street": "Carrera 20", "amenity": "restaurant", "cuisine": "burger;pizza", "name": "Atrium"}, "geometry": {"type": "Point", "coordinates": [-75.5335392, 10.4193188]}}, {"type": "Feature", "id": 8978671980, "properties": {"addr:city": "Cartagena", "addr:postcode": "130001", "amenity": "restaurant", "cuisine": "regional", "name": "Azuquita, tienda , terraza y restaurante", "opening_hours": "Mo-Sa 08:00-20:00", "start_date": "2020/01/08"}, "geometry": {"type": "Point", "coordinates": [-75.4740738, 10.3815555]}}, {"type": "Feature", "id": 9032744517, "properties": {"addr:housenumber": "25-185", "addr:street": "Calle de San Antonio", "amenity": "restaurant", "name": "El Bololo"}, "geometry": {"type": "Point", "coordinates": [-75.545569, 10.4206746]}}, {"type": "Feature", "id": 9099288758, "properties": {"amenity": "restaurant", "name": "Restaurante El Santíssimo"}, "geometry": {"type": "Point", "coordinates": [-75.5474974, 10.4290602]}}, {"type": "Feature", "id": 9159612217, "properties": {"amenity": "restaurant", "name": "Celele"}, "geometry": {"type": "Point", "coordinates": [-75.5445549, 10.4223768]}}, {"type": "Feature", "id": 9244313417, "properties": {"amenity": "restaurant", "name": "Restaurante Espírito Santo", "opening_hours": "Mo-Su 11:40-15:40"}, "geometry": {"type": "Point", "coordinates": [-75.5495441, 10.4249958]}}, {"type": "Feature", "id": 9278064018, "properties": {"amenity": "restaurant", "name": "Restaurante Isabelita"}, "geometry": {"type": "Point", "coordinates": [-75.4501513, 10.3864728]}}, {"type": "Feature", "id": 9357121098, "properties": {"addr:city": "Cartagena", "alt_name": "Crepes & Waffles", "amenity": "restaurant", "brand": "Crepes & Waffles", "brand:wikidata": "Q5184238", "brand:wikipedia": "es:Crepes & Waffles", "cuisine": "crepe;ice_cream", "name": "Crepes & Waffles", "source": "bing"}, "geometry": {"type": "Point", "coordinates": [-75.5537823, 10.4051924]}}, {"type": "Feature", "id": 9653059217, "properties": {"amenity": "restaurant", "name": "Mulato’s Gastrobar"}, "geometry": {"type": "Point", "coordinates": [-75.5456539, 10.4229775]}}, {"type": "Feature", "id": 9878205217, "properties": {"amenity": "restaurant", "name": "Henrys Rooftop San Filipe"}, "geometry": {"type": "Point", "coordinates": [-75.5394248, 10.4203895]}}, {"type": "Feature", "id": 9977376517, "properties": {"addr:housenumber": "25-2", "addr:street": "Carrera 10c", "amenity": "restaurant", "name": "El Beso", "opening_hours": "We-Mo 14:30-23:00"}, "geometry": {"type": "Point", "coordinates": [-75.545118, 10.4187591]}}, {"type": "Feature", "id": 10019714923, "properties": {"addr:street": "Calle del Colegio", "amenity": "restaurant", "name": "Ana Caribe + Asia", "phone": "+57 311 391 8067", "website": "https://ana.cluvi.co/ana/menu-digital/home"}, "geometry": {"type": "Point", "coordinates": [-75.5496277, 10.4240033]}}, {"type": "Feature", "id": 10019717317, "properties": {"amenity": "restaurant", "cuisine": "peruvian;regional;sushi", "name:en": "Perú Fusión Sushi", "opening_hours": "Mo-Fr 12:30-15:30, 19:00-23:00; Sa-Su 12:30-23:00", "phone": "+57 3016307686", "website": "http://perufusionrestaurant.com"}, "geometry": {"type": "Point", "coordinates": [-75.5509242, 10.4241853]}}, {"type": "Feature", "id": 10243586665, "properties": {"amenity": "restaurant"}, "geometry": {"type": "Point", "coordinates": [-75.5434594, 10.3447851]}}, {"type": "Feature", "id": 10550789673, "properties": {"amenity": "restaurant", "cuisine": "hot_dog", "name": "Dogger"}, "geometry": {"type": "Point", "coordinates": [-75.516559, 10.4468848]}}, {"type": "Feature", "id": 10567672609, "properties": {"amenity": "restaurant", "check_date": "2025-10-18", "name": "Andrés Carne de Res"}, "geometry": {"type": "Point", "coordinates": [-75.5454994, 10.4286634]}}, {"type": "Feature", "id": 10567800309, "properties": {"amenity": "restaurant", "name": "1595"}, "geometry": {"type": "Point", "coordinates": [-75.5475079, 10.4255309]}}, {"type": "Feature", "id": 10567816809, "properties": {"amenity": "restaurant", "name": "Mar y Zielo"}, "geometry": {"type": "Point", "coordinates": [-75.5505067, 10.4240726]}}, {"type": "Feature", "id": 10569203509, "properties": {"amenity": "restaurant", "cuisine": "seafood", "name": "Juank Show"}, "geometry": {"type": "Point", "coordinates": [-75.5083003, 10.3915741]}}, {"type": "Feature", "id": 10579161642, "properties": {"amenity": "restaurant", "name": "Archies - Las Ramblas"}, "geometry": {"type": "Point", "coordinates": [-75.4697543, 10.5158463]}}, {"type": "Feature", "id": 10656274105, "properties": {"addr:housenumber": "6-12", "addr:street": "Calle del Sargento Mayor", "amenity": "restaurant", "cuisine": "caribbean", "name": "Bar Restaurante Estrella", "survey:date": "2024-08-09"}, "geometry": {"type": "Point", "coordinates": [-75.5494369, 10.4266351]}}, {"type": "Feature", "id": 10660061005, "properties": {"addr:housenumber": "38-99", "addr:street": "Calle del Curato de Santo Toribio", "amenity": "restaurant", "name": "Uma Cantina Peruana", "website": "https://www.umacantinaperuanactg.com/"}, "geometry": {"type": "Point", "coordinates": [-75.5484016, 10.4279583]}}, {"type": "Feature", "id": 10698365205, "properties": {"amenity": "restaurant", "cuisine": "sushi", "name": "Mistura - Cocina Fusión"}, "geometry": {"type": "Point", "coordinates": [-75.5484655, 10.42657]}}, {"type": "Feature", "id": 10698385305, "properties": {"amenity": "restaurant", "name": "Cancha"}, "geometry": {"type": "Point", "coordinates": [-75.5485002, 10.4257762]}}, {"type": "Feature", "id": 10699580275, "properties": {"amenity": "restaurant", "cuisine": "cartagenera", "name": "Candé"}, "geometry": {"type": "Point", "coordinates": [-75.546101, 10.4279474]}}, {"type": "Feature", "id": 10740266256, "properties": {"addr:housenumber": "3-63", "addr:street": "Calle 35", "amenity": "restaurant", "name": "Porton de San Sebastian", "phone": "+5756601672"}, "geometry": {"type": "Point", "coordinates": [-75.5515496, 10.4242055]}}, {"type": "Feature", "id": 10786565205, "properties": {"amenity": "restaurant", "cuisine": "asian", "name": "El Dragón del Mar"}, "geometry": {"type": "Point", "coordinates": [-75.5495972, 10.4247121]}}, {"type": "Feature", "id": 10840113784, "properties": {"amenity": "restaurant", "check_date": "2025-10-22", "name": "Restaurante La Mulata"}, "geometry": {"type": "Point", "coordinates": [-75.5466861, 10.426348]}}, {"type": "Feature", "id": 10840113785, "properties": {"amenity": "restaurant", "name": "Restaurante Candé"}, "geometry": {"type": "Point", "coordinates": [-75.5461445, 10.427952]}}, {"type": "Feature", "id": 10892509205, "properties": {"amenity": "restaurant", "cuisine": "brazilian;sandwich", "diet:vegan": "yes", "diet:vegetarian": "yes", "name": "Beiyú"}, "geometry": {"type": "Point", "coordinates": [-75.5444077, 10.4219825]}}, {"type": "Feature", "id": 10895374105, "properties": {"addr:street": "Plaza de Santo Domingo", "amenity": "restaurant", "name": "Casa Cruxada", "website": "https://casacruxada.com/"}, "geometry": {"type": "Point", "coordinates": [-75.5518392, 10.4240602]}}, {"type": "Feature", "id": 10920708705, "properties": {"amenity": "restaurant", "cuisine": "burger;grill;hot_dog;pizza", "name:en": "La Mejor Esquina de Manga"}, "geometry": {"type": "Point", "coordinates": [-75.5338245, 10.4134217]}}, {"type": "Feature", "id": 10920710705, "properties": {"amenity": "restaurant", "cuisine": "burger;grill;hotdog", "name": "Brasa Loca"}, "geometry": {"type": "Point", "coordinates": [-75.5355961, 10.4124218]}}, {"type": "Feature", "id": 10985340573, "properties": {"addr:housenumber": "25-185", "amenity": "restaurant", "name": "El Bololó"}, "geometry": {"type": "Point", "coordinates": [-75.5456295, 10.4204608]}}, {"type": "Feature", "id": 11011432605, "properties": {"addr:housenumber": "8-08", "addr:street": "Calle del Santiísimo", "amenity": "restaurant", "check_date": "2025-10-20", "cuisine": "french", "name": "Montmartre", "opening_hours": "Tu-Sa 12:00-15:00, 19:00-22:30; Su 19:00-22:30", "phone": "+57 312 444 2910"}, "geometry": {"type": "Point", "coordinates": [-75.5479706, 10.4267744]}}, {"type": "Feature", "id": 11068039505, "properties": {"amenity": "restaurant", "name": "San Diego"}, "geometry": {"type": "Point", "coordinates": [-75.5473995, 10.4282386]}}, {"type": "Feature", "id": 11244337138, "properties": {"amenity": "restaurant", "name:en": "La Picua"}, "geometry": {"type": "Point", "coordinates": [-75.5499684, 10.4265965]}}, {"type": "Feature", "id": 11263733739, "properties": {"amenity": "restaurant", "name": "Di Silvio Trattoria"}, "geometry": {"type": "Point", "coordinates": [-75.5459664, 10.4207519]}}, {"type": "Feature", "id": 11263734037, "properties": {"amenity": "restaurant", "indoor_seating": "yes", "name:en": "La Guarida", "outdoor_seating": "yes"}, "geometry": {"type": "Point", "coordinates": [-75.5445849, 10.4193866]}}, {"type": "Feature", "id": 11263734038, "properties": {"amenity": "restaurant", "name:en": "Casa Del Tunel"}, "geometry": {"type": "Point", "coordinates": [-75.5456165, 10.4194844]}}, {"type": "Feature", "id": 11273520487, "properties": {"amenity": "restaurant"}, "geometry": {"type": "Point", "coordinates": [-75.4082331, 10.4912906]}}, {"type": "Feature", "id": 11291979682, "properties": {"amenity": "restaurant", "name": "Restaurante Donde Alcy"}, "geometry": {"type": "Point", "coordinates": [-75.5478729, 10.4267791]}}, {"type": "Feature", "id": 11291984118, "properties": {"amenity": "restaurant", "cuisine": "italian", "name": "Verona"}, "geometry": {"type": "Point", "coordinates": [-75.5484704, 10.4264771]}}, {"type": "Feature", "id": 11406467663, "properties": {"addr:city": "Cartagena", "amenity": "restaurant", "cuisine": "seafood;caribbean", "name": "Sierpe"}, "geometry": {"type": "Point", "coordinates": [-75.5465707, 10.4212929]}}, {"type": "Feature", "id": 11407910546, "properties": {"addr:city": "Cartagena", "air_conditioning": "no", "amenity": "restaurant", "cuisine": "regional", "highchair": "no", "internet_access": "wlan", "internet_access:fee": "customers", "name": "Tenderete", "wheelchair": "no"}, "geometry": {"type": "Point", "coordinates": [-75.5453169, 10.420464]}}, {"type": "Feature", "id": 11603400869, "properties": {"amenity": "restaurant", "name": "Reina arepa"}, "geometry": {"type": "Point", "coordinates": [-75.538677, 10.4156546]}}, {"type": "Feature", "id": 12201561041, "properties": {"addr:city": "Cartagena de Indias", "addr:street": "Carrera 1", "amenity": "restaurant", "name": "Morena Cartagena", "opening_hours": "Mo-Th 11:30-24:00; Fr-Su 11:30-00:30", "phone": "+573202203803", "website": "https://morenarestaurante.com/"}, "geometry": {"type": "Point", "coordinates": [-75.5540384, 10.4059067]}}, {"type": "Feature", "id": 12230201101, "properties": {"addr:housenumber": "7-61 Local 2", "addr:street": "Carrera 2", "amenity": "restaurant", "cuisine": "barbecue", "internet_access": "wlan", "name": "Paisa Parrilla", "opening_hours": "Mo-Su 07:00-00:00", "website:menu": "https://cluvi.me/4nIG8l"}, "geometry": {"type": "Point", "coordinates": [-75.555805, 10.4027523]}}, {"type": "Feature", "id": 12233660401, "properties": {"addr:housenumber": "Calle6", "addr:street": "Carrera 2", "amenity": "restaurant", "cuisine": "italian_pizza", "internet_access": "wlan", "name": "La Fontana", "opening_hours": "Mo-Su 11:00-22:00", "phone": "+57 317 5135470", "self_service": "no", "website": "https://restaurantelafontana.com/", "website:menu": "https://cluvi.me/g1Qogc"}, "geometry": {"type": "Point", "coordinates": [-75.5579633, 10.4005849]}}, {"type": "Feature", "id": 12365397304, "properties": {"amenity": "restaurant", "name": "King Food"}, "geometry": {"type": "Point", "coordinates": [-75.5348937, 10.412822]}}, {"type": "Feature", "id": 12365585001, "properties": {"amenity": "restaurant", "cuisine": "seafood", "name": "Rosa La Primorosa"}, "geometry": {"type": "Point", "coordinates": [-75.5257824, 10.4127949]}}, {"type": "Feature", "id": 12471818901, "properties": {"addr:housenumber": "5-19", "addr:street": "Calle del Estanco del Tabaco", "amenity": "restaurant", "contact:instagram": "porthospub", "cuisine": "burger;grill;regional;steak_house", "email": "porthospubsw@gmail.com", "name": "Porthos Steakhouse & Pub", "phone": "+57 605 3966030", "website": "https://www.porthos.com.co", "website:menu": "https://www.porthos.com.co/menu"}, "geometry": {"type": "Point", "coordinates": [-75.5504047, 10.4243876]}}, {"type": "Feature", "id": 12564260901, "properties": {"amenity": "restaurant", "name": "Pizzeria y Hamburgesas"}, "geometry": {"type": "Point", "coordinates": [-75.4627102, 10.4039613]}}, {"type": "Feature", "id": 12602357767, "properties": {"amenity": "restaurant", "cuisine": "pizza", "name": "Pizzería Le Sorelle"}, "geometry": {"type": "Point", "coordinates": [-75.5543012, 10.4032406]}}, {"type": "Feature", "id": 12650268350, "properties": {"amenity": "restaurant"}, "geometry": {"type": "Point", "coordinates": [-75.4618774, 10.4042304]}}, {"type": "Feature", "id": 12813162183, "properties": {"amenity": "restaurant", "name": "Pollo Asado, Arroz chino"}, "geometry": {"type": "Point", "coordinates": [-75.4618743, 10.4036746]}}, {"type": "Feature", "id": 12813162184, "properties": {"amenity": "restaurant", "name": "Pollo Asado"}, "geometry": {"type": "Point", "coordinates": [-75.4619752, 10.4036557]}}, {"type": "Feature", "id": 12854121680, "properties": {"amenity": "restaurant", "cuisine": "regional", "name": "Mejor almuerzos como en la casa", "name:en": "Best lunch in house", "name:ru": "Лучшие домашний обед"}, "geometry": {"type": "Point", "coordinates": [-75.4623241, 10.4048132]}}, {"type": "Feature", "id": 12879765501, "properties": {"amenity": "restaurant", "cuisine": "asian;caribbean", "name": "Pezetarian"}, "geometry": {"type": "Point", "coordinates": [-75.5487604, 10.4251925]}}, {"type": "Feature", "id": 12969461378, "properties": {"addr:city": "Cartagena de Indias", "addr:housenumber": "6-87", "addr:street": "Calle del Sargento Mayor", "air_conditioning": "yes", "amenity": "restaurant", "bar": "yes", "contact:facebook": "RestauranteElGobernador", "cuisine": "colombiana;internacional;salad;burger", "description": "Restaurante El Gobernador ofrece cocina de autor combinando producto local con toques internacionales.", "diet:local": "yes", "diet:meat": "yes", "diet:seafood": "yes", "email": "reservas.bastion@ghlhoteles.com", "name": "Restaurante El Gobernador", "opening_hours": "Mo-Su 12:00-23:00", "payment:cash": "yes", "payment:credit_cards": "yes", "payment:debit_cards": "yes", "payment:mastercard": "yes", "payment:visa": "yes", "phone": "+57 6056424100", "reservation": "yes", "short_name": "El Gobernador", "toilets": "yes", "website": "https://restauranteelgobernador.com", "website:menu": "https://restauranteelgobernador.com/wp-content/uploads/sites/9/2020/01/Carta_Gobernador_Espan%CC%83ol_Pagina_Web.pdf", "wheelchair": "yes"}, "geometry": {"type": "Point", "coordinates": [-75.5488011, 10.4268447]}}, {"type": "Feature", "id": 13071098223, "properties": {"addr:city": "Cartagena de Indias", "addr:housenumber": "Cra. 11 # 39-21", "amenity": "restaurant", "bar": "yes", "cuisine": "french;salad;caribbean;fish", "description": "Restaurante de ambiente casual. Cocina de sabores tradicionales franceses ingredientes e inspiración local.", "email": "reservas.bastion@ghlhoteles.com", "name": "Bastión Bistró", "opening_hours": "Mo-Su 12:00-22:00", "phone": "+315 741 7642", "website": "https://www.bastionluxuryhotel.com/restaurantes", "wheelchair": "yes"}, "geometry": {"type": "Point", "coordinates": [-75.5458646, 10.4283488]}}, {"type": "Feature", "id": 13242202269, "properties": {"amenity": "restaurant", "cuisine": "sushi", "name": "TAE"}, "geometry": {"type": "Point", "coordinates": [-75.5474353, 10.4278715]}}, {"type": "Feature", "id": 13250490875, "properties": {"alt_name": "Crepes & Waffles", "amenity": "restaurant", "brand": "Crepes & Waffles", "brand:wikidata": "Q5184238", "cuisine": "crepe;ice_cream", "name": "Crepes & Waffles"}, "geometry": {"type": "Point", "coordinates": [-75.5476414, 10.4282827]}}, {"type": "Feature", "id": 13382334634, "properties": {"amenity": "restaurant", "check_date": "2025-12-11", "name": "Tropicana Gastrobar"}, "geometry": {"type": "Point", "coordinates": [-75.562787, 10.3971715]}}, {"type": "Feature", "id": 13525325802, "properties": {"amenity": "restaurant", "name": "Benitto Italy"}, "geometry": {"type": "Point", "coordinates": [-75.5522067, 10.4237577]}}, {"type": "Feature", "id": 13702806335, "properties": {"amenity": "restaurant", "indoor": "room", "level": "2", "name": "El Rincón Paisa Gastro Bar"}, "geometry": {"type": "Point", "coordinates": [-75.4820162, 10.3923469]}}, {"type": "Feature", "id": 13704338444, "properties": {"amenity": "restaurant", "name": "Restaurante Don Platico", "phone": "+573178451450"}, "geometry": {"type": "Point", "coordinates": [-75.5356315, 10.4360507]}}, {"type": "Feature", "id": 13704340574, "properties": {"amenity": "restaurant", "name": "Restaurante Don Platico"}, "geometry": {"type": "Point", "coordinates": [-75.5356297, 10.4360686]}}, {"type": "Feature", "id": 13722468959, "properties": {"amenity": "restaurant", "cuisine": "chinese", "indoor": "room", "level": "1", "name": "Nuevo Ley Wah"}, "geometry": {"type": "Point", "coordinates": [-75.4803059, 10.3904376]}}, {"type": "Feature", "id": 13753417785, "properties": {"amenity": "restaurant", "level": "1", "name": "Aquí Se Come Frito"}, "geometry": {"type": "Point", "coordinates": [-75.4833294, 10.3905003]}}, {"type": "Feature", "id": 13761413341, "properties": {"air_conditioning": "yes", "amenity": "restaurant", "cuisine": "beef;chicken;fish", "indoor_seating": "yes", "name": "El Sazón Caribe", "outdoor_seating": "parklet", "wheelchair": "yes"}, "geometry": {"type": "Point", "coordinates": [-75.5579867, 10.3993438]}}, {"type": "Feature", "id": 13765507261, "properties": {"air_conditioning": "yes", "amenity": "restaurant", "cuisine": "italian;pizza;pasta", "indoor_seating": "yes", "name": "Restaurante Pizzería Amaretto", "opening_hours": "Mo-Su,PH 10:00-23:30", "outdoor_seating": "no", "payment:credit_cards": "yes", "payment:debit_cards": "yes"}, "geometry": {"type": "Point", "coordinates": [-75.5490229, 10.4242576]}}, {"type": "Feature", "id": 13767469399, "properties": {"amenity": "restaurant", "cuisine": "latin_american", "name": "Montechelo"}, "geometry": {"type": "Point", "coordinates": [-75.5590451, 10.3981219]}}, {"type": "Feature", "id": 13829893969, "properties": {"amenity": "restaurant", "cuisine": "chinese", "name": "Restaurante Chinatown A.L."}, "geometry": {"type": "Point", "coordinates": [-75.4851073, 10.3926533]}}, {"type": "Feature", "id": 13851183732, "properties": {"amenity": "restaurant", "name": "Restaurante y Terraza Donde Mi Tía"}, "geometry": {"type": "Point", "coordinates": [-75.4863084, 10.3921278]}}, {"type": "Feature", "id": 13851183735, "properties": {"amenity": "restaurant", "cuisine": "barbecue", "name": "La Gran Parrillada de la Balsa"}, "geometry": {"type": "Point", "coordinates": [-75.486528, 10.3921385]}}, {"type": "Feature", "id": 13851183750, "properties": {"amenity": "restaurant", "name": "Arrozito Paisa"}, "geometry": {"type": "Point", "coordinates": [-75.4859221, 10.3922945]}}, {"type": "Feature", "id": 13879813142, "properties": {"amenity": "restaurant", "cuisine": "chinese", "name": "Restaurante Win Wah"}, "geometry": {"type": "Point", "coordinates": [-75.4892159, 10.3943822]}}, {"type": "Feature", "id": 13879813147, "properties": {"amenity": "restaurant", "cuisine": "italian", "level": "1", "name": "Restaurante Pizzería Il Capriccio"}, "geometry": {"type": "Point", "coordinates": [-75.4899439, 10.3942772]}}, {"type": "Feature", "id": 13891974486, "properties": {"amenity": "restaurant", "level": "1", "name": "Restaurante y Verdura Los Ángeles"}, "geometry": {"type": "Point", "coordinates": [-75.4910008, 10.3943838]}}, {"type": "Feature", "id": 13924587619, "properties": {"amenity": "restaurant", "name": "Restaurante & Casa de Eventos Le Gourmet"}, "geometry": {"type": "Point", "coordinates": [-75.4904998, 10.3949131]}}, {"type": "Feature", "id": 13924587621, "properties": {"amenity": "restaurant", "name": "Arroz La Paisita"}, "geometry": {"type": "Point", "coordinates": [-75.4902574, 10.3947945]}}, {"type": "Feature", "id": 13946799411, "properties": {"amenity": "restaurant", "cuisine": "chinese", "level": "1", "name": "Restaurante Chop Suey Canton"}, "geometry": {"type": "Point", "coordinates": [-75.4918252, 10.3960583]}}, {"type": "Feature", "id": 13948664804, "properties": {"amenity": "restaurant", "cuisine": "chinese", "name": "Restaurante En Pin"}, "geometry": {"type": "Point", "coordinates": [-75.4928496, 10.3954922]}}, {"type": "Feature", "id": 13953289996, "properties": {"air_conditioning": "yes", "amenity": "restaurant", "cuisine": "latin_american", "indoor_seating": "yes", "name": "Vino cucina", "outdoor_seating": "no", "smoking": "no", "wheelchair": "no"}, "geometry": {"type": "Point", "coordinates": [-75.5632065, 10.3965213]}}, {"type": "Feature", "id": 13954444281, "properties": {"air_conditioning": "yes", "amenity": "restaurant", "cuisine": "italian;seafood;latin_american", "indoor_seating": "yes", "name": "Sabores Del Mar", "outdoor_seating": "no", "payment:credit_cards": "yes", "payment:debit_cards": "yes", "smoking": "no"}, "geometry": {"type": "Point", "coordinates": [-75.5631141, 10.3968734]}}, {"type": "Feature", "id": 13956107479, "properties": {"addr:city": "Cartagena", "addr:housenumber": "3-63", "addr:street": "Calle 70", "air_conditioning": "yes", "amenity": "restaurant", "cuisine": "pizza;pasta;waffle", "description": "Barrio Crespo", "diet:gluten_free": "yes", "diet:vegan": "no", "diet:vegetarian": "yes", "indoor_seating": "yes", "name": "PomaRosa", "outdoor_seating": "veranda", "phone": "+57 314 6343249", "smoking": "no", "wheelchair": "no"}, "geometry": {"type": "Point", "coordinates": [-75.5175775, 10.4450874]}}, {"type": "Feature", "id": 13961325191, "properties": {"amenity": "restaurant", "cuisine": "tex-mex", "level": "1", "name": "Bull House"}, "geometry": {"type": "Point", "coordinates": [-75.4872759, 10.395753]}}, {"type": "Feature", "id": 13964014738, "properties": {"amenity": "restaurant", "cuisine": "chinese", "level": "1", "name": "Restaurante Super Shangai"}, "geometry": {"type": "Point", "coordinates": [-75.4865646, 10.3950542]}}, {"type": "Feature", "id": 14016801259, "properties": {"amenity": "restaurant", "level": "1", "name": "Restaurante Bar Gloria del Sabor"}, "geometry": {"type": "Point", "coordinates": [-75.4901496, 10.3952463]}}, {"type": "Feature", "id": 14084418587, "properties": {"amenity": "restaurant", "name": "El Glotón"}, "geometry": {"type": "Point", "coordinates": [-75.4808739, 10.3968015]}}, {"type": "Feature", "id": 67057203, "properties": {"amenity": "restaurant", "building": "yes", "building:levels": "2", "cuisine": "tailandés - sushi - fusion", "name": "San Pedro", "opening_hours": "Mo-Fr 08:30-20:00", "outdoor_seating": "yes", "source": "bing"}, "geometry": {"type": "Polygon", "coordinates": [[[-75.5504378, 10.4217536], [-75.5504469, 10.4218443], [-75.5505128, 10.4218395], [-75.5505133, 10.4218524], [-75.5506767, 10.4218532], [-75.5507331, 10.4218516], [-75.5507398, 10.421853], [-75.550738, 10.4217451], [-75.5504378, 10.4217536]]]}}, {"type": "Feature", "id": 75262613, "properties": {"amenity": "restaurant", "building": "yes", "cuisine": "internacional", "name": "La Vitrola", "opening_hours": "Mo-Fr 08:30-20:00"}, "geometry": {"type": "Polygon", "coordinates": [[[-75.5531555, 10.4234408], [-75.5531332, 10.4235524], [-75.553241, 10.4235993], [-75.5532822, 10.423604], [-75.5532704, 10.423542], [-75.5533416, 10.4235614], [-75.5533329, 10.4234998], [-75.5531555, 10.4234408]]]}}, {"type": "Feature", "id": 75836101, "properties": {"amenity": "restaurant", "cuisine": "seafood", "name": "Nautilus 574", "opening_hours": "Mo-Sa 08:30-20:00", "outdoor_seating": "yes"}, "geometry": {"type": "LineString", "coordinates": [[-75.5452196, 10.4266949], [-75.5453093, 10.4266846], [-75.5453044, 10.4265693], [-75.545217, 10.4265691], [-75.5452196, 10.4266949]]}}, {"type": "Feature", "id": 81609418, "properties": {"amenity": "restaurant", "building": "house", "name": "La Cartonera de La Sierpe", "source": "bing"}, "geometry": {"type": "Polygon", "coordinates": [[[-75.5466042, 10.4210555], [-75.5465449, 10.4212002], [-75.5464773, 10.421172], [-75.5465394, 10.4210195], [-75.5466042, 10.4210555]]]}}, {"type": "Feature", "id": 95165442, "properties": {"addr:city": "cartagena de Indias", "amenity": "restaurant", "building": "yes", "cuisine": "international", "name": "Club de pesca"}, "geometry": {"type": "Polygon", "coordinates": [[[-75.5444496, 10.414288], [-75.5443821, 10.4143202], [-75.5443086, 10.4143566], [-75.5442212, 10.4144322], [-75.5441507, 10.4143535], [-75.5442231, 10.4142869], [-75.5441968, 10.4142277], [-75.5442476, 10.414224], [-75.5442237, 10.4141616], [-75.5443629, 10.4140995], [-75.5444496, 10.414288]]]}}, {"type": "Feature", "id": 104224720, "properties": {"amenity": "restaurant", "building": "yes", "source": "bing"}, "geometry": {"type": "Polygon", "coordinates": [[[-75.5082924, 10.4585186], [-75.508259, 10.4585744], [-75.5081733, 10.4585248], [-75.5082067, 10.458469], [-75.5082924, 10.4585186]]]}}, {"type": "Feature", "id": 104224722, "properties": {"amenity": "restaurant", "building": "yes", "source": "bing"}, "geometry": {"type": "Polygon", "coordinates": [[[-75.5084028, 10.4585674], [-75.5081955, 10.4584474], [-75.5082937, 10.4582834], [-75.508501, 10.4584034], [-75.5084028, 10.4585674]]]}}, {"type": "Feature", "id": 104224729, "properties": {"amenity": "restaurant", "building": "yes", "source": "bing"}, "geometry": {"type": "Polygon", "coordinates": [[[-75.508592, 10.4582333], [-75.5084745, 10.4583849], [-75.5083692, 10.458306], [-75.5084867, 10.4581544], [-75.508592, 10.4582333]]]}}, {"type": "Feature", "id": 104224731, "properties": {"amenity": "restaurant", "building": "yes", "source": "bing"}, "geometry": {"type": "Polygon", "coordinates": [[[-75.508162, 10.4587563], [-75.5077139, 10.4586438], [-75.5077721, 10.458521], [-75.5082321, 10.4586149], [-75.508162, 10.4587563]]]}}, {"type": "Feature", "id": 137485867, "properties": {"amenity": "restaurant", "building": "house", "building:levels": "2", "cuisine": "chinese", "name": "Restaurante La Muralla China", "phone": "+57 316 556 7850", "source": "bing"}, "geometry": {"type": "Polygon", "coordinates": [[[-75.4726148, 10.3863291], [-75.4725293, 10.3862795], [-75.472615, 10.3861377], [-75.4727002, 10.3861865], [-75.4726148, 10.3863291]]]}}, {"type": "Feature", "id": 168978989, "properties": {"amenity": "restaurant", "building": "yes", "name": "Antiguo Restaurante Don Concho", "source": "bing"}, "geometry": {"type": "Polygon", "coordinates": [[[-75.4914903, 10.4824958], [-75.4915664, 10.4823621], [-75.4917841, 10.4824819], [-75.4917079, 10.4826156], [-75.4915062, 10.4825046], [-75.4914903, 10.4824958]]]}}, {"type": "Feature", "id": 188701981, "properties": {"amenity": "restaurant", "building": "yes", "name": "La Mantilla", "source": "bing"}, "geometry": {"type": "Polygon", "coordinates": [[[-75.5517432, 10.4249356], [-75.551719, 10.4247655], [-75.5516655, 10.4247684], [-75.5516646, 10.4247369], [-75.551684, 10.4247025], [-75.5517735, 10.4247001], [-75.5517918, 10.4246996], [-75.5517929, 10.4247236], [-75.5517954, 10.4247761], [-75.5517924, 10.424927], [-75.5517432, 10.4249356]]]}}, {"type": "Feature", "id": 188752604, "properties": {"amenity": "restaurant", "brand": "Hard Rock Cafe", "brand:wikidata": "Q918151", "brand:wikipedia": "en:Hard Rock Cafe", "building": "yes", "building:levels": "2", "cuisine": "american", "name": "Hard Rock Cafe", "source": "bing"}, "geometry": {"type": "Polygon", "coordinates": [[[-75.5496378, 10.4226126], [-75.5496364, 10.422592], [-75.5496861, 10.4225474], [-75.5498926, 10.4225006], [-75.5499302, 10.4224943], [-75.5499494, 10.4225222], [-75.549965, 10.4226479], [-75.5498698, 10.4226526], [-75.5498713, 10.4226332], [-75.5497388, 10.4226479], [-75.5497421, 10.4226311], [-75.5496378, 10.4226126]]]}}, {"type": "Feature", "id": 189115070, "properties": {"amenity": "restaurant", "building": "yes", "name": "Moshico", "source": "bing"}, "geometry": {"type": "Polygon", "coordinates": [[[-75.547698, 10.4268509], [-75.5476843, 10.4271316], [-75.5476815, 10.4271885], [-75.5477994, 10.4271916], [-75.5478112, 10.4270954], [-75.5478191, 10.4270318], [-75.5478429, 10.4268375], [-75.547698, 10.4268509]]]}}, {"type": "Feature", "id": 494520472, "properties": {"amenity": "restaurant", "building": "yes", "delivery": "yes", "name": "La Tinaja", "source": "DigitalGlobe Standar", "takeaway": "yes"}, "geometry": {"type": "Polygon", "coordinates": [[[-75.5459116, 10.4250144], [-75.545734, 10.425077], [-75.5457053, 10.4249984], [-75.5458375, 10.4249518], [-75.5458161, 10.4248931], [-75.5458615, 10.424877], [-75.5459116, 10.4250144]]]}}, {"type": "Feature", "id": 494724523, "properties": {"amenity": "restaurant", "building": "yes"}, "geometry": {"type": "Polygon", "coordinates": [[[-75.507648, 10.4582299], [-75.5080499, 10.4579758], [-75.507731, 10.4577907], [-75.5075268, 10.458142], [-75.507648, 10.4582299]]]}}, {"type": "Feature", "id": 494724534, "properties": {"amenity": "restaurant", "building": "yes"}, "geometry": {"type": "Polygon", "coordinates": [[[-75.5058229, 10.4561655], [-75.5058369, 10.4560934], [-75.505774, 10.4560845], [-75.5057613, 10.4561482], [-75.5058229, 10.4561655]]]}}, {"type": "Feature", "id": 557857123, "properties": {"addr:street": "Avenida Crisanto Luque (Diagonal 22)", "amenity": "restaurant", "building": "yes", "name": "Donde Morales", "source": "Kaart Ground Survey 2018"}, "geometry": {"type": "Polygon", "coordinates": [[[-75.5180253, 10.3959891], [-75.517804, 10.3960076], [-75.517789, 10.3958335], [-75.5180103, 10.395815], [-75.5180253, 10.3959891]]]}}, {"type": "Feature", "id": 557857126, "properties": {"addr:street": "Corredor Vial de Cartagena", "amenity": "restaurant", "building": "yes", "name": "Restaurante Pekin", "source": "Kaart Ground Survey 2018"}, "geometry": {"type": "Polygon", "coordinates": [[[-75.5220285, 10.3990283], [-75.5218703, 10.399023], [-75.5218731, 10.3989415], [-75.5220313, 10.3989467], [-75.5220285, 10.3990283]]]}}, {"type": "Feature", "id": 559237863, "properties": {"addr:street": "Diagonal 21A", "amenity": "restaurant", "building": "yes", "name": "Manzanillo D.C.", "source": "Kaart Ground Survey 2018"}, "geometry": {"type": "Polygon", "coordinates": [[[-75.5208081, 10.3916684], [-75.5208986, 10.3916711], [-75.5208919, 10.3917753], [-75.5209127, 10.3917753], [-75.5209053, 10.3918485], [-75.5209348, 10.3918478], [-75.5209346, 10.3918826], [-75.5207958, 10.3918786], [-75.520798, 10.391826], [-75.5207766, 10.391826], [-75.5207793, 10.3917733], [-75.5208094, 10.3917759], [-75.5208081, 10.3916684]]]}}, {"type": "Feature", "id": 559293617, "properties": {"amenity": "restaurant", "building": "yes", "name": "Oasis", "source": "KaartGroundSurvery2018"}, "geometry": {"type": "Polygon", "coordinates": [[[-75.4641625, 10.3700178], [-75.4641049, 10.3700627], [-75.4640042, 10.3699375], [-75.4640619, 10.3698926], [-75.4641625, 10.3700178]]]}}, {"type": "Feature", "id": 559293621, "properties": {"amenity": "restaurant", "building": "yes", "name": "Tienda Las Adrianas", "source": "KaartGroundSurvery2018"}, "geometry": {"type": "Polygon", "coordinates": [[[-75.4636871, 10.3705917], [-75.4636187, 10.3706532], [-75.4635758, 10.370607], [-75.4636442, 10.3705455], [-75.4636871, 10.3705917]]]}}, {"type": "Feature", "id": 559333330, "properties": {"amenity": "restaurant", "building": "yes", "name": "El Equina del Sabor", "source": "KaartGroundSurvery2018"}, "geometry": {"type": "Polygon", "coordinates": [[[-75.4641317, 10.3800145], [-75.4640492, 10.3800732], [-75.4640043, 10.3800123], [-75.4640868, 10.3799536], [-75.4641317, 10.3800145]]]}}, {"type": "Feature", "id": 559333332, "properties": {"amenity": "restaurant", "building": "yes", "name": "Coiaidas China", "source": "KaartGroundSurvery2018"}, "geometry": {"type": "Polygon", "coordinates": [[[-75.4638581, 10.3796201], [-75.4638136, 10.3795646], [-75.4638485, 10.3795376], [-75.463893, 10.3795931], [-75.4638581, 10.3796201]]]}}, {"type": "Feature", "id": 559333342, "properties": {"amenity": "restaurant", "building": "yes", "name": "El Punto del Bazón", "source": "KaartGroundSurvery2018"}, "geometry": {"type": "Polygon", "coordinates": [[[-75.4643503, 10.3800502], [-75.4643168, 10.3800726], [-75.4642854, 10.3800272], [-75.4643189, 10.3800047], [-75.4643503, 10.3800502]]]}}, {"type": "Feature", "id": 559514125, "properties": {"addr:street": "Avenida Carrera 22", "amenity": "restaurant", "building": "yes", "name": "Nuevo Asia", "source": "Kaart Ground Survey 2018"}, "geometry": {"type": "Polygon", "coordinates": [[[-75.5211125, 10.4077954], [-75.5210166, 10.4079761], [-75.5209724, 10.4079926], [-75.5208749, 10.4078498], [-75.5210278, 10.4077416], [-75.5211125, 10.4077954]]]}}, {"type": "Feature", "id": 559964062, "properties": {"addr:street": "Calle 31D", "amenity": "restaurant", "building": "yes", "name": "Restaurante Dulce Hogar", "source": "KaartGroundSurvery2018"}, "geometry": {"type": "Polygon", "coordinates": [[[-75.4975862, 10.407739], [-75.4974597, 10.4077146], [-75.4974945, 10.4075406], [-75.497621, 10.4075651], [-75.4975862, 10.407739]]]}}, {"type": "Feature", "id": 560870965, "properties": {"addr:street": "Transversal 69A", "amenity": "restaurant", "building": "yes", "name": "Delicias Piquerico Ricuras A Tu Paladar", "source": "KaartGroundSurvery2018"}, "geometry": {"type": "Polygon", "coordinates": [[[-75.485698, 10.4027111], [-75.4855491, 10.4027138], [-75.4855463, 10.4025622], [-75.4856952, 10.4025596], [-75.485698, 10.4027111]]]}}, {"type": "Feature", "id": 560870969, "properties": {"addr:street": "Calle 31D", "amenity": "restaurant", "building": "yes", "shop": "yes", "source": "Kaart Ground Survey 2018"}, "geometry": {"type": "Polygon", "coordinates": [[[-75.4848987, 10.3996852], [-75.4847471, 10.3997459], [-75.4846841, 10.3995936], [-75.4848357, 10.399533], [-75.4848987, 10.3996852]]]}}, {"type": "Feature", "id": 560870970, "properties": {"addr:street": "Transversal 71B", "amenity": "restaurant", "building": "yes", "name": "Del Valle", "source": "Kaart Ground Survey 2018"}, "geometry": {"type": "Polygon", "coordinates": [[[-75.4836783, 10.3995229], [-75.4835388, 10.3995889], [-75.4834842, 10.3994771], [-75.4836236, 10.3994111], [-75.4836783, 10.3995229]]]}}, {"type": "Feature", "id": 560870972, "properties": {"addr:street": "Transversal 71B", "amenity": "restaurant", "building": "yes", "name": "Restaurante La Estacion", "source": "Kaart Ground Survey 2018"}, "geometry": {"type": "Polygon", "coordinates": [[[-75.4822728, 10.4002748], [-75.4821119, 10.4002801], [-75.4821065, 10.400121], [-75.4822674, 10.4001157], [-75.4822728, 10.4002748]]]}}, {"type": "Feature", "id": 586990021, "properties": {"amenity": "restaurant", "building": "yes", "cuisine": "regional;steak_house", "diet:local": "yes", "name": "La Nueva Vilareal"}, "geometry": {"type": "Polygon", "coordinates": [[[-75.43051, 10.3451708], [-75.4302992, 10.3451119], [-75.4302402, 10.3453162], [-75.4304509, 10.3453752], [-75.43051, 10.3451708]]]}}, {"type": "Feature", "id": 589259357, "properties": {"amenity": "restaurant", "building": "commercial", "name": "Chicharrones Turbaco"}, "geometry": {"type": "Polygon", "coordinates": [[[-75.4429919, 10.3555538], [-75.4429369, 10.3555802], [-75.4429109, 10.3555279], [-75.4429659, 10.3555015], [-75.4429919, 10.3555538]]]}}, {"type": "Feature", "id": 613884866, "properties": {"amenity": "restaurant", "building": "yes", "name": "Aguazul"}, "geometry": {"type": "Polygon", "coordinates": [[[-75.5373017, 10.4135763], [-75.5372723, 10.4135296], [-75.5372641, 10.4135165], [-75.5373897, 10.4134401], [-75.5374273, 10.4134998], [-75.5373017, 10.4135763]]]}}, {"type": "Feature", "id": 698697914, "properties": {"amenity": "restaurant", "layer": "-1", "level": "1", "name": "Toninos"}, "geometry": {"type": "LineString", "coordinates": [[-75.4879013, 10.3937432], [-75.4878101, 10.393706], [-75.4877541, 10.3936833], [-75.4878134, 10.3935425], [-75.4878258, 10.3935475], [-75.4879606, 10.3936025], [-75.4879298, 10.3936756], [-75.4879013, 10.3937432]]}}, {"type": "Feature", "id": 1175330706, "properties": {"amenity": "restaurant", "cuisine": "arab", "id": "871", "name": "Restaurante Árabe Internacional"}, "geometry": {"type": "LineString", "coordinates": [[-75.5539725, 10.4039003], [-75.5539242, 10.4039567], [-75.5537429, 10.4038002], [-75.5536796, 10.4037476], [-75.5536485, 10.4037218], [-75.5537431, 10.4036132], [-75.5537728, 10.4036379], [-75.5538362, 10.4036905], [-75.5539098, 10.4037517], [-75.5540202, 10.4038434], [-75.5539725, 10.4039003]]}}, {"type": "Feature", "id": 1175331186, "properties": {"amenity": "restaurant", "id": "879", "name": "El Gran Pan de Bono"}, "geometry": {"type": "LineString", "coordinates": [[-75.5541549, 10.404146], [-75.5539242, 10.4039567], [-75.5539725, 10.4039003], [-75.5542031, 10.4040896], [-75.5542687, 10.4041444], [-75.5542203, 10.4042005], [-75.5541549, 10.404146]]}}, {"type": "Feature", "id": 1204070148, "properties": {"amenity": "restaurant", "building": "house", "building:levels": "1", "cuisine": "chicken", "name": "Asadero Restaurante Super Brasa Roja"}, "geometry": {"type": "Polygon", "coordinates": [[[-75.4924048, 10.3873373], [-75.4924717, 10.3872749], [-75.4924207, 10.3872218], [-75.4923536, 10.3872843], [-75.4923847, 10.3873165], [-75.4924048, 10.3873373]]]}}, {"type": "Feature", "id": 1206729556, "properties": {"amenity": "restaurant", "building": "house", "building:levels": "1", "name": "Rica Brasa"}, "geometry": {"type": "Polygon", "coordinates": [[[-75.4882274, 10.3904555], [-75.4882539, 10.3903533], [-75.4880765, 10.3903085], [-75.4880681, 10.3903381], [-75.4880475, 10.3904111], [-75.4882274, 10.3904555]]]}}, {"type": "Feature", "id": 1206729578, "properties": {"amenity": "restaurant", "building": "house", "building:levels": "2", "name": "Restaurante • Bar • Disco Salsa y Sazón Wilken"}, "geometry": {"type": "Polygon", "coordinates": [[[-75.4875925, 10.3897661], [-75.4875766, 10.3898318], [-75.4876573, 10.3898513], [-75.4876743, 10.3897879], [-75.487704, 10.3897954], [-75.4877298, 10.3896988], [-75.4876162, 10.3896694], [-75.4875925, 10.3897661]]]}}, {"type": "Feature", "id": 1206729579, "properties": {"amenity": "restaurant", "amenity_1": "bar", "building": "house", "building:levels": "2", "cuisine": "steak_house", "name": "Perrito Loko Asadero Terraza Bar"}, "geometry": {"type": "Polygon", "coordinates": [[[-75.4875925, 10.3897661], [-75.4875245, 10.3897521], [-75.4875474, 10.3896516], [-75.4876162, 10.3896694], [-75.4875925, 10.3897661]]]}}, {"type": "Feature", "id": 1206749025, "properties": {"amenity": "restaurant", "building": "house", "building:levels": "1", "name": "La Catedral del Sancocho"}, "geometry": {"type": "Polygon", "coordinates": [[[-75.4879404, 10.3881516], [-75.4879677, 10.38805], [-75.4880734, 10.3880778], [-75.488046, 10.388179], [-75.4879404, 10.3881516]]]}}, {"type": "Feature", "id": 1207051716, "properties": {"amenity": "restaurant", "building": "house", "building:levels": "1", "name": "Gastrobar La 31"}, "geometry": {"type": "Polygon", "coordinates": [[[-75.4873447, 10.3877583], [-75.4871643, 10.3877066], [-75.4871924, 10.3876121], [-75.4872686, 10.387634], [-75.4873727, 10.387664], [-75.4873447, 10.3877583]]]}}, {"type": "Feature", "id": 1207220216, "properties": {"amenity": "restaurant", "building": "house", "building:levels": "2", "name": "Restaurante, Parrilla y Comidas Rápidas Son 3"}, "geometry": {"type": "Polygon", "coordinates": [[[-75.4889984, 10.3882327], [-75.489084, 10.3882578], [-75.4891031, 10.3881949], [-75.4890174, 10.3881698], [-75.4889984, 10.3882327]]]}}, {"type": "Feature", "id": 1207330361, "properties": {"amenity": "restaurant", "building": "yes", "building:levels": "2", "cuisine": "chinese", "name": "Restaurante Wahfung"}, "geometry": {"type": "Polygon", "coordinates": [[[-75.4880485, 10.3926888], [-75.4879712, 10.3926677], [-75.4880181, 10.3925017], [-75.4880955, 10.392523], [-75.4880485, 10.3926888]]]}}, {"type": "Feature", "id": 1207685865, "properties": {"amenity": "restaurant", "cuisine": "chinese", "level:ref": "1", "name": "Restaurante Habitar Feliz"}, "geometry": {"type": "LineString", "coordinates": [[-75.5028757, 10.4011628], [-75.5028295, 10.4011344], [-75.5028129, 10.4011602], [-75.502859, 10.401189], [-75.5028757, 10.4011628]]}}, {"type": "Feature", "id": 1207905905, "properties": {"amenity": "restaurant", "cuisine": "chinese", "level:ref": "01", "name": "Resturante Fenix de Oro", "phone": "+57 320 5079049"}, "geometry": {"type": "LineString", "coordinates": [[-75.4879454, 10.3908249], [-75.487879, 10.3906878], [-75.4878026, 10.3907236], [-75.4878136, 10.3907461], [-75.4878691, 10.3908607], [-75.4879454, 10.3908249]]}}, {"type": "Feature", "id": 1208415078, "properties": {"amenity": "restaurant", "cuisine": "chinese", "level": "1", "name": "Dragón Chino", "phone": "+57 318 5008441"}, "geometry": {"type": "LineString", "coordinates": [[-75.4996014, 10.3786917], [-75.4996572, 10.3785743], [-75.4996222, 10.3785579], [-75.4995656, 10.3786749], [-75.4996014, 10.3786917]]}}, {"type": "Feature", "id": 1209872889, "properties": {"amenity": "restaurant", "level": "1", "name": "Ibiza Grastrobar"}, "geometry": {"type": "LineString", "coordinates": [[-75.4871116, 10.3864202], [-75.4871394, 10.3863247], [-75.4872181, 10.3863473], [-75.4872524, 10.3863571], [-75.4872241, 10.3864525], [-75.4871116, 10.3864202]]}}, {"type": "Feature", "id": 1210184362, "properties": {"amenity": "restaurant", "level": "1", "name": "Restaurante Te Gustó"}, "geometry": {"type": "LineString", "coordinates": [[-75.485848, 10.3871057], [-75.4858523, 10.3870607], [-75.4857906, 10.3870495], [-75.4857885, 10.3870901], [-75.485848, 10.3871057]]}}, {"type": "Feature", "id": 1210184367, "properties": {"amenity": "restaurant", "level": "1", "name": "María Barilla"}, "geometry": {"type": "LineString", "coordinates": [[-75.4858594, 10.3869189], [-75.4858622, 10.3868814], [-75.4858095, 10.3868753], [-75.4857902, 10.3868737], [-75.4857895, 10.3869134], [-75.4858594, 10.3869189]]}}, {"type": "Feature", "id": 1210184371, "properties": {"amenity": "restaurant", "level": "1", "name": "Diego Express", "phone": "+57 310 3336173"}, "geometry": {"type": "LineString", "coordinates": [[-75.4858573, 10.3857493], [-75.4859577, 10.3857795], [-75.4859245, 10.3858864], [-75.4858695, 10.3858699], [-75.485824, 10.3858562], [-75.4858573, 10.3857493]]}}, {"type": "Feature", "id": 1210450532, "properties": {"amenity": "restaurant", "level": "1"}, "geometry": {"type": "LineString", "coordinates": [[-75.4970606, 10.3800287], [-75.497042, 10.3800673], [-75.4970331, 10.3800858], [-75.497008, 10.3800739], [-75.4969906, 10.3800657], [-75.4970022, 10.3800403], [-75.4969608, 10.3800214], [-75.4969766, 10.379989], [-75.4970606, 10.3800287]]}}, {"type": "Feature", "id": 1210646502, "properties": {"amenity": "restaurant", "level": "1", "name": "Restaurante - Asadero Delicias de María"}, "geometry": {"type": "LineString", "coordinates": [[-75.495826, 10.3818056], [-75.4957883, 10.3817885], [-75.4957634, 10.3817771], [-75.4958024, 10.3816946], [-75.4958648, 10.3817233], [-75.495826, 10.3818056]]}}, {"type": "Feature", "id": 1210900562, "properties": {"amenity": "restaurant", "level": "1", "name": "Restaurante Toscana del Mar"}, "geometry": {"type": "LineString", "coordinates": [[-75.486121, 10.3847668], [-75.4861455, 10.3846828], [-75.4860212, 10.3846476], [-75.4859915, 10.3846392], [-75.4859669, 10.3847232], [-75.486121, 10.3847668]]}}, {"type": "Feature", "id": 1210900617, "properties": {"amenity": "restaurant", "building": "house", "building:levels": "1", "name": "Resturante Kadabra"}, "geometry": {"type": "Polygon", "coordinates": [[[-75.4860911, 10.3842117], [-75.4860664, 10.3842903], [-75.4862245, 10.3843383], [-75.4862492, 10.3842598], [-75.4860911, 10.3842117]]]}}, {"type": "Feature", "id": 1211645224, "properties": {"amenity": "restaurant", "building": "house", "building:levels": "1", "name": "Restaurante Donde Ceny"}, "geometry": {"type": "Polygon", "coordinates": [[[-75.4875362, 10.3866242], [-75.4874904, 10.3866666], [-75.4874356, 10.3867447], [-75.4874925, 10.3867607], [-75.4875362, 10.3866242]]]}}, {"type": "Feature", "id": 1211896844, "properties": {"amenity": "restaurant", "cuisine": "pizza", "level": "1", "name": "La Estación del Sabor"}, "geometry": {"type": "LineString", "coordinates": [[-75.4921991, 10.3874629], [-75.492216, 10.3874472], [-75.492259, 10.3874917], [-75.4922421, 10.3875075], [-75.4921991, 10.3874629]]}}, {"type": "Feature", "id": 1212410237, "properties": {"amenity": "restaurant", "level": "1", "name": "Restaurante Kadabra"}, "geometry": {"type": "LineString", "coordinates": [[-75.4983592, 10.3806408], [-75.4983349, 10.3806903], [-75.4983849, 10.3807131], [-75.4984093, 10.3806637], [-75.4983592, 10.3806408]]}}, {"type": "Feature", "id": 1213104467, "properties": {"amenity": "restaurant", "level": "1", "name": "Restaurante Casero"}, "geometry": {"type": "LineString", "coordinates": [[-75.4992481, 10.3784771], [-75.4992231, 10.3784655], [-75.4992034, 10.3785066], [-75.4992283, 10.3785182], [-75.4992481, 10.3784771]]}}, {"type": "Feature", "id": 1213946709, "properties": {"amenity": "restaurant", "level": "1", "name": "Restaurante-Bar y Comidas Rápidas Full Bkno"}, "geometry": {"type": "LineString", "coordinates": [[-75.5005758, 10.3793816], [-75.5005157, 10.3793553], [-75.5005425, 10.3792978], [-75.5006023, 10.3793248], [-75.5005758, 10.3793816]]}}, {"type": "Feature", "id": 1213946725, "properties": {"amenity": "restaurant", "level": "1", "name": "Restaurante Festín Panameño"}, "geometry": {"type": "LineString", "coordinates": [[-75.5014784, 10.3797667], [-75.5013677, 10.3797183], [-75.5013717, 10.3797096], [-75.501391, 10.3796667], [-75.5015017, 10.3797151], [-75.5014784, 10.3797667]]}}, {"type": "Feature", "id": 1213946734, "properties": {"amenity": "restaurant", "level": "1", "name": "Terraza y Restaurante Bethel"}, "geometry": {"type": "LineString", "coordinates": [[-75.5013633, 10.3795028], [-75.5013922, 10.3794409], [-75.5013245, 10.3794103], [-75.5012956, 10.3794722], [-75.5013633, 10.3795028]]}}, {"type": "Feature", "id": 1213973544, "properties": {"amenity": "restaurant", "cuisine": "barbecue", "level": "1", "name": "Asadero Parrillita Campestre"}, "geometry": {"type": "LineString", "coordinates": [[-75.5012672, 10.3793839], [-75.5012186, 10.3793612], [-75.5011908, 10.3794187], [-75.5012394, 10.3794414], [-75.5012672, 10.3793839]]}}, {"type": "Feature", "id": 1214665162, "properties": {"amenity": "restaurant", "level": "1", "name": "La Sazón de la Tía Mary"}, "geometry": {"type": "LineString", "coordinates": [[-75.4986054, 10.3817745], [-75.4986559, 10.3817571], [-75.4986474, 10.3817319], [-75.4985967, 10.3817487], [-75.4986054, 10.3817745]]}}, {"type": "Feature", "id": 1215423837, "properties": {"amenity": "restaurant", "cuisine": "pizza", "level": "1", "name": "Comidas Rápidas Mundo Pizza"}, "geometry": {"type": "LineString", "coordinates": [[-75.4982552, 10.3815005], [-75.498228, 10.3815566], [-75.4982637, 10.3815734], [-75.4982908, 10.3815173], [-75.4982552, 10.3815005]]}}, {"type": "Feature", "id": 1215653014, "properties": {"amenity": "restaurant", "cuisine": "chinese", "indoor": "yes", "level": "1", "name": "Restaurante Nuevo Chung Fa", "outdoor": "yes"}, "geometry": {"type": "LineString", "coordinates": [[-75.4955361, 10.3812088], [-75.4955213, 10.3812406], [-75.4955018, 10.3812828], [-75.4954531, 10.3812609], [-75.4954727, 10.3812187], [-75.4954875, 10.3811869], [-75.4955361, 10.3812088]]}}, {"type": "Feature", "id": 1215653023, "properties": {"amenity": "restaurant", "indoor": "yes", "level": "1", "name": "Resturante Las Delicias del Campestre"}, "geometry": {"type": "LineString", "coordinates": [[-75.4957935, 10.3813677], [-75.4958199, 10.3813123], [-75.4958443, 10.3813235], [-75.4958178, 10.3813789], [-75.4957935, 10.3813677]]}}, {"type": "Feature", "id": 1217787908, "properties": {"amenity": "restaurant", "level": "1", "name": "Restaurante Mi Tierra Grill"}, "geometry": {"type": "LineString", "coordinates": [[-75.487056, 10.391217], [-75.4870255, 10.3911443], [-75.4870839, 10.3911206], [-75.4871144, 10.3911933], [-75.487056, 10.391217]]}}, {"type": "Feature", "id": 1218118232, "properties": {"amenity": "restaurant", "building": "yes", "building:levels": "1", "name": "Restaurante El Santuario"}, "geometry": {"type": "Polygon", "coordinates": [[[-75.4873471, 10.3901843], [-75.4874451, 10.3900881], [-75.4874698, 10.3900637], [-75.4875191, 10.3901147], [-75.487494, 10.3901366], [-75.487395, 10.3902294], [-75.4873471, 10.3901843]]]}}, {"type": "Feature", "id": 1218864518, "properties": {"amenity": "restaurant", "cuisine": "chinese", "level": "1", "name": "Restaurante Kam Lee Loy 金利来"}, "geometry": {"type": "LineString", "coordinates": [[-75.4874372, 10.3923979], [-75.4874524, 10.3923492], [-75.4874943, 10.3923682], [-75.4874786, 10.3924158], [-75.4874372, 10.3923979]]}}, {"type": "Feature", "id": 1219041289, "properties": {"amenity": "restaurant", "building": "house", "building:levels": "1", "name": "Restaurante El Sabor del Novillo Rojo"}, "geometry": {"type": "Polygon", "coordinates": [[[-75.4855673, 10.3885793], [-75.4856658, 10.3885708], [-75.4857287, 10.3887289], [-75.4857015, 10.3887304], [-75.4855819, 10.3887416], [-75.4855673, 10.3885793]]]}}, {"type": "Feature", "id": 1220174851, "properties": {"amenity": "restaurant", "building": "house", "building:levels": "1", "name": "El Totumazo de Mayeya"}, "geometry": {"type": "Polygon", "coordinates": [[[-75.4857905, 10.3892046], [-75.4858052, 10.3890225], [-75.4858909, 10.3890292], [-75.4858762, 10.3892113], [-75.4857905, 10.3892046]]]}}, {"type": "Feature", "id": 1220424214, "properties": {"amenity": "restaurant", "level": "1", "name": "Restaurante y Comidas Rápidas Donde Jairo"}, "geometry": {"type": "LineString", "coordinates": [[-75.4848553, 10.3910136], [-75.4848858, 10.3910293], [-75.4848452, 10.3911058], [-75.4848147, 10.3910901], [-75.4848553, 10.3910136]]}}, {"type": "Feature", "id": 1220424228, "properties": {"amenity": "restaurant", "cuisine": "pizza", "level": "1", "name": "La Fiore Pizza"}, "geometry": {"type": "LineString", "coordinates": [[-75.4844566, 10.3909059], [-75.48451, 10.390803], [-75.4845475, 10.3908218], [-75.4844927, 10.3909245], [-75.4844566, 10.3909059]]}}, {"type": "Feature", "id": 1221219804, "properties": {"amenity": "restaurant", "building": "house", "building:levels": "1", "name": "Parrilla Express La Llamita"}, "geometry": {"type": "Polygon", "coordinates": [[[-75.4814775, 10.3893424], [-75.4814639, 10.3893926], [-75.4815556, 10.3894222], [-75.4816258, 10.3892361], [-75.4815238, 10.3892029], [-75.4814846, 10.389321], [-75.4814775, 10.3893424]]]}}, {"type": "Feature", "id": 1221394477, "properties": {"amenity": "restaurant", "cuisine": "chinese", "level": "1", "name": "Restaurante Jumbo 珍寶酒家"}, "geometry": {"type": "LineString", "coordinates": [[-75.4814532, 10.3887454], [-75.4815497, 10.3887783], [-75.4815218, 10.3888638], [-75.4815131, 10.388861], [-75.4814254, 10.3888322], [-75.4814532, 10.3887454]]}}, {"type": "Feature", "id": 1223621918, "properties": {"amenity": "restaurant", "building": "house", "building:levels": "1", "name": "Piqueteadero \"Delicerdo\""}, "geometry": {"type": "Polygon", "coordinates": [[[-75.4822878, 10.3875428], [-75.4823135, 10.387469], [-75.4822452, 10.3874441], [-75.482218, 10.3874342], [-75.4821916, 10.3874246], [-75.4821097, 10.3873949], [-75.4820819, 10.38747], [-75.4822878, 10.3875428]]]}}, {"type": "Feature", "id": 1227053178, "properties": {"amenity": "restaurant", "building": "house", "building:levels": "1", "name": "Estación 77"}, "geometry": {"type": "Polygon", "coordinates": [[[-75.4826415, 10.3869819], [-75.4826665, 10.3868296], [-75.4827014, 10.3868079], [-75.4827718, 10.3869523], [-75.4828049, 10.3870256], [-75.482768, 10.3870178], [-75.4827077, 10.3870051], [-75.4826415, 10.3869819]]]}}, {"type": "Feature", "id": 1227356014, "properties": {"amenity": "restaurant", "level": "1", "name": "Restaurante Típico y Sabroso: La Sazón de Anita"}, "geometry": {"type": "LineString", "coordinates": [[-75.4972204, 10.3795791], [-75.4972444, 10.3795273], [-75.4972034, 10.3795087], [-75.4971792, 10.3795605], [-75.4972204, 10.3795791]]}}, {"type": "Feature", "id": 1228519864, "properties": {"amenity": "restaurant", "cuisine": "chinese", "level": "1", "name": "Restaurante Feliz China Nuevo"}, "geometry": {"type": "LineString", "coordinates": [[-75.4969242, 10.3800964], [-75.4969846, 10.3801248], [-75.497008, 10.3800739], [-75.4969906, 10.3800657], [-75.4969488, 10.380046], [-75.4969242, 10.3800964]]}}, {"type": "Feature", "id": 1228519867, "properties": {"amenity": "restaurant", "level": "1", "name": "Asadero y Restaurante La Llama Roja"}, "geometry": {"type": "LineString", "coordinates": [[-75.4968525, 10.3802429], [-75.4968287, 10.3802919], [-75.4968756, 10.380314], [-75.4968994, 10.3802651], [-75.4968525, 10.3802429]]}}, {"type": "Feature", "id": 1265903117, "properties": {"amenity": "restaurant", "contact:instagram": "https://www.instagram.com/lafaktoriabistro", "cuisine": "pizza", "level": "1", "name": "La Faktoria Bistro", "phone": "+57 300 2972503"}, "geometry": {"type": "LineString", "coordinates": [[-75.5018537, 10.3883205], [-75.5018138, 10.3883465], [-75.5018087, 10.3883389], [-75.5017975, 10.3883222], [-75.5018141, 10.3883111], [-75.501837, 10.3882968], [-75.5018537, 10.3883205]]}}, {"type": "Feature", "id": 1265903189, "properties": {"amenity": "restaurant", "building": "yes", "building:levels": "1", "name": "El Poblado"}, "geometry": {"type": "Polygon", "coordinates": [[[-75.5001874, 10.3887054], [-75.5000806, 10.3887226], [-75.5000489, 10.3885317], [-75.5001557, 10.3885146], [-75.500178, 10.3886491], [-75.5001874, 10.3887054]]]}}, {"type": "Feature", "id": 1265903190, "properties": {"amenity": "restaurant", "building": "yes", "building:levels": "1", "name": "El Centro Gastro-Bar"}, "geometry": {"type": "Polygon", "coordinates": [[[-75.5001557, 10.3885146], [-75.5002086, 10.3885061], [-75.5002318, 10.3885024], [-75.500254, 10.3886369], [-75.500178, 10.3886491], [-75.5001557, 10.3885146]]]}}, {"type": "Feature", "id": 1266223698, "properties": {"amenity": "restaurant", "contact:mobile": "+57 321 5622422", "cuisine": "burger;steak_house;picada", "level": "1", "name": "Corralito Food & Drink"}, "geometry": {"type": "LineString", "coordinates": [[-75.5006024, 10.3872973], [-75.5005898, 10.3872304], [-75.5005423, 10.3872391], [-75.5005549, 10.3873059], [-75.5006024, 10.3872973]]}}, {"type": "Feature", "id": 1272617274, "properties": {"amenity": "restaurant", "building": "yes", "name": "Alan brasa"}, "geometry": {"type": "Polygon", "coordinates": [[[-75.4885056, 10.3983665], [-75.4884496, 10.398414], [-75.4883543, 10.3983051], [-75.4884103, 10.3982576], [-75.4885056, 10.3983665]]]}}, {"type": "Feature", "id": 1306938932, "properties": {"amenity": "restaurant", "cuisine": "barbecue;pizza;chicken", "name": "Asados Al Carbón El Poyote Grilled"}, "geometry": {"type": "LineString", "coordinates": [[-75.4956448, 10.3875786], [-75.4956504, 10.3876143], [-75.4956572, 10.3876579], [-75.4957517, 10.3876436], [-75.4957393, 10.3875642], [-75.4957089, 10.3875688], [-75.4956448, 10.3875786]]}}, {"type": "Feature", "id": 1350786987, "properties": {"amenity": "restaurant", "contact:instagram": "https://www.instagram.com/dondechef", "contact:whatsapp": "+573054421264", "indoor": "yes", "level": "1", "outdoor": "yes"}, "geometry": {"type": "LineString", "coordinates": [[-75.4924698, 10.3895929], [-75.4924942, 10.3896183], [-75.4925652, 10.3895485], [-75.4925293, 10.3895116], [-75.4924571, 10.3895799], [-75.4924698, 10.3895929]]}}, {"type": "Feature", "id": 1352388366, "properties": {"amenity": "restaurant", "cuisine": "chicken;friture", "name": "Delipaco"}, "geometry": {"type": "LineString", "coordinates": [[-75.5046023, 10.3919547], [-75.5046204, 10.3920528], [-75.5046226, 10.392065], [-75.5046043, 10.3920684], [-75.5044613, 10.3920952], [-75.5044838, 10.3919559], [-75.5045145, 10.3919556], [-75.5046023, 10.3919547]]}}, {"type": "Feature", "id": 1352843920, "properties": {"amenity": "restaurant", "level": "1", "name": "Delicias El Gran Sabor"}, "geometry": {"type": "LineString", "coordinates": [[-75.5058125, 10.3930629], [-75.5057799, 10.3930086], [-75.5058201, 10.3929853], [-75.5058527, 10.3930396], [-75.5058125, 10.3930629]]}}, {"type": "Feature", "id": 1355243776, "properties": {"amenity": "restaurant", "cuisine": "regional", "indoor": "yes", "level": "1", "name": "Bazurtico"}, "geometry": {"type": "LineString", "coordinates": [[-75.5042927, 10.3922824], [-75.5042795, 10.3922025], [-75.504164, 10.392221], [-75.5041772, 10.3923009], [-75.5042927, 10.3922824]]}}, {"type": "Feature", "id": 1359875197, "properties": {"amenity": "restaurant", "cuisine": "regional;pizza;steak_house;arepa", "indoor": "room", "level": "1", "name": "Restaurante Bar 20•21"}, "geometry": {"type": "LineString", "coordinates": [[-75.5054282, 10.390069], [-75.5055154, 10.390055], [-75.505527, 10.3900497], [-75.5055386, 10.3900418], [-75.5055476, 10.3900259], [-75.5055485, 10.3900145], [-75.5055076, 10.3899474], [-75.5054752, 10.3899607], [-75.5053888, 10.389995], [-75.5054189, 10.3900517], [-75.5054282, 10.390069]]}}, {"type": "Feature", "id": 1360283292, "properties": {"amenity": "restaurant", "cuisine": "chinese", "indoor": "room", "level": "1", "name": "Restaurante Fong Xing China"}, "geometry": {"type": "LineString", "coordinates": [[-75.5037075, 10.3909644], [-75.5037143, 10.3910058], [-75.503781, 10.3909953], [-75.5037742, 10.390954], [-75.5037075, 10.3909644]]}}, {"type": "Feature", "id": 1363184219, "properties": {"amenity": "restaurant", "level": "1", "name": "Tu Punto Llanero", "operator": "Tu Punto Llanero"}, "geometry": {"type": "LineString", "coordinates": [[-75.5033497, 10.3901951], [-75.5033342, 10.3901976], [-75.5033216, 10.3901214], [-75.5034141, 10.3901066], [-75.5034267, 10.3901828], [-75.5033895, 10.3901887], [-75.5033497, 10.3901951]]}}, {"type": "Feature", "id": 1363458270, "properties": {"amenity": "restaurant", "indoor": "room", "level": "1", "name": "El Punto Clave del Sabor"}, "geometry": {"type": "LineString", "coordinates": [[-75.5033468, 10.3899403], [-75.5034108, 10.3899293], [-75.5034054, 10.389899], [-75.5033414, 10.38991], [-75.5033468, 10.3899403]]}}, {"type": "Feature", "id": 1363623711, "properties": {"amenity": "restaurant", "cuisine": "barbecue", "indoor": "room", "level": "1", "name": "Parrillada El Paisa"}, "geometry": {"type": "LineString", "coordinates": [[-75.5035242, 10.3912579], [-75.5034988, 10.3912614], [-75.5034931, 10.3912208], [-75.5035185, 10.3912173], [-75.5035242, 10.3912579]]}}, {"type": "Feature", "id": 1364471708, "properties": {"amenity": "restaurant", "indoor": "room", "level": "1", "name": "Black House"}, "geometry": {"type": "LineString", "coordinates": [[-75.4936077, 10.3902072], [-75.4935617, 10.3902152], [-75.4935454, 10.3901298], [-75.4935368, 10.3900845], [-75.4935827, 10.390076], [-75.4935914, 10.3901214], [-75.4936077, 10.3902072]]}}, {"type": "Feature", "id": 1364919791, "properties": {"amenity": "restaurant", "cuisine": "mexican", "indoor": "room", "level": "1ww", "name": "Burritos Ctg"}, "geometry": {"type": "LineString", "coordinates": [[-75.4979182, 10.3919223], [-75.4979684, 10.3919129], [-75.4979625, 10.3918826], [-75.4979124, 10.391892], [-75.4979182, 10.3919223]]}}, {"type": "Feature", "id": 1364919792, "properties": {"amenity": "restaurant", "cuisine": "pizza", "indoor": "room", "level": "1", "name": "Pizzas Mono Dogs"}, "geometry": {"type": "LineString", "coordinates": [[-75.4979182, 10.3919223], [-75.4979684, 10.3919129], [-75.4980286, 10.3919016], [-75.4980336, 10.3919274], [-75.4979232, 10.391948], [-75.4979182, 10.3919223]]}}, {"type": "Feature", "id": 1365640987, "properties": {"amenity": "restaurant", "indoor": "room", "level": "1"}, "geometry": {"type": "LineString", "coordinates": [[-75.4951935, 10.3929827], [-75.4951865, 10.3929445], [-75.4951207, 10.3929557], [-75.4951275, 10.3929945], [-75.4951935, 10.3929827]]}}, {"type": "Feature", "id": 1365682119, "properties": {"amenity": "restaurant", "level": "2", "name": "Mil Carnes Bar & Grill", "room": "indoor"}, "geometry": {"type": "LineString", "coordinates": [[-75.4929463, 10.3902407], [-75.492902, 10.3902487], [-75.4929096, 10.3902899], [-75.4929125, 10.3903055], [-75.4929569, 10.3902976], [-75.492954, 10.3902821], [-75.4929463, 10.3902407]]}}, {"type": "Feature", "id": 1367209339, "properties": {"amenity": "restaurant", "indoor": "room", "level": "1", "name": "Refresquería"}, "geometry": {"type": "LineString", "coordinates": [[-75.491171, 10.3918458], [-75.491163, 10.391795], [-75.4911877, 10.3917912], [-75.4911957, 10.391842], [-75.491171, 10.3918458]]}}, {"type": "Feature", "id": 1367209351, "properties": {"amenity": "restaurant", "indoor": "room", "level": "1", "name": "Los Chicharrones de Turbaco"}, "geometry": {"type": "LineString", "coordinates": [[-75.4907362, 10.39076], [-75.4906811, 10.3907683], [-75.490668, 10.3906847], [-75.4906657, 10.3906696], [-75.4907204, 10.3906611], [-75.4907231, 10.3906763], [-75.4907362, 10.39076]]}}, {"type": "Feature", "id": 1367260911, "properties": {"amenity": "restaurant", "indoor": "room", "level": "1", "name": "Nancy Healthy"}, "geometry": {"type": "LineString", "coordinates": [[-75.4927542, 10.3903482], [-75.4927125, 10.3903556], [-75.4926976, 10.390275], [-75.4926925, 10.3902473], [-75.4927342, 10.3902398], [-75.4927394, 10.3902676], [-75.4927542, 10.3903482]]}}, {"type": "Feature", "id": 1367260913, "properties": {"amenity": "restaurant", "indoor": "room", "level": "4", "name": "Serena Rooftop"}, "geometry": {"type": "LineString", "coordinates": [[-75.4928242, 10.3903789], [-75.4928165, 10.3903371], [-75.4927542, 10.3903482], [-75.4927125, 10.3903556], [-75.4926742, 10.3903625], [-75.4926819, 10.3904043], [-75.4928242, 10.3903789]]}}, {"type": "Feature", "id": 1368281772, "properties": {"amenity": "restaurant", "building": "yes", "building:levels": "2", "name": "Brasa & Barril"}, "geometry": {"type": "Polygon", "coordinates": [[[-75.4903608, 10.3908123], [-75.4902772, 10.3908214], [-75.4902925, 10.3909765], [-75.4903885, 10.3909629], [-75.4903608, 10.3908123]]]}}, {"type": "Feature", "id": 1369382720, "properties": {"amenity": "restaurant", "indoor": "room", "level": "1", "name": "Restaurante & Congelados Toty"}, "geometry": {"type": "LineString", "coordinates": [[-75.4887981, 10.391025], [-75.4888186, 10.3910843], [-75.4888154, 10.3910967], [-75.4888568, 10.3911071], [-75.4889, 10.3911165], [-75.4889171, 10.3910511], [-75.4889129, 10.391043], [-75.4888967, 10.3910119], [-75.4888862, 10.3909916], [-75.4887981, 10.391025]]}}, {"type": "Feature", "id": 1369382741, "properties": {"amenity": "restaurant", "indoor": "room", "level": "1", "name": "Cipote Mondongo"}, "geometry": {"type": "LineString", "coordinates": [[-75.4897705, 10.3907816], [-75.489767, 10.3907962], [-75.4897494, 10.3908691], [-75.4897406, 10.3909056], [-75.4896561, 10.3908921], [-75.4896652, 10.3908499], [-75.4896754, 10.3908025], [-75.4896788, 10.3907866], [-75.4897705, 10.3907816]]}}, {"type": "Feature", "id": 1369414046, "properties": {"amenity": "restaurant", "indoor": "room", "level": "1w", "name": "Cali Chuletas"}, "geometry": {"type": "LineString", "coordinates": [[-75.4895639, 10.3935036], [-75.4895323, 10.393488], [-75.4895468, 10.3934582], [-75.4895574, 10.3934365], [-75.4895894, 10.3934523], [-75.4895639, 10.3935036]]}}, {"type": "Feature", "id": 1381474097, "properties": {"amenity": "restaurant", "indoor": "room", "level": "1", "name": "Capital Casual Food & 3 Cuates Mexican Food", "website": "https://linktr.ee/3cuatesycapital"}, "geometry": {"type": "LineString", "coordinates": [[-75.5007418, 10.387509], [-75.5006913, 10.3875177], [-75.500688, 10.3874992], [-75.5006714, 10.387502], [-75.500655, 10.3874094], [-75.500722, 10.3873979], [-75.5007418, 10.387509]]}}, {"type": "Feature", "id": 1391727917, "properties": {"amenity": "restaurant", "cuisine": "barbecue", "indoor": "room", "level": "1", "name": "Deli Carbón"}, "geometry": {"type": "LineString", "coordinates": [[-75.4969143, 10.3958929], [-75.4968162, 10.3958652], [-75.4968298, 10.3958186], [-75.4969279, 10.3958463], [-75.4969143, 10.3958929]]}}, {"type": "Feature", "id": 1391910770, "properties": {"amenity": "restaurant", "cuisine": "regional", "indoor": "room", "level": "1", "name": "Restaurante Sabor Costeño"}, "geometry": {"type": "LineString", "coordinates": [[-75.4966487, 10.3956868], [-75.4966861, 10.3955594], [-75.4966416, 10.3955467], [-75.4966042, 10.3956741], [-75.4966487, 10.3956868]]}}, {"type": "Feature", "id": 1392249590, "properties": {"amenity": "restaurant", "cuisine": "regional;barbecue", "indoor": "room", "level": "1", "name": "Restaurante y Asadero Totumazos"}, "geometry": {"type": "LineString", "coordinates": [[-75.4992083, 10.3944639], [-75.4990991, 10.3944328], [-75.4990885, 10.3944685], [-75.4990845, 10.3944823], [-75.4990703, 10.3945307], [-75.4991795, 10.3945619], [-75.4992083, 10.3944639]]}}, {"type": "Feature", "id": 1392249591, "properties": {"amenity": "restaurant", "cuisine": "barbecue", "indoor": "room", "level": "1", "name": "Asados Mateo"}, "geometry": {"type": "LineString", "coordinates": [[-75.4989742, 10.3944361], [-75.4990885, 10.3944685], [-75.4990845, 10.3944823], [-75.4990703, 10.3945307], [-75.4989559, 10.3944983], [-75.4989702, 10.3944496], [-75.4989742, 10.3944361]]}}, {"type": "Feature", "id": 1408663545, "properties": {"amenity": "restaurant", "indoor": "room", "level": "1", "name": "Piqueteadero El Pastik"}, "geometry": {"type": "LineString", "coordinates": [[-75.4984706, 10.3966408], [-75.4984883, 10.3965775], [-75.4986066, 10.3966097], [-75.4985783, 10.3967062], [-75.4984706, 10.3966408]]}}, {"type": "Feature", "id": 1412253332, "properties": {"amenity": "restaurant", "indoor": "room", "level": "1", "name": "Terraza y Restaurante Jeysson"}, "geometry": {"type": "LineString", "coordinates": [[-75.5036418, 10.3918978], [-75.5036507, 10.3919627], [-75.5037177, 10.3919524], [-75.5037508, 10.3919473], [-75.5037407, 10.3918834], [-75.5037079, 10.3918882], [-75.5036418, 10.3918978]]}}, {"type": "Feature", "id": 1412800760, "properties": {"amenity": "restaurant", "building": "yes", "name": "Restaurante La Niña"}, "geometry": {"type": "Polygon", "coordinates": [[[-75.5040126, 10.3940497], [-75.5040121, 10.3940647], [-75.5040113, 10.3940901], [-75.503942, 10.3940895], [-75.5039424, 10.3940623], [-75.5040126, 10.3940497]]]}}, {"type": "Feature", "id": 1413315351, "properties": {"amenity": "restaurant", "building": "yes", "building:levels": "1", "cuisine": "chinese", "name": "Restaurante Lindo Xin 美 心 酒 家"}, "geometry": {"type": "Polygon", "coordinates": [[[-75.5043066, 10.3940915], [-75.5042933, 10.394008], [-75.5044143, 10.3939884], [-75.504477, 10.3939782], [-75.5044973, 10.3940595], [-75.5043986, 10.394076], [-75.5043066, 10.3940915]]]}}, {"type": "Feature", "id": 1413315378, "properties": {"amenity": "restaurant", "contact:instagram": "www.instagram.com/shekinah_grill_restaurant", "indoor": "room", "level": "1", "name": "Shekinah Grill Restaurant"}, "geometry": {"type": "LineString", "coordinates": [[-75.5042936, 10.3942161], [-75.5043255, 10.3942108], [-75.5044519, 10.3941902], [-75.5044604, 10.3942312], [-75.5043321, 10.3942524], [-75.5043008, 10.3942577], [-75.5042936, 10.3942161]]}}, {"type": "Feature", "id": 1474214989, "properties": {"amenity": "restaurant", "building": "house", "building:levels": "1", "cuisine": "chinese", "name": "Restaurante Costa China"}, "geometry": {"type": "Polygon", "coordinates": [[[-75.4801762, 10.3923828], [-75.4800857, 10.3923494], [-75.4800278, 10.392501], [-75.4801185, 10.3925346], [-75.4801762, 10.3923828]]]}}, {"type": "Feature", "id": 1476016066, "properties": {"amenity": "restaurant", "building": "yes", "building:levels": "1", "name": "Restaurante Regiones"}, "geometry": {"type": "Polygon", "coordinates": [[[-75.4787526, 10.3932998], [-75.4787659, 10.3932635], [-75.4787913, 10.3931941], [-75.478716, 10.393167], [-75.478664, 10.3932269], [-75.4786369, 10.3932581], [-75.4787526, 10.3932998]]]}}, {"type": "Feature", "id": 1476346856, "properties": {"amenity": "restaurant", "cuisine": "seafood", "indoor": "room", "level": "1", "name": "Mr Camarón", "opening_hours": "Tu-Su 16:00-21:00"}, "geometry": {"type": "LineString", "coordinates": [[-75.4772972, 10.3948243], [-75.477303, 10.3948348], [-75.477355, 10.3949287], [-75.4773331, 10.3949393], [-75.4773147, 10.3949482], [-75.4772651, 10.3948553], [-75.4772972, 10.3948243]]}}, {"type": "Feature", "id": 1480276221, "properties": {"amenity": "restaurant", "indoor": "room", "name": "Ke Riko"}, "geometry": {"type": "LineString", "coordinates": [[-75.478831, 10.391693], [-75.4788572, 10.3916587], [-75.4788934, 10.3916844], [-75.478925, 10.3917069], [-75.4788974, 10.3917399], [-75.4788661, 10.3917176], [-75.478831, 10.391693]]}}, {"type": "Feature", "id": 1494497146, "properties": {"amenity": "restaurant", "building": "house", "cuisine": "chicken", "name": "Piko Riko"}, "geometry": {"type": "Polygon", "coordinates": [[[-75.4825288, 10.3927165], [-75.4824428, 10.3926656], [-75.4825105, 10.3925543], [-75.482597, 10.3926051], [-75.4825288, 10.3927165]]]}}, {"type": "Feature", "id": 1515073925, "properties": {"amenity": "restaurant", "name": "El Rincón del Sabor"}, "geometry": {"type": "LineString", "coordinates": [[-75.4855746, 10.3930097], [-75.4856672, 10.3929627], [-75.4856765, 10.3929801], [-75.4857774, 10.3931689], [-75.4857336, 10.3931911], [-75.4856815, 10.3932175], [-75.4855836, 10.3930272], [-75.4855746, 10.3930097]]}}, {"type": "Feature", "id": 1518375979, "properties": {"amenity": "restaurant", "building": "yes"}, "geometry": {"type": "Polygon", "coordinates": [[[-75.4844112, 10.3938106], [-75.4843732, 10.3937965], [-75.4843867, 10.393761], [-75.4844248, 10.393775], [-75.4844112, 10.3938106]]]}}]}